

Microchip MPLAB XC8 Assembler V3.10 build 20250813170317 
                                                                                               Sun Apr 19 12:46:50 2026

Microchip MPLAB XC8 C Compiler v3.10 (Free license) build 20250813170317 Og1 
     1                           	processor	18F4580
     2                           	fnconf	rparam,??,?,0
     3                           	pagewidth 120
     4                           	opt	flic
     5                           	psect	idataCOMRAM,global,class=CODE,space=0,delta=1,noexec
     6                           	psect	cinit,global,reloc=2,class=CODE,space=0,delta=1
     7                           	psect	bssCOMRAM,global,class=COMRAM,space=1,delta=1,lowdata,noexec
     8                           	psect	dataCOMRAM,global,class=COMRAM,space=1,delta=1,lowdata,noexec
     9                           	psect	cstackCOMRAM,global,class=COMRAM,space=1,delta=1,lowdata,noexec
    10                           	psect	text0,global,reloc=2,class=CODE,space=0,delta=1
    11                           	psect	text1,global,reloc=2,class=CODE,space=0,delta=1
    12                           	psect	text2,global,reloc=2,class=CODE,space=0,delta=1
    13                           	psect	text3,global,reloc=2,class=CODE,space=0,delta=1
    14                           	psect	text4,global,reloc=2,class=CODE,space=0,delta=1
    15                           	psect	text5,global,reloc=2,class=CODE,space=0,delta=1
    16                           	psect	text6,global,reloc=2,class=CODE,space=0,delta=1
    17                           	psect	text7,global,reloc=2,class=CODE,space=0,delta=1
    18                           	psect	text8,global,reloc=2,class=CODE,space=0,delta=1
    19                           	psect	text9,global,reloc=2,class=CODE,space=0,delta=1
    20                           	psect	text10,global,reloc=2,class=CODE,space=0,delta=1
    21                           	psect	text11,global,reloc=2,class=CODE,space=0,delta=1,group=1
    22                           	psect	text12,global,reloc=2,class=CODE,space=0,delta=1,group=1
    23                           	psect	text13,global,reloc=2,class=CODE,space=0,delta=1,group=1
    24                           	psect	text14,global,reloc=2,class=CODE,space=0,delta=1,group=1
    25                           	psect	smallconst,global,reloc=2,class=SMALLCONST,space=0,delta=1,noexec
    26                           	psect	intsave_regs,global,class=BIGRAM,space=1,delta=1,noexec
    27                           	psect	rparam,global,class=COMRAM,space=1,delta=1,noexec
    28                           	psect	idloc,global,abs,ovrld,class=IDLOC,space=5,delta=1,noexec
    29                           	psect	config,global,abs,ovrld,class=CONFIG,space=4,delta=1,noexec
    30   000000                     
    31                           ; Version 2.40
    32                           ; Generated 17/11/2021 GMT
    33                           ; 
    34                           ; Copyright © 2021, Microchip Technology Inc. and its subsidiaries ("Microchip")
    35                           ; All rights reserved.
    36                           ; 
    37                           ; This software is developed by Microchip Technology Inc. and its subsidiaries ("Microch
      +                          ip").
    38                           ; 
    39                           ; Redistribution and use in source and binary forms, with or without modification, are
    40                           ; permitted provided that the following conditions are met:
    41                           ; 
    42                           ;     1. Redistributions of source code must retain the above copyright notice, this lis
      +                          t of
    43                           ;        conditions and the following disclaimer.
    44                           ; 
    45                           ;     2. Redistributions in binary form must reproduce the above copyright notice, this 
      +                          list
    46                           ;        of conditions and the following disclaimer in the documentation and/or other
    47                           ;        materials provided with the distribution. Publication is not required when
    48                           ;        this file is used in an embedded application.
    49                           ; 
    50                           ;     3. Microchip's name may not be used to endorse or promote products derived from th
      +                          is
    51                           ;        software without specific prior written permission.
    52                           ; 
    53                           ; THIS SOFTWARE IS PROVIDED BY MICROCHIP "AS IS" AND ANY EXPRESS OR IMPLIED WARRANTIES,
    54                           ; INCLUDING, BUT NOT LIMITED TO, THE IMPLIED WARRANTIES OF MERCHANTABILITY AND FITNESS F
      +                          OR
    55                           ; PURPOSE ARE DISCLAIMED.  IN NO EVENT SHALL MICROCHIP BE LIABLE FOR ANY DIRECT, INDIREC
      +                          T,
    56                           ; INCIDENTAL, SPECIAL, EXEMPLARY, OR CONSEQUENTIAL DAMAGES (INCLUDING BUT NOT LIMITED TO
    57                           ; PROCUREMENT OF SUBSTITUTE GOODS OR SERVICES; LOSS OF USE, DATA OR PROFITS; OR BUSINESS
    58                           ; INTERRUPTION) HOWSOEVER CAUSED AND ON ANY THEORY OF LIABILITY, WHETHER IN CONTRACT, ST
      +                          RICT
    59                           ; LIABILITY, OR TORT (INCLUDING NEGLIGENCE OR OTHERWISE) ARISING IN ANY WAY OUT OF THE U
      +                          SE OF
    60                           ; THIS SOFTWARE, EVEN IF ADVISED OF THE POSSIBILITY OF SUCH DAMAGE.
    61                           ; 
    62                           ; 
    63                           ; Code-generator required, PIC18F4580 Definitions
    64                           ; 
    65                           ; SFR Addresses
    66   000FE0                     bsr             equ	4064
    67   000FE9                     fsr0            equ	4073
    68   000FEA                     fsr0h           equ	4074
    69   000FE9                     fsr0l           equ	4073
    70   000FE1                     fsr1            equ	4065
    71   000FE2                     fsr1h           equ	4066
    72   000FE1                     fsr1l           equ	4065
    73   000FD9                     fsr2            equ	4057
    74   000FDA                     fsr2h           equ	4058
    75   000FD9                     fsr2l           equ	4057
    76   000FEF                     indf0           equ	4079
    77   000FE7                     indf1           equ	4071
    78   000FDF                     indf2           equ	4063
    79   000FF2                     intcon          equ	4082
    80   000000                     nvmcon          equ	0
    81   000FF9                     pcl             equ	4089
    82   000FFA                     pclath          equ	4090
    83   000FFB                     pclatu          equ	4091
    84   000FEB                     plusw0          equ	4075
    85   000FE3                     plusw1          equ	4067
    86   000FDB                     plusw2          equ	4059
    87   000FED                     postdec0        equ	4077
    88   000FE5                     postdec1        equ	4069
    89   000FDD                     postdec2        equ	4061
    90   000FEE                     postinc0        equ	4078
    91   000FE6                     postinc1        equ	4070
    92   000FDE                     postinc2        equ	4062
    93   000FEC                     preinc0         equ	4076
    94   000FE4                     preinc1         equ	4068
    95   000FDC                     preinc2         equ	4060
    96   000FF3                     prod            equ	4083
    97   000FF4                     prodh           equ	4084
    98   000FF3                     prodl           equ	4083
    99   000FD8                     status          equ	4056
   100   000FF5                     tablat          equ	4085
   101   000FF6                     tblptr          equ	4086
   102   000FF7                     tblptrh         equ	4087
   103   000FF6                     tblptrl         equ	4086
   104   000FF8                     tblptru         equ	4088
   105   000FFD                     tosl            equ	4093
   106   000FE8                     wreg            equ	4072
   107   000D60                     RXF6SIDH        equ	3424	;# 
   108   000D61                     RXF6SIDL        equ	3425	;# 
   109   000D62                     RXF6EIDH        equ	3426	;# 
   110   000D63                     RXF6EIDL        equ	3427	;# 
   111   000D64                     RXF7SIDH        equ	3428	;# 
   112   000D65                     RXF7SIDL        equ	3429	;# 
   113   000D66                     RXF7EIDH        equ	3430	;# 
   114   000D67                     RXF7EIDL        equ	3431	;# 
   115   000D68                     RXF8SIDH        equ	3432	;# 
   116   000D69                     RXF8SIDL        equ	3433	;# 
   117   000D6A                     RXF8EIDH        equ	3434	;# 
   118   000D6B                     RXF8EIDL        equ	3435	;# 
   119   000D70                     RXF9SIDH        equ	3440	;# 
   120   000D71                     RXF9SIDL        equ	3441	;# 
   121   000D72                     RXF9EIDH        equ	3442	;# 
   122   000D73                     RXF9EIDL        equ	3443	;# 
   123   000D74                     RXF10SIDH       equ	3444	;# 
   124   000D75                     RXF10SIDL       equ	3445	;# 
   125   000D76                     RXF10EIDH       equ	3446	;# 
   126   000D77                     RXF10EIDL       equ	3447	;# 
   127   000D78                     RXF11SIDH       equ	3448	;# 
   128   000D79                     RXF11SIDL       equ	3449	;# 
   129   000D7A                     RXF11EIDH       equ	3450	;# 
   130   000D7B                     RXF11EIDL       equ	3451	;# 
   131   000D80                     RXF12SIDH       equ	3456	;# 
   132   000D81                     RXF12SIDL       equ	3457	;# 
   133   000D82                     RXF12EIDH       equ	3458	;# 
   134   000D83                     RXF12EIDL       equ	3459	;# 
   135   000D84                     RXF13SIDH       equ	3460	;# 
   136   000D85                     RXF13SIDL       equ	3461	;# 
   137   000D86                     RXF13EIDH       equ	3462	;# 
   138   000D87                     RXF13EIDL       equ	3463	;# 
   139   000D88                     RXF14SIDH       equ	3464	;# 
   140   000D89                     RXF14SIDL       equ	3465	;# 
   141   000D8A                     RXF14EIDH       equ	3466	;# 
   142   000D8B                     RXF14EIDL       equ	3467	;# 
   143   000D90                     RXF15SIDH       equ	3472	;# 
   144   000D91                     RXF15SIDL       equ	3473	;# 
   145   000D92                     RXF15EIDH       equ	3474	;# 
   146   000D93                     RXF15EIDL       equ	3475	;# 
   147   000DD4                     RXFCON0         equ	3540	;# 
   148   000DD5                     RXFCON1         equ	3541	;# 
   149   000DD8                     SDFLC           equ	3544	;# 
   150   000DE0                     RXFBCON0        equ	3552	;# 
   151   000DE1                     RXFBCON1        equ	3553	;# 
   152   000DE2                     RXFBCON2        equ	3554	;# 
   153   000DE3                     RXFBCON3        equ	3555	;# 
   154   000DE4                     RXFBCON4        equ	3556	;# 
   155   000DE5                     RXFBCON5        equ	3557	;# 
   156   000DE6                     RXFBCON6        equ	3558	;# 
   157   000DE7                     RXFBCON7        equ	3559	;# 
   158   000DF0                     MSEL0           equ	3568	;# 
   159   000DF1                     MSEL1           equ	3569	;# 
   160   000DF2                     MSEL2           equ	3570	;# 
   161   000DF3                     MSEL3           equ	3571	;# 
   162   000DF8                     BSEL0           equ	3576	;# 
   163   000DFA                     BIE0            equ	3578	;# 
   164   000DFC                     TXBIE           equ	3580	;# 
   165   000E20                     B0CON           equ	3616	;# 
   166   000E21                     B0SIDH          equ	3617	;# 
   167   000E22                     B0SIDL          equ	3618	;# 
   168   000E23                     B0EIDH          equ	3619	;# 
   169   000E24                     B0EIDL          equ	3620	;# 
   170   000E25                     B0DLC           equ	3621	;# 
   171   000E26                     B0D0            equ	3622	;# 
   172   000E27                     B0D1            equ	3623	;# 
   173   000E28                     B0D2            equ	3624	;# 
   174   000E29                     B0D3            equ	3625	;# 
   175   000E2A                     B0D4            equ	3626	;# 
   176   000E2B                     B0D5            equ	3627	;# 
   177   000E2C                     B0D6            equ	3628	;# 
   178   000E2D                     B0D7            equ	3629	;# 
   179   000E2E                     CANSTAT_RO9     equ	3630	;# 
   180   000E2F                     CANCON_RO9      equ	3631	;# 
   181   000E30                     B1CON           equ	3632	;# 
   182   000E31                     B1SIDH          equ	3633	;# 
   183   000E32                     B1SIDL          equ	3634	;# 
   184   000E33                     B1EIDH          equ	3635	;# 
   185   000E34                     B1EIDL          equ	3636	;# 
   186   000E35                     B1DLC           equ	3637	;# 
   187   000E36                     B1D0            equ	3638	;# 
   188   000E37                     B1D1            equ	3639	;# 
   189   000E38                     B1D2            equ	3640	;# 
   190   000E39                     B1D3            equ	3641	;# 
   191   000E3A                     B1D4            equ	3642	;# 
   192   000E3B                     B1D5            equ	3643	;# 
   193   000E3C                     B1D6            equ	3644	;# 
   194   000E3D                     B1D7            equ	3645	;# 
   195   000E3E                     CANSTAT_RO8     equ	3646	;# 
   196   000E3F                     CANCON_RO8      equ	3647	;# 
   197   000E40                     B2CON           equ	3648	;# 
   198   000E41                     B2SIDH          equ	3649	;# 
   199   000E42                     B2SIDL          equ	3650	;# 
   200   000E43                     B2EIDH          equ	3651	;# 
   201   000E44                     B2EIDL          equ	3652	;# 
   202   000E45                     B2DLC           equ	3653	;# 
   203   000E46                     B2D0            equ	3654	;# 
   204   000E47                     B2D1            equ	3655	;# 
   205   000E48                     B2D2            equ	3656	;# 
   206   000E49                     B2D3            equ	3657	;# 
   207   000E4A                     B2D4            equ	3658	;# 
   208   000E4B                     B2D5            equ	3659	;# 
   209   000E4C                     B2D6            equ	3660	;# 
   210   000E4D                     B2D7            equ	3661	;# 
   211   000E4E                     CANSTAT_RO7     equ	3662	;# 
   212   000E4F                     CANCON_RO7      equ	3663	;# 
   213   000E50                     B3CON           equ	3664	;# 
   214   000E51                     B3SIDH          equ	3665	;# 
   215   000E52                     B3SIDL          equ	3666	;# 
   216   000E53                     B3EIDH          equ	3667	;# 
   217   000E54                     B3EIDL          equ	3668	;# 
   218   000E55                     B3DLC           equ	3669	;# 
   219   000E56                     B3D0            equ	3670	;# 
   220   000E57                     B3D1            equ	3671	;# 
   221   000E58                     B3D2            equ	3672	;# 
   222   000E59                     B3D3            equ	3673	;# 
   223   000E5A                     B3D4            equ	3674	;# 
   224   000E5B                     B3D5            equ	3675	;# 
   225   000E5C                     B3D6            equ	3676	;# 
   226   000E5D                     B3D7            equ	3677	;# 
   227   000E5E                     CANSTAT_RO6     equ	3678	;# 
   228   000E5F                     CANCON_RO6      equ	3679	;# 
   229   000E60                     B4CON           equ	3680	;# 
   230   000E61                     B4SIDH          equ	3681	;# 
   231   000E62                     B4SIDL          equ	3682	;# 
   232   000E63                     B4EIDH          equ	3683	;# 
   233   000E64                     B4EIDL          equ	3684	;# 
   234   000E65                     B4DLC           equ	3685	;# 
   235   000E66                     B4D0            equ	3686	;# 
   236   000E67                     B4D1            equ	3687	;# 
   237   000E68                     B4D2            equ	3688	;# 
   238   000E69                     B4D3            equ	3689	;# 
   239   000E6A                     B4D4            equ	3690	;# 
   240   000E6B                     B4D5            equ	3691	;# 
   241   000E6C                     B4D6            equ	3692	;# 
   242   000E6D                     B4D7            equ	3693	;# 
   243   000E6E                     CANSTAT_RO5     equ	3694	;# 
   244   000E6F                     CANCON_RO5      equ	3695	;# 
   245   000E70                     B5CON           equ	3696	;# 
   246   000E71                     B5SIDH          equ	3697	;# 
   247   000E72                     B5SIDL          equ	3698	;# 
   248   000E73                     B5EIDH          equ	3699	;# 
   249   000E74                     B5EIDL          equ	3700	;# 
   250   000E75                     B5DLC           equ	3701	;# 
   251   000E76                     B5D0            equ	3702	;# 
   252   000E77                     B5D1            equ	3703	;# 
   253   000E78                     B5D2            equ	3704	;# 
   254   000E79                     B5D3            equ	3705	;# 
   255   000E7A                     B5D4            equ	3706	;# 
   256   000E7B                     B5D5            equ	3707	;# 
   257   000E7C                     B5D6            equ	3708	;# 
   258   000E7D                     B5D7            equ	3709	;# 
   259   000E7E                     CANSTAT_RO4     equ	3710	;# 
   260   000E7F                     CANCON_RO4      equ	3711	;# 
   261   000F00                     RXF0SIDH        equ	3840	;# 
   262   000F01                     RXF0SIDL        equ	3841	;# 
   263   000F02                     RXF0EIDH        equ	3842	;# 
   264   000F03                     RXF0EIDL        equ	3843	;# 
   265   000F04                     RXF1SIDH        equ	3844	;# 
   266   000F05                     RXF1SIDL        equ	3845	;# 
   267   000F06                     RXF1EIDH        equ	3846	;# 
   268   000F07                     RXF1EIDL        equ	3847	;# 
   269   000F08                     RXF2SIDH        equ	3848	;# 
   270   000F09                     RXF2SIDL        equ	3849	;# 
   271   000F0A                     RXF2EIDH        equ	3850	;# 
   272   000F0B                     RXF2EIDL        equ	3851	;# 
   273   000F0C                     RXF3SIDH        equ	3852	;# 
   274   000F0D                     RXF3SIDL        equ	3853	;# 
   275   000F0E                     RXF3EIDH        equ	3854	;# 
   276   000F0F                     RXF3EIDL        equ	3855	;# 
   277   000F10                     RXF4SIDH        equ	3856	;# 
   278   000F11                     RXF4SIDL        equ	3857	;# 
   279   000F12                     RXF4EIDH        equ	3858	;# 
   280   000F13                     RXF4EIDL        equ	3859	;# 
   281   000F14                     RXF5SIDH        equ	3860	;# 
   282   000F15                     RXF5SIDL        equ	3861	;# 
   283   000F16                     RXF5EIDH        equ	3862	;# 
   284   000F17                     RXF5EIDL        equ	3863	;# 
   285   000F18                     RXM0SIDH        equ	3864	;# 
   286   000F19                     RXM0SIDL        equ	3865	;# 
   287   000F1A                     RXM0EIDH        equ	3866	;# 
   288   000F1B                     RXM0EIDL        equ	3867	;# 
   289   000F1C                     RXM1SIDH        equ	3868	;# 
   290   000F1D                     RXM1SIDL        equ	3869	;# 
   291   000F1E                     RXM1EIDH        equ	3870	;# 
   292   000F1F                     RXM1EIDL        equ	3871	;# 
   293   000F20                     TXB2CON         equ	3872	;# 
   294   000F21                     TXB2SIDH        equ	3873	;# 
   295   000F22                     TXB2SIDL        equ	3874	;# 
   296   000F23                     TXB2EIDH        equ	3875	;# 
   297   000F24                     TXB2EIDL        equ	3876	;# 
   298   000F25                     TXB2DLC         equ	3877	;# 
   299   000F26                     TXB2D0          equ	3878	;# 
   300   000F27                     TXB2D1          equ	3879	;# 
   301   000F28                     TXB2D2          equ	3880	;# 
   302   000F29                     TXB2D3          equ	3881	;# 
   303   000F2A                     TXB2D4          equ	3882	;# 
   304   000F2B                     TXB2D5          equ	3883	;# 
   305   000F2C                     TXB2D6          equ	3884	;# 
   306   000F2D                     TXB2D7          equ	3885	;# 
   307   000F2E                     CANSTAT_RO3     equ	3886	;# 
   308   000F2F                     CANCON_RO3      equ	3887	;# 
   309   000F30                     TXB1CON         equ	3888	;# 
   310   000F31                     TXB1SIDH        equ	3889	;# 
   311   000F32                     TXB1SIDL        equ	3890	;# 
   312   000F33                     TXB1EIDH        equ	3891	;# 
   313   000F34                     TXB1EIDL        equ	3892	;# 
   314   000F35                     TXB1DLC         equ	3893	;# 
   315   000F36                     TXB1D0          equ	3894	;# 
   316   000F37                     TXB1D1          equ	3895	;# 
   317   000F38                     TXB1D2          equ	3896	;# 
   318   000F39                     TXB1D3          equ	3897	;# 
   319   000F3A                     TXB1D4          equ	3898	;# 
   320   000F3B                     TXB1D5          equ	3899	;# 
   321   000F3C                     TXB1D6          equ	3900	;# 
   322   000F3D                     TXB1D7          equ	3901	;# 
   323   000F3E                     CANSTAT_RO2     equ	3902	;# 
   324   000F3F                     CANCON_RO2      equ	3903	;# 
   325   000F40                     TXB0CON         equ	3904	;# 
   326   000F41                     TXB0SIDH        equ	3905	;# 
   327   000F42                     TXB0SIDL        equ	3906	;# 
   328   000F43                     TXB0EIDH        equ	3907	;# 
   329   000F44                     TXB0EIDL        equ	3908	;# 
   330   000F45                     TXB0DLC         equ	3909	;# 
   331   000F46                     TXB0D0          equ	3910	;# 
   332   000F47                     TXB0D1          equ	3911	;# 
   333   000F48                     TXB0D2          equ	3912	;# 
   334   000F49                     TXB0D3          equ	3913	;# 
   335   000F4A                     TXB0D4          equ	3914	;# 
   336   000F4B                     TXB0D5          equ	3915	;# 
   337   000F4C                     TXB0D6          equ	3916	;# 
   338   000F4D                     TXB0D7          equ	3917	;# 
   339   000F4E                     CANSTAT_RO1     equ	3918	;# 
   340   000F4F                     CANCON_RO1      equ	3919	;# 
   341   000F50                     RXB1CON         equ	3920	;# 
   342   000F51                     RXB1SIDH        equ	3921	;# 
   343   000F52                     RXB1SIDL        equ	3922	;# 
   344   000F53                     RXB1EIDH        equ	3923	;# 
   345   000F54                     RXB1EIDL        equ	3924	;# 
   346   000F55                     RXB1DLC         equ	3925	;# 
   347   000F56                     RXB1D0          equ	3926	;# 
   348   000F57                     RXB1D1          equ	3927	;# 
   349   000F58                     RXB1D2          equ	3928	;# 
   350   000F59                     RXB1D3          equ	3929	;# 
   351   000F5A                     RXB1D4          equ	3930	;# 
   352   000F5B                     RXB1D5          equ	3931	;# 
   353   000F5C                     RXB1D6          equ	3932	;# 
   354   000F5D                     RXB1D7          equ	3933	;# 
   355   000F5E                     CANSTAT_RO0     equ	3934	;# 
   356   000F5F                     CANCON_RO0      equ	3935	;# 
   357   000F60                     RXB0CON         equ	3936	;# 
   358   000F61                     RXB0SIDH        equ	3937	;# 
   359   000F62                     RXB0SIDL        equ	3938	;# 
   360   000F63                     RXB0EIDH        equ	3939	;# 
   361   000F64                     RXB0EIDL        equ	3940	;# 
   362   000F65                     RXB0DLC         equ	3941	;# 
   363   000F66                     RXB0D0          equ	3942	;# 
   364   000F67                     RXB0D1          equ	3943	;# 
   365   000F68                     RXB0D2          equ	3944	;# 
   366   000F69                     RXB0D3          equ	3945	;# 
   367   000F6A                     RXB0D4          equ	3946	;# 
   368   000F6B                     RXB0D5          equ	3947	;# 
   369   000F6C                     RXB0D6          equ	3948	;# 
   370   000F6D                     RXB0D7          equ	3949	;# 
   371   000F6E                     CANSTAT         equ	3950	;# 
   372   000F6F                     CANCON          equ	3951	;# 
   373   000F70                     BRGCON1         equ	3952	;# 
   374   000F71                     BRGCON2         equ	3953	;# 
   375   000F72                     BRGCON3         equ	3954	;# 
   376   000F73                     CIOCON          equ	3955	;# 
   377   000F74                     COMSTAT         equ	3956	;# 
   378   000F75                     RXERRCNT        equ	3957	;# 
   379   000F76                     TXERRCNT        equ	3958	;# 
   380   000F77                     ECANCON         equ	3959	;# 
   381   000F80                     PORTA           equ	3968	;# 
   382   000F81                     PORTB           equ	3969	;# 
   383   000F82                     PORTC           equ	3970	;# 
   384   000F83                     PORTD           equ	3971	;# 
   385   000F84                     PORTE           equ	3972	;# 
   386   000F89                     LATA            equ	3977	;# 
   387   000F8A                     LATB            equ	3978	;# 
   388   000F8B                     LATC            equ	3979	;# 
   389   000F8C                     LATD            equ	3980	;# 
   390   000F8D                     LATE            equ	3981	;# 
   391   000F92                     TRISA           equ	3986	;# 
   392   000F92                     DDRA            equ	3986	;# 
   393   000F93                     TRISB           equ	3987	;# 
   394   000F93                     DDRB            equ	3987	;# 
   395   000F94                     TRISC           equ	3988	;# 
   396   000F94                     DDRC            equ	3988	;# 
   397   000F95                     TRISD           equ	3989	;# 
   398   000F95                     DDRD            equ	3989	;# 
   399   000F96                     TRISE           equ	3990	;# 
   400   000F96                     DDRE            equ	3990	;# 
   401   000F9B                     OSCTUNE         equ	3995	;# 
   402   000F9D                     PIE1            equ	3997	;# 
   403   000F9E                     PIR1            equ	3998	;# 
   404   000F9F                     IPR1            equ	3999	;# 
   405   000FA0                     PIE2            equ	4000	;# 
   406   000FA1                     PIR2            equ	4001	;# 
   407   000FA2                     IPR2            equ	4002	;# 
   408   000FA3                     PIE3            equ	4003	;# 
   409   000FA4                     PIR3            equ	4004	;# 
   410   000FA5                     IPR3            equ	4005	;# 
   411   000FA6                     EECON1          equ	4006	;# 
   412   000FA7                     EECON2          equ	4007	;# 
   413   000FA8                     EEDATA          equ	4008	;# 
   414   000FA9                     EEADR           equ	4009	;# 
   415   000FAB                     RCSTA           equ	4011	;# 
   416   000FAB                     RCSTA1          equ	4011	;# 
   417   000FAC                     TXSTA           equ	4012	;# 
   418   000FAC                     TXSTA1          equ	4012	;# 
   419   000FAD                     TXREG           equ	4013	;# 
   420   000FAD                     TXREG1          equ	4013	;# 
   421   000FAE                     RCREG           equ	4014	;# 
   422   000FAE                     RCREG1          equ	4014	;# 
   423   000FAF                     SPBRG           equ	4015	;# 
   424   000FAF                     SPBRG1          equ	4015	;# 
   425   000FB0                     SPBRGH          equ	4016	;# 
   426   000FB1                     T3CON           equ	4017	;# 
   427   000FB2                     TMR3            equ	4018	;# 
   428   000FB2                     TMR3L           equ	4018	;# 
   429   000FB3                     TMR3H           equ	4019	;# 
   430   000FB4                     CMCON           equ	4020	;# 
   431   000FB5                     CVRCON          equ	4021	;# 
   432   000FB6                     ECCP1AS         equ	4022	;# 
   433   000FB7                     ECCP1DEL        equ	4023	;# 
   434   000FB8                     BAUDCON         equ	4024	;# 
   435   000FB8                     BAUDCTL         equ	4024	;# 
   436   000FBA                     ECCP1CON        equ	4026	;# 
   437   000FBB                     ECCPR1          equ	4027	;# 
   438   000FBB                     ECCPR1L         equ	4027	;# 
   439   000FBC                     ECCPR1H         equ	4028	;# 
   440   000FBD                     CCP1CON         equ	4029	;# 
   441   000FBE                     CCPR1           equ	4030	;# 
   442   000FBE                     CCPR1L          equ	4030	;# 
   443   000FBF                     CCPR1H          equ	4031	;# 
   444   000FC0                     ADCON2          equ	4032	;# 
   445   000FC1                     ADCON1          equ	4033	;# 
   446   000FC2                     ADCON0          equ	4034	;# 
   447   000FC3                     ADRES           equ	4035	;# 
   448   000FC3                     ADRESL          equ	4035	;# 
   449   000FC4                     ADRESH          equ	4036	;# 
   450   000FC5                     SSPCON2         equ	4037	;# 
   451   000FC6                     SSPCON1         equ	4038	;# 
   452   000FC7                     SSPSTAT         equ	4039	;# 
   453   000FC8                     SSPADD          equ	4040	;# 
   454   000FC9                     SSPBUF          equ	4041	;# 
   455   000FCA                     T2CON           equ	4042	;# 
   456   000FCB                     PR2             equ	4043	;# 
   457   000FCB                     MEMCON          equ	4043	;# 
   458   000FCC                     TMR2            equ	4044	;# 
   459   000FCD                     T1CON           equ	4045	;# 
   460   000FCE                     TMR1            equ	4046	;# 
   461   000FCE                     TMR1L           equ	4046	;# 
   462   000FCF                     TMR1H           equ	4047	;# 
   463   000FD0                     RCON            equ	4048	;# 
   464   000FD1                     WDTCON          equ	4049	;# 
   465   000FD2                     HLVDCON         equ	4050	;# 
   466   000FD2                     LVDCON          equ	4050	;# 
   467   000FD3                     OSCCON          equ	4051	;# 
   468   000FD5                     T0CON           equ	4053	;# 
   469   000FD6                     TMR0            equ	4054	;# 
   470   000FD6                     TMR0L           equ	4054	;# 
   471   000FD7                     TMR0H           equ	4055	;# 
   472   000FD8                     STATUS          equ	4056	;# 
   473   000FD9                     FSR2            equ	4057	;# 
   474   000FD9                     FSR2L           equ	4057	;# 
   475   000FDA                     FSR2H           equ	4058	;# 
   476   000FDB                     PLUSW2          equ	4059	;# 
   477   000FDC                     PREINC2         equ	4060	;# 
   478   000FDD                     POSTDEC2        equ	4061	;# 
   479   000FDE                     POSTINC2        equ	4062	;# 
   480   000FDF                     INDF2           equ	4063	;# 
   481   000FE0                     BSR             equ	4064	;# 
   482   000FE1                     FSR1            equ	4065	;# 
   483   000FE1                     FSR1L           equ	4065	;# 
   484   000FE2                     FSR1H           equ	4066	;# 
   485   000FE3                     PLUSW1          equ	4067	;# 
   486   000FE4                     PREINC1         equ	4068	;# 
   487   000FE5                     POSTDEC1        equ	4069	;# 
   488   000FE6                     POSTINC1        equ	4070	;# 
   489   000FE7                     INDF1           equ	4071	;# 
   490   000FE8                     WREG            equ	4072	;# 
   491   000FE9                     FSR0            equ	4073	;# 
   492   000FE9                     FSR0L           equ	4073	;# 
   493   000FEA                     FSR0H           equ	4074	;# 
   494   000FEB                     PLUSW0          equ	4075	;# 
   495   000FEC                     PREINC0         equ	4076	;# 
   496   000FED                     POSTDEC0        equ	4077	;# 
   497   000FEE                     POSTINC0        equ	4078	;# 
   498   000FEF                     INDF0           equ	4079	;# 
   499   000FF0                     INTCON3         equ	4080	;# 
   500   000FF1                     INTCON2         equ	4081	;# 
   501   000FF2                     INTCON          equ	4082	;# 
   502   000FF3                     PROD            equ	4083	;# 
   503   000FF3                     PRODL           equ	4083	;# 
   504   000FF4                     PRODH           equ	4084	;# 
   505   000FF5                     TABLAT          equ	4085	;# 
   506   000FF6                     TBLPTR          equ	4086	;# 
   507   000FF6                     TBLPTRL         equ	4086	;# 
   508   000FF7                     TBLPTRH         equ	4087	;# 
   509   000FF8                     TBLPTRU         equ	4088	;# 
   510   000FF9                     PCLAT           equ	4089	;# 
   511   000FF9                     PC              equ	4089	;# 
   512   000FF9                     PCL             equ	4089	;# 
   513   000FFA                     PCLATH          equ	4090	;# 
   514   000FFB                     PCLATU          equ	4091	;# 
   515   000FFC                     STKPTR          equ	4092	;# 
   516   000FFD                     TOS             equ	4093	;# 
   517   000FFD                     TOSL            equ	4093	;# 
   518   000FFE                     TOSH            equ	4094	;# 
   519   000FFF                     TOSU            equ	4095	;# 
   520   000D60                     RXF6SIDH        equ	3424	;# 
   521   000D61                     RXF6SIDL        equ	3425	;# 
   522   000D62                     RXF6EIDH        equ	3426	;# 
   523   000D63                     RXF6EIDL        equ	3427	;# 
   524   000D64                     RXF7SIDH        equ	3428	;# 
   525   000D65                     RXF7SIDL        equ	3429	;# 
   526   000D66                     RXF7EIDH        equ	3430	;# 
   527   000D67                     RXF7EIDL        equ	3431	;# 
   528   000D68                     RXF8SIDH        equ	3432	;# 
   529   000D69                     RXF8SIDL        equ	3433	;# 
   530   000D6A                     RXF8EIDH        equ	3434	;# 
   531   000D6B                     RXF8EIDL        equ	3435	;# 
   532   000D70                     RXF9SIDH        equ	3440	;# 
   533   000D71                     RXF9SIDL        equ	3441	;# 
   534   000D72                     RXF9EIDH        equ	3442	;# 
   535   000D73                     RXF9EIDL        equ	3443	;# 
   536   000D74                     RXF10SIDH       equ	3444	;# 
   537   000D75                     RXF10SIDL       equ	3445	;# 
   538   000D76                     RXF10EIDH       equ	3446	;# 
   539   000D77                     RXF10EIDL       equ	3447	;# 
   540   000D78                     RXF11SIDH       equ	3448	;# 
   541   000D79                     RXF11SIDL       equ	3449	;# 
   542   000D7A                     RXF11EIDH       equ	3450	;# 
   543   000D7B                     RXF11EIDL       equ	3451	;# 
   544   000D80                     RXF12SIDH       equ	3456	;# 
   545   000D81                     RXF12SIDL       equ	3457	;# 
   546   000D82                     RXF12EIDH       equ	3458	;# 
   547   000D83                     RXF12EIDL       equ	3459	;# 
   548   000D84                     RXF13SIDH       equ	3460	;# 
   549   000D85                     RXF13SIDL       equ	3461	;# 
   550   000D86                     RXF13EIDH       equ	3462	;# 
   551   000D87                     RXF13EIDL       equ	3463	;# 
   552   000D88                     RXF14SIDH       equ	3464	;# 
   553   000D89                     RXF14SIDL       equ	3465	;# 
   554   000D8A                     RXF14EIDH       equ	3466	;# 
   555   000D8B                     RXF14EIDL       equ	3467	;# 
   556   000D90                     RXF15SIDH       equ	3472	;# 
   557   000D91                     RXF15SIDL       equ	3473	;# 
   558   000D92                     RXF15EIDH       equ	3474	;# 
   559   000D93                     RXF15EIDL       equ	3475	;# 
   560   000DD4                     RXFCON0         equ	3540	;# 
   561   000DD5                     RXFCON1         equ	3541	;# 
   562   000DD8                     SDFLC           equ	3544	;# 
   563   000DE0                     RXFBCON0        equ	3552	;# 
   564   000DE1                     RXFBCON1        equ	3553	;# 
   565   000DE2                     RXFBCON2        equ	3554	;# 
   566   000DE3                     RXFBCON3        equ	3555	;# 
   567   000DE4                     RXFBCON4        equ	3556	;# 
   568   000DE5                     RXFBCON5        equ	3557	;# 
   569   000DE6                     RXFBCON6        equ	3558	;# 
   570   000DE7                     RXFBCON7        equ	3559	;# 
   571   000DF0                     MSEL0           equ	3568	;# 
   572   000DF1                     MSEL1           equ	3569	;# 
   573   000DF2                     MSEL2           equ	3570	;# 
   574   000DF3                     MSEL3           equ	3571	;# 
   575   000DF8                     BSEL0           equ	3576	;# 
   576   000DFA                     BIE0            equ	3578	;# 
   577   000DFC                     TXBIE           equ	3580	;# 
   578   000E20                     B0CON           equ	3616	;# 
   579   000E21                     B0SIDH          equ	3617	;# 
   580   000E22                     B0SIDL          equ	3618	;# 
   581   000E23                     B0EIDH          equ	3619	;# 
   582   000E24                     B0EIDL          equ	3620	;# 
   583   000E25                     B0DLC           equ	3621	;# 
   584   000E26                     B0D0            equ	3622	;# 
   585   000E27                     B0D1            equ	3623	;# 
   586   000E28                     B0D2            equ	3624	;# 
   587   000E29                     B0D3            equ	3625	;# 
   588   000E2A                     B0D4            equ	3626	;# 
   589   000E2B                     B0D5            equ	3627	;# 
   590   000E2C                     B0D6            equ	3628	;# 
   591   000E2D                     B0D7            equ	3629	;# 
   592   000E2E                     CANSTAT_RO9     equ	3630	;# 
   593   000E2F                     CANCON_RO9      equ	3631	;# 
   594   000E30                     B1CON           equ	3632	;# 
   595   000E31                     B1SIDH          equ	3633	;# 
   596   000E32                     B1SIDL          equ	3634	;# 
   597   000E33                     B1EIDH          equ	3635	;# 
   598   000E34                     B1EIDL          equ	3636	;# 
   599   000E35                     B1DLC           equ	3637	;# 
   600   000E36                     B1D0            equ	3638	;# 
   601   000E37                     B1D1            equ	3639	;# 
   602   000E38                     B1D2            equ	3640	;# 
   603   000E39                     B1D3            equ	3641	;# 
   604   000E3A                     B1D4            equ	3642	;# 
   605   000E3B                     B1D5            equ	3643	;# 
   606   000E3C                     B1D6            equ	3644	;# 
   607   000E3D                     B1D7            equ	3645	;# 
   608   000E3E                     CANSTAT_RO8     equ	3646	;# 
   609   000E3F                     CANCON_RO8      equ	3647	;# 
   610   000E40                     B2CON           equ	3648	;# 
   611   000E41                     B2SIDH          equ	3649	;# 
   612   000E42                     B2SIDL          equ	3650	;# 
   613   000E43                     B2EIDH          equ	3651	;# 
   614   000E44                     B2EIDL          equ	3652	;# 
   615   000E45                     B2DLC           equ	3653	;# 
   616   000E46                     B2D0            equ	3654	;# 
   617   000E47                     B2D1            equ	3655	;# 
   618   000E48                     B2D2            equ	3656	;# 
   619   000E49                     B2D3            equ	3657	;# 
   620   000E4A                     B2D4            equ	3658	;# 
   621   000E4B                     B2D5            equ	3659	;# 
   622   000E4C                     B2D6            equ	3660	;# 
   623   000E4D                     B2D7            equ	3661	;# 
   624   000E4E                     CANSTAT_RO7     equ	3662	;# 
   625   000E4F                     CANCON_RO7      equ	3663	;# 
   626   000E50                     B3CON           equ	3664	;# 
   627   000E51                     B3SIDH          equ	3665	;# 
   628   000E52                     B3SIDL          equ	3666	;# 
   629   000E53                     B3EIDH          equ	3667	;# 
   630   000E54                     B3EIDL          equ	3668	;# 
   631   000E55                     B3DLC           equ	3669	;# 
   632   000E56                     B3D0            equ	3670	;# 
   633   000E57                     B3D1            equ	3671	;# 
   634   000E58                     B3D2            equ	3672	;# 
   635   000E59                     B3D3            equ	3673	;# 
   636   000E5A                     B3D4            equ	3674	;# 
   637   000E5B                     B3D5            equ	3675	;# 
   638   000E5C                     B3D6            equ	3676	;# 
   639   000E5D                     B3D7            equ	3677	;# 
   640   000E5E                     CANSTAT_RO6     equ	3678	;# 
   641   000E5F                     CANCON_RO6      equ	3679	;# 
   642   000E60                     B4CON           equ	3680	;# 
   643   000E61                     B4SIDH          equ	3681	;# 
   644   000E62                     B4SIDL          equ	3682	;# 
   645   000E63                     B4EIDH          equ	3683	;# 
   646   000E64                     B4EIDL          equ	3684	;# 
   647   000E65                     B4DLC           equ	3685	;# 
   648   000E66                     B4D0            equ	3686	;# 
   649   000E67                     B4D1            equ	3687	;# 
   650   000E68                     B4D2            equ	3688	;# 
   651   000E69                     B4D3            equ	3689	;# 
   652   000E6A                     B4D4            equ	3690	;# 
   653   000E6B                     B4D5            equ	3691	;# 
   654   000E6C                     B4D6            equ	3692	;# 
   655   000E6D                     B4D7            equ	3693	;# 
   656   000E6E                     CANSTAT_RO5     equ	3694	;# 
   657   000E6F                     CANCON_RO5      equ	3695	;# 
   658   000E70                     B5CON           equ	3696	;# 
   659   000E71                     B5SIDH          equ	3697	;# 
   660   000E72                     B5SIDL          equ	3698	;# 
   661   000E73                     B5EIDH          equ	3699	;# 
   662   000E74                     B5EIDL          equ	3700	;# 
   663   000E75                     B5DLC           equ	3701	;# 
   664   000E76                     B5D0            equ	3702	;# 
   665   000E77                     B5D1            equ	3703	;# 
   666   000E78                     B5D2            equ	3704	;# 
   667   000E79                     B5D3            equ	3705	;# 
   668   000E7A                     B5D4            equ	3706	;# 
   669   000E7B                     B5D5            equ	3707	;# 
   670   000E7C                     B5D6            equ	3708	;# 
   671   000E7D                     B5D7            equ	3709	;# 
   672   000E7E                     CANSTAT_RO4     equ	3710	;# 
   673   000E7F                     CANCON_RO4      equ	3711	;# 
   674   000F00                     RXF0SIDH        equ	3840	;# 
   675   000F01                     RXF0SIDL        equ	3841	;# 
   676   000F02                     RXF0EIDH        equ	3842	;# 
   677   000F03                     RXF0EIDL        equ	3843	;# 
   678   000F04                     RXF1SIDH        equ	3844	;# 
   679   000F05                     RXF1SIDL        equ	3845	;# 
   680   000F06                     RXF1EIDH        equ	3846	;# 
   681   000F07                     RXF1EIDL        equ	3847	;# 
   682   000F08                     RXF2SIDH        equ	3848	;# 
   683   000F09                     RXF2SIDL        equ	3849	;# 
   684   000F0A                     RXF2EIDH        equ	3850	;# 
   685   000F0B                     RXF2EIDL        equ	3851	;# 
   686   000F0C                     RXF3SIDH        equ	3852	;# 
   687   000F0D                     RXF3SIDL        equ	3853	;# 
   688   000F0E                     RXF3EIDH        equ	3854	;# 
   689   000F0F                     RXF3EIDL        equ	3855	;# 
   690   000F10                     RXF4SIDH        equ	3856	;# 
   691   000F11                     RXF4SIDL        equ	3857	;# 
   692   000F12                     RXF4EIDH        equ	3858	;# 
   693   000F13                     RXF4EIDL        equ	3859	;# 
   694   000F14                     RXF5SIDH        equ	3860	;# 
   695   000F15                     RXF5SIDL        equ	3861	;# 
   696   000F16                     RXF5EIDH        equ	3862	;# 
   697   000F17                     RXF5EIDL        equ	3863	;# 
   698   000F18                     RXM0SIDH        equ	3864	;# 
   699   000F19                     RXM0SIDL        equ	3865	;# 
   700   000F1A                     RXM0EIDH        equ	3866	;# 
   701   000F1B                     RXM0EIDL        equ	3867	;# 
   702   000F1C                     RXM1SIDH        equ	3868	;# 
   703   000F1D                     RXM1SIDL        equ	3869	;# 
   704   000F1E                     RXM1EIDH        equ	3870	;# 
   705   000F1F                     RXM1EIDL        equ	3871	;# 
   706   000F20                     TXB2CON         equ	3872	;# 
   707   000F21                     TXB2SIDH        equ	3873	;# 
   708   000F22                     TXB2SIDL        equ	3874	;# 
   709   000F23                     TXB2EIDH        equ	3875	;# 
   710   000F24                     TXB2EIDL        equ	3876	;# 
   711   000F25                     TXB2DLC         equ	3877	;# 
   712   000F26                     TXB2D0          equ	3878	;# 
   713   000F27                     TXB2D1          equ	3879	;# 
   714   000F28                     TXB2D2          equ	3880	;# 
   715   000F29                     TXB2D3          equ	3881	;# 
   716   000F2A                     TXB2D4          equ	3882	;# 
   717   000F2B                     TXB2D5          equ	3883	;# 
   718   000F2C                     TXB2D6          equ	3884	;# 
   719   000F2D                     TXB2D7          equ	3885	;# 
   720   000F2E                     CANSTAT_RO3     equ	3886	;# 
   721   000F2F                     CANCON_RO3      equ	3887	;# 
   722   000F30                     TXB1CON         equ	3888	;# 
   723   000F31                     TXB1SIDH        equ	3889	;# 
   724   000F32                     TXB1SIDL        equ	3890	;# 
   725   000F33                     TXB1EIDH        equ	3891	;# 
   726   000F34                     TXB1EIDL        equ	3892	;# 
   727   000F35                     TXB1DLC         equ	3893	;# 
   728   000F36                     TXB1D0          equ	3894	;# 
   729   000F37                     TXB1D1          equ	3895	;# 
   730   000F38                     TXB1D2          equ	3896	;# 
   731   000F39                     TXB1D3          equ	3897	;# 
   732   000F3A                     TXB1D4          equ	3898	;# 
   733   000F3B                     TXB1D5          equ	3899	;# 
   734   000F3C                     TXB1D6          equ	3900	;# 
   735   000F3D                     TXB1D7          equ	3901	;# 
   736   000F3E                     CANSTAT_RO2     equ	3902	;# 
   737   000F3F                     CANCON_RO2      equ	3903	;# 
   738   000F40                     TXB0CON         equ	3904	;# 
   739   000F41                     TXB0SIDH        equ	3905	;# 
   740   000F42                     TXB0SIDL        equ	3906	;# 
   741   000F43                     TXB0EIDH        equ	3907	;# 
   742   000F44                     TXB0EIDL        equ	3908	;# 
   743   000F45                     TXB0DLC         equ	3909	;# 
   744   000F46                     TXB0D0          equ	3910	;# 
   745   000F47                     TXB0D1          equ	3911	;# 
   746   000F48                     TXB0D2          equ	3912	;# 
   747   000F49                     TXB0D3          equ	3913	;# 
   748   000F4A                     TXB0D4          equ	3914	;# 
   749   000F4B                     TXB0D5          equ	3915	;# 
   750   000F4C                     TXB0D6          equ	3916	;# 
   751   000F4D                     TXB0D7          equ	3917	;# 
   752   000F4E                     CANSTAT_RO1     equ	3918	;# 
   753   000F4F                     CANCON_RO1      equ	3919	;# 
   754   000F50                     RXB1CON         equ	3920	;# 
   755   000F51                     RXB1SIDH        equ	3921	;# 
   756   000F52                     RXB1SIDL        equ	3922	;# 
   757   000F53                     RXB1EIDH        equ	3923	;# 
   758   000F54                     RXB1EIDL        equ	3924	;# 
   759   000F55                     RXB1DLC         equ	3925	;# 
   760   000F56                     RXB1D0          equ	3926	;# 
   761   000F57                     RXB1D1          equ	3927	;# 
   762   000F58                     RXB1D2          equ	3928	;# 
   763   000F59                     RXB1D3          equ	3929	;# 
   764   000F5A                     RXB1D4          equ	3930	;# 
   765   000F5B                     RXB1D5          equ	3931	;# 
   766   000F5C                     RXB1D6          equ	3932	;# 
   767   000F5D                     RXB1D7          equ	3933	;# 
   768   000F5E                     CANSTAT_RO0     equ	3934	;# 
   769   000F5F                     CANCON_RO0      equ	3935	;# 
   770   000F60                     RXB0CON         equ	3936	;# 
   771   000F61                     RXB0SIDH        equ	3937	;# 
   772   000F62                     RXB0SIDL        equ	3938	;# 
   773   000F63                     RXB0EIDH        equ	3939	;# 
   774   000F64                     RXB0EIDL        equ	3940	;# 
   775   000F65                     RXB0DLC         equ	3941	;# 
   776   000F66                     RXB0D0          equ	3942	;# 
   777   000F67                     RXB0D1          equ	3943	;# 
   778   000F68                     RXB0D2          equ	3944	;# 
   779   000F69                     RXB0D3          equ	3945	;# 
   780   000F6A                     RXB0D4          equ	3946	;# 
   781   000F6B                     RXB0D5          equ	3947	;# 
   782   000F6C                     RXB0D6          equ	3948	;# 
   783   000F6D                     RXB0D7          equ	3949	;# 
   784   000F6E                     CANSTAT         equ	3950	;# 
   785   000F6F                     CANCON          equ	3951	;# 
   786   000F70                     BRGCON1         equ	3952	;# 
   787   000F71                     BRGCON2         equ	3953	;# 
   788   000F72                     BRGCON3         equ	3954	;# 
   789   000F73                     CIOCON          equ	3955	;# 
   790   000F74                     COMSTAT         equ	3956	;# 
   791   000F75                     RXERRCNT        equ	3957	;# 
   792   000F76                     TXERRCNT        equ	3958	;# 
   793   000F77                     ECANCON         equ	3959	;# 
   794   000F80                     PORTA           equ	3968	;# 
   795   000F81                     PORTB           equ	3969	;# 
   796   000F82                     PORTC           equ	3970	;# 
   797   000F83                     PORTD           equ	3971	;# 
   798   000F84                     PORTE           equ	3972	;# 
   799   000F89                     LATA            equ	3977	;# 
   800   000F8A                     LATB            equ	3978	;# 
   801   000F8B                     LATC            equ	3979	;# 
   802   000F8C                     LATD            equ	3980	;# 
   803   000F8D                     LATE            equ	3981	;# 
   804   000F92                     TRISA           equ	3986	;# 
   805   000F92                     DDRA            equ	3986	;# 
   806   000F93                     TRISB           equ	3987	;# 
   807   000F93                     DDRB            equ	3987	;# 
   808   000F94                     TRISC           equ	3988	;# 
   809   000F94                     DDRC            equ	3988	;# 
   810   000F95                     TRISD           equ	3989	;# 
   811   000F95                     DDRD            equ	3989	;# 
   812   000F96                     TRISE           equ	3990	;# 
   813   000F96                     DDRE            equ	3990	;# 
   814   000F9B                     OSCTUNE         equ	3995	;# 
   815   000F9D                     PIE1            equ	3997	;# 
   816   000F9E                     PIR1            equ	3998	;# 
   817   000F9F                     IPR1            equ	3999	;# 
   818   000FA0                     PIE2            equ	4000	;# 
   819   000FA1                     PIR2            equ	4001	;# 
   820   000FA2                     IPR2            equ	4002	;# 
   821   000FA3                     PIE3            equ	4003	;# 
   822   000FA4                     PIR3            equ	4004	;# 
   823   000FA5                     IPR3            equ	4005	;# 
   824   000FA6                     EECON1          equ	4006	;# 
   825   000FA7                     EECON2          equ	4007	;# 
   826   000FA8                     EEDATA          equ	4008	;# 
   827   000FA9                     EEADR           equ	4009	;# 
   828   000FAB                     RCSTA           equ	4011	;# 
   829   000FAB                     RCSTA1          equ	4011	;# 
   830   000FAC                     TXSTA           equ	4012	;# 
   831   000FAC                     TXSTA1          equ	4012	;# 
   832   000FAD                     TXREG           equ	4013	;# 
   833   000FAD                     TXREG1          equ	4013	;# 
   834   000FAE                     RCREG           equ	4014	;# 
   835   000FAE                     RCREG1          equ	4014	;# 
   836   000FAF                     SPBRG           equ	4015	;# 
   837   000FAF                     SPBRG1          equ	4015	;# 
   838   000FB0                     SPBRGH          equ	4016	;# 
   839   000FB1                     T3CON           equ	4017	;# 
   840   000FB2                     TMR3            equ	4018	;# 
   841   000FB2                     TMR3L           equ	4018	;# 
   842   000FB3                     TMR3H           equ	4019	;# 
   843   000FB4                     CMCON           equ	4020	;# 
   844   000FB5                     CVRCON          equ	4021	;# 
   845   000FB6                     ECCP1AS         equ	4022	;# 
   846   000FB7                     ECCP1DEL        equ	4023	;# 
   847   000FB8                     BAUDCON         equ	4024	;# 
   848   000FB8                     BAUDCTL         equ	4024	;# 
   849   000FBA                     ECCP1CON        equ	4026	;# 
   850   000FBB                     ECCPR1          equ	4027	;# 
   851   000FBB                     ECCPR1L         equ	4027	;# 
   852   000FBC                     ECCPR1H         equ	4028	;# 
   853   000FBD                     CCP1CON         equ	4029	;# 
   854   000FBE                     CCPR1           equ	4030	;# 
   855   000FBE                     CCPR1L          equ	4030	;# 
   856   000FBF                     CCPR1H          equ	4031	;# 
   857   000FC0                     ADCON2          equ	4032	;# 
   858   000FC1                     ADCON1          equ	4033	;# 
   859   000FC2                     ADCON0          equ	4034	;# 
   860   000FC3                     ADRES           equ	4035	;# 
   861   000FC3                     ADRESL          equ	4035	;# 
   862   000FC4                     ADRESH          equ	4036	;# 
   863   000FC5                     SSPCON2         equ	4037	;# 
   864   000FC6                     SSPCON1         equ	4038	;# 
   865   000FC7                     SSPSTAT         equ	4039	;# 
   866   000FC8                     SSPADD          equ	4040	;# 
   867   000FC9                     SSPBUF          equ	4041	;# 
   868   000FCA                     T2CON           equ	4042	;# 
   869   000FCB                     PR2             equ	4043	;# 
   870   000FCB                     MEMCON          equ	4043	;# 
   871   000FCC                     TMR2            equ	4044	;# 
   872   000FCD                     T1CON           equ	4045	;# 
   873   000FCE                     TMR1            equ	4046	;# 
   874   000FCE                     TMR1L           equ	4046	;# 
   875   000FCF                     TMR1H           equ	4047	;# 
   876   000FD0                     RCON            equ	4048	;# 
   877   000FD1                     WDTCON          equ	4049	;# 
   878   000FD2                     HLVDCON         equ	4050	;# 
   879   000FD2                     LVDCON          equ	4050	;# 
   880   000FD3                     OSCCON          equ	4051	;# 
   881   000FD5                     T0CON           equ	4053	;# 
   882   000FD6                     TMR0            equ	4054	;# 
   883   000FD6                     TMR0L           equ	4054	;# 
   884   000FD7                     TMR0H           equ	4055	;# 
   885   000FD8                     STATUS          equ	4056	;# 
   886   000FD9                     FSR2            equ	4057	;# 
   887   000FD9                     FSR2L           equ	4057	;# 
   888   000FDA                     FSR2H           equ	4058	;# 
   889   000FDB                     PLUSW2          equ	4059	;# 
   890   000FDC                     PREINC2         equ	4060	;# 
   891   000FDD                     POSTDEC2        equ	4061	;# 
   892   000FDE                     POSTINC2        equ	4062	;# 
   893   000FDF                     INDF2           equ	4063	;# 
   894   000FE0                     BSR             equ	4064	;# 
   895   000FE1                     FSR1            equ	4065	;# 
   896   000FE1                     FSR1L           equ	4065	;# 
   897   000FE2                     FSR1H           equ	4066	;# 
   898   000FE3                     PLUSW1          equ	4067	;# 
   899   000FE4                     PREINC1         equ	4068	;# 
   900   000FE5                     POSTDEC1        equ	4069	;# 
   901   000FE6                     POSTINC1        equ	4070	;# 
   902   000FE7                     INDF1           equ	4071	;# 
   903   000FE8                     WREG            equ	4072	;# 
   904   000FE9                     FSR0            equ	4073	;# 
   905   000FE9                     FSR0L           equ	4073	;# 
   906   000FEA                     FSR0H           equ	4074	;# 
   907   000FEB                     PLUSW0          equ	4075	;# 
   908   000FEC                     PREINC0         equ	4076	;# 
   909   000FED                     POSTDEC0        equ	4077	;# 
   910   000FEE                     POSTINC0        equ	4078	;# 
   911   000FEF                     INDF0           equ	4079	;# 
   912   000FF0                     INTCON3         equ	4080	;# 
   913   000FF1                     INTCON2         equ	4081	;# 
   914   000FF2                     INTCON          equ	4082	;# 
   915   000FF3                     PROD            equ	4083	;# 
   916   000FF3                     PRODL           equ	4083	;# 
   917   000FF4                     PRODH           equ	4084	;# 
   918   000FF5                     TABLAT          equ	4085	;# 
   919   000FF6                     TBLPTR          equ	4086	;# 
   920   000FF6                     TBLPTRL         equ	4086	;# 
   921   000FF7                     TBLPTRH         equ	4087	;# 
   922   000FF8                     TBLPTRU         equ	4088	;# 
   923   000FF9                     PCLAT           equ	4089	;# 
   924   000FF9                     PC              equ	4089	;# 
   925   000FF9                     PCL             equ	4089	;# 
   926   000FFA                     PCLATH          equ	4090	;# 
   927   000FFB                     PCLATU          equ	4091	;# 
   928   000FFC                     STKPTR          equ	4092	;# 
   929   000FFD                     TOS             equ	4093	;# 
   930   000FFD                     TOSL            equ	4093	;# 
   931   000FFE                     TOSH            equ	4094	;# 
   932   000FFF                     TOSU            equ	4095	;# 
   933   000D60                     RXF6SIDH        equ	3424	;# 
   934   000D61                     RXF6SIDL        equ	3425	;# 
   935   000D62                     RXF6EIDH        equ	3426	;# 
   936   000D63                     RXF6EIDL        equ	3427	;# 
   937   000D64                     RXF7SIDH        equ	3428	;# 
   938   000D65                     RXF7SIDL        equ	3429	;# 
   939   000D66                     RXF7EIDH        equ	3430	;# 
   940   000D67                     RXF7EIDL        equ	3431	;# 
   941   000D68                     RXF8SIDH        equ	3432	;# 
   942   000D69                     RXF8SIDL        equ	3433	;# 
   943   000D6A                     RXF8EIDH        equ	3434	;# 
   944   000D6B                     RXF8EIDL        equ	3435	;# 
   945   000D70                     RXF9SIDH        equ	3440	;# 
   946   000D71                     RXF9SIDL        equ	3441	;# 
   947   000D72                     RXF9EIDH        equ	3442	;# 
   948   000D73                     RXF9EIDL        equ	3443	;# 
   949   000D74                     RXF10SIDH       equ	3444	;# 
   950   000D75                     RXF10SIDL       equ	3445	;# 
   951   000D76                     RXF10EIDH       equ	3446	;# 
   952   000D77                     RXF10EIDL       equ	3447	;# 
   953   000D78                     RXF11SIDH       equ	3448	;# 
   954   000D79                     RXF11SIDL       equ	3449	;# 
   955   000D7A                     RXF11EIDH       equ	3450	;# 
   956   000D7B                     RXF11EIDL       equ	3451	;# 
   957   000D80                     RXF12SIDH       equ	3456	;# 
   958   000D81                     RXF12SIDL       equ	3457	;# 
   959   000D82                     RXF12EIDH       equ	3458	;# 
   960   000D83                     RXF12EIDL       equ	3459	;# 
   961   000D84                     RXF13SIDH       equ	3460	;# 
   962   000D85                     RXF13SIDL       equ	3461	;# 
   963   000D86                     RXF13EIDH       equ	3462	;# 
   964   000D87                     RXF13EIDL       equ	3463	;# 
   965   000D88                     RXF14SIDH       equ	3464	;# 
   966   000D89                     RXF14SIDL       equ	3465	;# 
   967   000D8A                     RXF14EIDH       equ	3466	;# 
   968   000D8B                     RXF14EIDL       equ	3467	;# 
   969   000D90                     RXF15SIDH       equ	3472	;# 
   970   000D91                     RXF15SIDL       equ	3473	;# 
   971   000D92                     RXF15EIDH       equ	3474	;# 
   972   000D93                     RXF15EIDL       equ	3475	;# 
   973   000DD4                     RXFCON0         equ	3540	;# 
   974   000DD5                     RXFCON1         equ	3541	;# 
   975   000DD8                     SDFLC           equ	3544	;# 
   976   000DE0                     RXFBCON0        equ	3552	;# 
   977   000DE1                     RXFBCON1        equ	3553	;# 
   978   000DE2                     RXFBCON2        equ	3554	;# 
   979   000DE3                     RXFBCON3        equ	3555	;# 
   980   000DE4                     RXFBCON4        equ	3556	;# 
   981   000DE5                     RXFBCON5        equ	3557	;# 
   982   000DE6                     RXFBCON6        equ	3558	;# 
   983   000DE7                     RXFBCON7        equ	3559	;# 
   984   000DF0                     MSEL0           equ	3568	;# 
   985   000DF1                     MSEL1           equ	3569	;# 
   986   000DF2                     MSEL2           equ	3570	;# 
   987   000DF3                     MSEL3           equ	3571	;# 
   988   000DF8                     BSEL0           equ	3576	;# 
   989   000DFA                     BIE0            equ	3578	;# 
   990   000DFC                     TXBIE           equ	3580	;# 
   991   000E20                     B0CON           equ	3616	;# 
   992   000E21                     B0SIDH          equ	3617	;# 
   993   000E22                     B0SIDL          equ	3618	;# 
   994   000E23                     B0EIDH          equ	3619	;# 
   995   000E24                     B0EIDL          equ	3620	;# 
   996   000E25                     B0DLC           equ	3621	;# 
   997   000E26                     B0D0            equ	3622	;# 
   998   000E27                     B0D1            equ	3623	;# 
   999   000E28                     B0D2            equ	3624	;# 
  1000   000E29                     B0D3            equ	3625	;# 
  1001   000E2A                     B0D4            equ	3626	;# 
  1002   000E2B                     B0D5            equ	3627	;# 
  1003   000E2C                     B0D6            equ	3628	;# 
  1004   000E2D                     B0D7            equ	3629	;# 
  1005   000E2E                     CANSTAT_RO9     equ	3630	;# 
  1006   000E2F                     CANCON_RO9      equ	3631	;# 
  1007   000E30                     B1CON           equ	3632	;# 
  1008   000E31                     B1SIDH          equ	3633	;# 
  1009   000E32                     B1SIDL          equ	3634	;# 
  1010   000E33                     B1EIDH          equ	3635	;# 
  1011   000E34                     B1EIDL          equ	3636	;# 
  1012   000E35                     B1DLC           equ	3637	;# 
  1013   000E36                     B1D0            equ	3638	;# 
  1014   000E37                     B1D1            equ	3639	;# 
  1015   000E38                     B1D2            equ	3640	;# 
  1016   000E39                     B1D3            equ	3641	;# 
  1017   000E3A                     B1D4            equ	3642	;# 
  1018   000E3B                     B1D5            equ	3643	;# 
  1019   000E3C                     B1D6            equ	3644	;# 
  1020   000E3D                     B1D7            equ	3645	;# 
  1021   000E3E                     CANSTAT_RO8     equ	3646	;# 
  1022   000E3F                     CANCON_RO8      equ	3647	;# 
  1023   000E40                     B2CON           equ	3648	;# 
  1024   000E41                     B2SIDH          equ	3649	;# 
  1025   000E42                     B2SIDL          equ	3650	;# 
  1026   000E43                     B2EIDH          equ	3651	;# 
  1027   000E44                     B2EIDL          equ	3652	;# 
  1028   000E45                     B2DLC           equ	3653	;# 
  1029   000E46                     B2D0            equ	3654	;# 
  1030   000E47                     B2D1            equ	3655	;# 
  1031   000E48                     B2D2            equ	3656	;# 
  1032   000E49                     B2D3            equ	3657	;# 
  1033   000E4A                     B2D4            equ	3658	;# 
  1034   000E4B                     B2D5            equ	3659	;# 
  1035   000E4C                     B2D6            equ	3660	;# 
  1036   000E4D                     B2D7            equ	3661	;# 
  1037   000E4E                     CANSTAT_RO7     equ	3662	;# 
  1038   000E4F                     CANCON_RO7      equ	3663	;# 
  1039   000E50                     B3CON           equ	3664	;# 
  1040   000E51                     B3SIDH          equ	3665	;# 
  1041   000E52                     B3SIDL          equ	3666	;# 
  1042   000E53                     B3EIDH          equ	3667	;# 
  1043   000E54                     B3EIDL          equ	3668	;# 
  1044   000E55                     B3DLC           equ	3669	;# 
  1045   000E56                     B3D0            equ	3670	;# 
  1046   000E57                     B3D1            equ	3671	;# 
  1047   000E58                     B3D2            equ	3672	;# 
  1048   000E59                     B3D3            equ	3673	;# 
  1049   000E5A                     B3D4            equ	3674	;# 
  1050   000E5B                     B3D5            equ	3675	;# 
  1051   000E5C                     B3D6            equ	3676	;# 
  1052   000E5D                     B3D7            equ	3677	;# 
  1053   000E5E                     CANSTAT_RO6     equ	3678	;# 
  1054   000E5F                     CANCON_RO6      equ	3679	;# 
  1055   000E60                     B4CON           equ	3680	;# 
  1056   000E61                     B4SIDH          equ	3681	;# 
  1057   000E62                     B4SIDL          equ	3682	;# 
  1058   000E63                     B4EIDH          equ	3683	;# 
  1059   000E64                     B4EIDL          equ	3684	;# 
  1060   000E65                     B4DLC           equ	3685	;# 
  1061   000E66                     B4D0            equ	3686	;# 
  1062   000E67                     B4D1            equ	3687	;# 
  1063   000E68                     B4D2            equ	3688	;# 
  1064   000E69                     B4D3            equ	3689	;# 
  1065   000E6A                     B4D4            equ	3690	;# 
  1066   000E6B                     B4D5            equ	3691	;# 
  1067   000E6C                     B4D6            equ	3692	;# 
  1068   000E6D                     B4D7            equ	3693	;# 
  1069   000E6E                     CANSTAT_RO5     equ	3694	;# 
  1070   000E6F                     CANCON_RO5      equ	3695	;# 
  1071   000E70                     B5CON           equ	3696	;# 
  1072   000E71                     B5SIDH          equ	3697	;# 
  1073   000E72                     B5SIDL          equ	3698	;# 
  1074   000E73                     B5EIDH          equ	3699	;# 
  1075   000E74                     B5EIDL          equ	3700	;# 
  1076   000E75                     B5DLC           equ	3701	;# 
  1077   000E76                     B5D0            equ	3702	;# 
  1078   000E77                     B5D1            equ	3703	;# 
  1079   000E78                     B5D2            equ	3704	;# 
  1080   000E79                     B5D3            equ	3705	;# 
  1081   000E7A                     B5D4            equ	3706	;# 
  1082   000E7B                     B5D5            equ	3707	;# 
  1083   000E7C                     B5D6            equ	3708	;# 
  1084   000E7D                     B5D7            equ	3709	;# 
  1085   000E7E                     CANSTAT_RO4     equ	3710	;# 
  1086   000E7F                     CANCON_RO4      equ	3711	;# 
  1087   000F00                     RXF0SIDH        equ	3840	;# 
  1088   000F01                     RXF0SIDL        equ	3841	;# 
  1089   000F02                     RXF0EIDH        equ	3842	;# 
  1090   000F03                     RXF0EIDL        equ	3843	;# 
  1091   000F04                     RXF1SIDH        equ	3844	;# 
  1092   000F05                     RXF1SIDL        equ	3845	;# 
  1093   000F06                     RXF1EIDH        equ	3846	;# 
  1094   000F07                     RXF1EIDL        equ	3847	;# 
  1095   000F08                     RXF2SIDH        equ	3848	;# 
  1096   000F09                     RXF2SIDL        equ	3849	;# 
  1097   000F0A                     RXF2EIDH        equ	3850	;# 
  1098   000F0B                     RXF2EIDL        equ	3851	;# 
  1099   000F0C                     RXF3SIDH        equ	3852	;# 
  1100   000F0D                     RXF3SIDL        equ	3853	;# 
  1101   000F0E                     RXF3EIDH        equ	3854	;# 
  1102   000F0F                     RXF3EIDL        equ	3855	;# 
  1103   000F10                     RXF4SIDH        equ	3856	;# 
  1104   000F11                     RXF4SIDL        equ	3857	;# 
  1105   000F12                     RXF4EIDH        equ	3858	;# 
  1106   000F13                     RXF4EIDL        equ	3859	;# 
  1107   000F14                     RXF5SIDH        equ	3860	;# 
  1108   000F15                     RXF5SIDL        equ	3861	;# 
  1109   000F16                     RXF5EIDH        equ	3862	;# 
  1110   000F17                     RXF5EIDL        equ	3863	;# 
  1111   000F18                     RXM0SIDH        equ	3864	;# 
  1112   000F19                     RXM0SIDL        equ	3865	;# 
  1113   000F1A                     RXM0EIDH        equ	3866	;# 
  1114   000F1B                     RXM0EIDL        equ	3867	;# 
  1115   000F1C                     RXM1SIDH        equ	3868	;# 
  1116   000F1D                     RXM1SIDL        equ	3869	;# 
  1117   000F1E                     RXM1EIDH        equ	3870	;# 
  1118   000F1F                     RXM1EIDL        equ	3871	;# 
  1119   000F20                     TXB2CON         equ	3872	;# 
  1120   000F21                     TXB2SIDH        equ	3873	;# 
  1121   000F22                     TXB2SIDL        equ	3874	;# 
  1122   000F23                     TXB2EIDH        equ	3875	;# 
  1123   000F24                     TXB2EIDL        equ	3876	;# 
  1124   000F25                     TXB2DLC         equ	3877	;# 
  1125   000F26                     TXB2D0          equ	3878	;# 
  1126   000F27                     TXB2D1          equ	3879	;# 
  1127   000F28                     TXB2D2          equ	3880	;# 
  1128   000F29                     TXB2D3          equ	3881	;# 
  1129   000F2A                     TXB2D4          equ	3882	;# 
  1130   000F2B                     TXB2D5          equ	3883	;# 
  1131   000F2C                     TXB2D6          equ	3884	;# 
  1132   000F2D                     TXB2D7          equ	3885	;# 
  1133   000F2E                     CANSTAT_RO3     equ	3886	;# 
  1134   000F2F                     CANCON_RO3      equ	3887	;# 
  1135   000F30                     TXB1CON         equ	3888	;# 
  1136   000F31                     TXB1SIDH        equ	3889	;# 
  1137   000F32                     TXB1SIDL        equ	3890	;# 
  1138   000F33                     TXB1EIDH        equ	3891	;# 
  1139   000F34                     TXB1EIDL        equ	3892	;# 
  1140   000F35                     TXB1DLC         equ	3893	;# 
  1141   000F36                     TXB1D0          equ	3894	;# 
  1142   000F37                     TXB1D1          equ	3895	;# 
  1143   000F38                     TXB1D2          equ	3896	;# 
  1144   000F39                     TXB1D3          equ	3897	;# 
  1145   000F3A                     TXB1D4          equ	3898	;# 
  1146   000F3B                     TXB1D5          equ	3899	;# 
  1147   000F3C                     TXB1D6          equ	3900	;# 
  1148   000F3D                     TXB1D7          equ	3901	;# 
  1149   000F3E                     CANSTAT_RO2     equ	3902	;# 
  1150   000F3F                     CANCON_RO2      equ	3903	;# 
  1151   000F40                     TXB0CON         equ	3904	;# 
  1152   000F41                     TXB0SIDH        equ	3905	;# 
  1153   000F42                     TXB0SIDL        equ	3906	;# 
  1154   000F43                     TXB0EIDH        equ	3907	;# 
  1155   000F44                     TXB0EIDL        equ	3908	;# 
  1156   000F45                     TXB0DLC         equ	3909	;# 
  1157   000F46                     TXB0D0          equ	3910	;# 
  1158   000F47                     TXB0D1          equ	3911	;# 
  1159   000F48                     TXB0D2          equ	3912	;# 
  1160   000F49                     TXB0D3          equ	3913	;# 
  1161   000F4A                     TXB0D4          equ	3914	;# 
  1162   000F4B                     TXB0D5          equ	3915	;# 
  1163   000F4C                     TXB0D6          equ	3916	;# 
  1164   000F4D                     TXB0D7          equ	3917	;# 
  1165   000F4E                     CANSTAT_RO1     equ	3918	;# 
  1166   000F4F                     CANCON_RO1      equ	3919	;# 
  1167   000F50                     RXB1CON         equ	3920	;# 
  1168   000F51                     RXB1SIDH        equ	3921	;# 
  1169   000F52                     RXB1SIDL        equ	3922	;# 
  1170   000F53                     RXB1EIDH        equ	3923	;# 
  1171   000F54                     RXB1EIDL        equ	3924	;# 
  1172   000F55                     RXB1DLC         equ	3925	;# 
  1173   000F56                     RXB1D0          equ	3926	;# 
  1174   000F57                     RXB1D1          equ	3927	;# 
  1175   000F58                     RXB1D2          equ	3928	;# 
  1176   000F59                     RXB1D3          equ	3929	;# 
  1177   000F5A                     RXB1D4          equ	3930	;# 
  1178   000F5B                     RXB1D5          equ	3931	;# 
  1179   000F5C                     RXB1D6          equ	3932	;# 
  1180   000F5D                     RXB1D7          equ	3933	;# 
  1181   000F5E                     CANSTAT_RO0     equ	3934	;# 
  1182   000F5F                     CANCON_RO0      equ	3935	;# 
  1183   000F60                     RXB0CON         equ	3936	;# 
  1184   000F61                     RXB0SIDH        equ	3937	;# 
  1185   000F62                     RXB0SIDL        equ	3938	;# 
  1186   000F63                     RXB0EIDH        equ	3939	;# 
  1187   000F64                     RXB0EIDL        equ	3940	;# 
  1188   000F65                     RXB0DLC         equ	3941	;# 
  1189   000F66                     RXB0D0          equ	3942	;# 
  1190   000F67                     RXB0D1          equ	3943	;# 
  1191   000F68                     RXB0D2          equ	3944	;# 
  1192   000F69                     RXB0D3          equ	3945	;# 
  1193   000F6A                     RXB0D4          equ	3946	;# 
  1194   000F6B                     RXB0D5          equ	3947	;# 
  1195   000F6C                     RXB0D6          equ	3948	;# 
  1196   000F6D                     RXB0D7          equ	3949	;# 
  1197   000F6E                     CANSTAT         equ	3950	;# 
  1198   000F6F                     CANCON          equ	3951	;# 
  1199   000F70                     BRGCON1         equ	3952	;# 
  1200   000F71                     BRGCON2         equ	3953	;# 
  1201   000F72                     BRGCON3         equ	3954	;# 
  1202   000F73                     CIOCON          equ	3955	;# 
  1203   000F74                     COMSTAT         equ	3956	;# 
  1204   000F75                     RXERRCNT        equ	3957	;# 
  1205   000F76                     TXERRCNT        equ	3958	;# 
  1206   000F77                     ECANCON         equ	3959	;# 
  1207   000F80                     PORTA           equ	3968	;# 
  1208   000F81                     PORTB           equ	3969	;# 
  1209   000F82                     PORTC           equ	3970	;# 
  1210   000F83                     PORTD           equ	3971	;# 
  1211   000F84                     PORTE           equ	3972	;# 
  1212   000F89                     LATA            equ	3977	;# 
  1213   000F8A                     LATB            equ	3978	;# 
  1214   000F8B                     LATC            equ	3979	;# 
  1215   000F8C                     LATD            equ	3980	;# 
  1216   000F8D                     LATE            equ	3981	;# 
  1217   000F92                     TRISA           equ	3986	;# 
  1218   000F92                     DDRA            equ	3986	;# 
  1219   000F93                     TRISB           equ	3987	;# 
  1220   000F93                     DDRB            equ	3987	;# 
  1221   000F94                     TRISC           equ	3988	;# 
  1222   000F94                     DDRC            equ	3988	;# 
  1223   000F95                     TRISD           equ	3989	;# 
  1224   000F95                     DDRD            equ	3989	;# 
  1225   000F96                     TRISE           equ	3990	;# 
  1226   000F96                     DDRE            equ	3990	;# 
  1227   000F9B                     OSCTUNE         equ	3995	;# 
  1228   000F9D                     PIE1            equ	3997	;# 
  1229   000F9E                     PIR1            equ	3998	;# 
  1230   000F9F                     IPR1            equ	3999	;# 
  1231   000FA0                     PIE2            equ	4000	;# 
  1232   000FA1                     PIR2            equ	4001	;# 
  1233   000FA2                     IPR2            equ	4002	;# 
  1234   000FA3                     PIE3            equ	4003	;# 
  1235   000FA4                     PIR3            equ	4004	;# 
  1236   000FA5                     IPR3            equ	4005	;# 
  1237   000FA6                     EECON1          equ	4006	;# 
  1238   000FA7                     EECON2          equ	4007	;# 
  1239   000FA8                     EEDATA          equ	4008	;# 
  1240   000FA9                     EEADR           equ	4009	;# 
  1241   000FAB                     RCSTA           equ	4011	;# 
  1242   000FAB                     RCSTA1          equ	4011	;# 
  1243   000FAC                     TXSTA           equ	4012	;# 
  1244   000FAC                     TXSTA1          equ	4012	;# 
  1245   000FAD                     TXREG           equ	4013	;# 
  1246   000FAD                     TXREG1          equ	4013	;# 
  1247   000FAE                     RCREG           equ	4014	;# 
  1248   000FAE                     RCREG1          equ	4014	;# 
  1249   000FAF                     SPBRG           equ	4015	;# 
  1250   000FAF                     SPBRG1          equ	4015	;# 
  1251   000FB0                     SPBRGH          equ	4016	;# 
  1252   000FB1                     T3CON           equ	4017	;# 
  1253   000FB2                     TMR3            equ	4018	;# 
  1254   000FB2                     TMR3L           equ	4018	;# 
  1255   000FB3                     TMR3H           equ	4019	;# 
  1256   000FB4                     CMCON           equ	4020	;# 
  1257   000FB5                     CVRCON          equ	4021	;# 
  1258   000FB6                     ECCP1AS         equ	4022	;# 
  1259   000FB7                     ECCP1DEL        equ	4023	;# 
  1260   000FB8                     BAUDCON         equ	4024	;# 
  1261   000FB8                     BAUDCTL         equ	4024	;# 
  1262   000FBA                     ECCP1CON        equ	4026	;# 
  1263   000FBB                     ECCPR1          equ	4027	;# 
  1264   000FBB                     ECCPR1L         equ	4027	;# 
  1265   000FBC                     ECCPR1H         equ	4028	;# 
  1266   000FBD                     CCP1CON         equ	4029	;# 
  1267   000FBE                     CCPR1           equ	4030	;# 
  1268   000FBE                     CCPR1L          equ	4030	;# 
  1269   000FBF                     CCPR1H          equ	4031	;# 
  1270   000FC0                     ADCON2          equ	4032	;# 
  1271   000FC1                     ADCON1          equ	4033	;# 
  1272   000FC2                     ADCON0          equ	4034	;# 
  1273   000FC3                     ADRES           equ	4035	;# 
  1274   000FC3                     ADRESL          equ	4035	;# 
  1275   000FC4                     ADRESH          equ	4036	;# 
  1276   000FC5                     SSPCON2         equ	4037	;# 
  1277   000FC6                     SSPCON1         equ	4038	;# 
  1278   000FC7                     SSPSTAT         equ	4039	;# 
  1279   000FC8                     SSPADD          equ	4040	;# 
  1280   000FC9                     SSPBUF          equ	4041	;# 
  1281   000FCA                     T2CON           equ	4042	;# 
  1282   000FCB                     PR2             equ	4043	;# 
  1283   000FCB                     MEMCON          equ	4043	;# 
  1284   000FCC                     TMR2            equ	4044	;# 
  1285   000FCD                     T1CON           equ	4045	;# 
  1286   000FCE                     TMR1            equ	4046	;# 
  1287   000FCE                     TMR1L           equ	4046	;# 
  1288   000FCF                     TMR1H           equ	4047	;# 
  1289   000FD0                     RCON            equ	4048	;# 
  1290   000FD1                     WDTCON          equ	4049	;# 
  1291   000FD2                     HLVDCON         equ	4050	;# 
  1292   000FD2                     LVDCON          equ	4050	;# 
  1293   000FD3                     OSCCON          equ	4051	;# 
  1294   000FD5                     T0CON           equ	4053	;# 
  1295   000FD6                     TMR0            equ	4054	;# 
  1296   000FD6                     TMR0L           equ	4054	;# 
  1297   000FD7                     TMR0H           equ	4055	;# 
  1298   000FD8                     STATUS          equ	4056	;# 
  1299   000FD9                     FSR2            equ	4057	;# 
  1300   000FD9                     FSR2L           equ	4057	;# 
  1301   000FDA                     FSR2H           equ	4058	;# 
  1302   000FDB                     PLUSW2          equ	4059	;# 
  1303   000FDC                     PREINC2         equ	4060	;# 
  1304   000FDD                     POSTDEC2        equ	4061	;# 
  1305   000FDE                     POSTINC2        equ	4062	;# 
  1306   000FDF                     INDF2           equ	4063	;# 
  1307   000FE0                     BSR             equ	4064	;# 
  1308   000FE1                     FSR1            equ	4065	;# 
  1309   000FE1                     FSR1L           equ	4065	;# 
  1310   000FE2                     FSR1H           equ	4066	;# 
  1311   000FE3                     PLUSW1          equ	4067	;# 
  1312   000FE4                     PREINC1         equ	4068	;# 
  1313   000FE5                     POSTDEC1        equ	4069	;# 
  1314   000FE6                     POSTINC1        equ	4070	;# 
  1315   000FE7                     INDF1           equ	4071	;# 
  1316   000FE8                     WREG            equ	4072	;# 
  1317   000FE9                     FSR0            equ	4073	;# 
  1318   000FE9                     FSR0L           equ	4073	;# 
  1319   000FEA                     FSR0H           equ	4074	;# 
  1320   000FEB                     PLUSW0          equ	4075	;# 
  1321   000FEC                     PREINC0         equ	4076	;# 
  1322   000FED                     POSTDEC0        equ	4077	;# 
  1323   000FEE                     POSTINC0        equ	4078	;# 
  1324   000FEF                     INDF0           equ	4079	;# 
  1325   000FF0                     INTCON3         equ	4080	;# 
  1326   000FF1                     INTCON2         equ	4081	;# 
  1327   000FF2                     INTCON          equ	4082	;# 
  1328   000FF3                     PROD            equ	4083	;# 
  1329   000FF3                     PRODL           equ	4083	;# 
  1330   000FF4                     PRODH           equ	4084	;# 
  1331   000FF5                     TABLAT          equ	4085	;# 
  1332   000FF6                     TBLPTR          equ	4086	;# 
  1333   000FF6                     TBLPTRL         equ	4086	;# 
  1334   000FF7                     TBLPTRH         equ	4087	;# 
  1335   000FF8                     TBLPTRU         equ	4088	;# 
  1336   000FF9                     PCLAT           equ	4089	;# 
  1337   000FF9                     PC              equ	4089	;# 
  1338   000FF9                     PCL             equ	4089	;# 
  1339   000FFA                     PCLATH          equ	4090	;# 
  1340   000FFB                     PCLATU          equ	4091	;# 
  1341   000FFC                     STKPTR          equ	4092	;# 
  1342   000FFD                     TOS             equ	4093	;# 
  1343   000FFD                     TOSL            equ	4093	;# 
  1344   000FFE                     TOSH            equ	4094	;# 
  1345   000FFF                     TOSU            equ	4095	;# 
  1346   000D60                     RXF6SIDH        equ	3424	;# 
  1347   000D61                     RXF6SIDL        equ	3425	;# 
  1348   000D62                     RXF6EIDH        equ	3426	;# 
  1349   000D63                     RXF6EIDL        equ	3427	;# 
  1350   000D64                     RXF7SIDH        equ	3428	;# 
  1351   000D65                     RXF7SIDL        equ	3429	;# 
  1352   000D66                     RXF7EIDH        equ	3430	;# 
  1353   000D67                     RXF7EIDL        equ	3431	;# 
  1354   000D68                     RXF8SIDH        equ	3432	;# 
  1355   000D69                     RXF8SIDL        equ	3433	;# 
  1356   000D6A                     RXF8EIDH        equ	3434	;# 
  1357   000D6B                     RXF8EIDL        equ	3435	;# 
  1358   000D70                     RXF9SIDH        equ	3440	;# 
  1359   000D71                     RXF9SIDL        equ	3441	;# 
  1360   000D72                     RXF9EIDH        equ	3442	;# 
  1361   000D73                     RXF9EIDL        equ	3443	;# 
  1362   000D74                     RXF10SIDH       equ	3444	;# 
  1363   000D75                     RXF10SIDL       equ	3445	;# 
  1364   000D76                     RXF10EIDH       equ	3446	;# 
  1365   000D77                     RXF10EIDL       equ	3447	;# 
  1366   000D78                     RXF11SIDH       equ	3448	;# 
  1367   000D79                     RXF11SIDL       equ	3449	;# 
  1368   000D7A                     RXF11EIDH       equ	3450	;# 
  1369   000D7B                     RXF11EIDL       equ	3451	;# 
  1370   000D80                     RXF12SIDH       equ	3456	;# 
  1371   000D81                     RXF12SIDL       equ	3457	;# 
  1372   000D82                     RXF12EIDH       equ	3458	;# 
  1373   000D83                     RXF12EIDL       equ	3459	;# 
  1374   000D84                     RXF13SIDH       equ	3460	;# 
  1375   000D85                     RXF13SIDL       equ	3461	;# 
  1376   000D86                     RXF13EIDH       equ	3462	;# 
  1377   000D87                     RXF13EIDL       equ	3463	;# 
  1378   000D88                     RXF14SIDH       equ	3464	;# 
  1379   000D89                     RXF14SIDL       equ	3465	;# 
  1380   000D8A                     RXF14EIDH       equ	3466	;# 
  1381   000D8B                     RXF14EIDL       equ	3467	;# 
  1382   000D90                     RXF15SIDH       equ	3472	;# 
  1383   000D91                     RXF15SIDL       equ	3473	;# 
  1384   000D92                     RXF15EIDH       equ	3474	;# 
  1385   000D93                     RXF15EIDL       equ	3475	;# 
  1386   000DD4                     RXFCON0         equ	3540	;# 
  1387   000DD5                     RXFCON1         equ	3541	;# 
  1388   000DD8                     SDFLC           equ	3544	;# 
  1389   000DE0                     RXFBCON0        equ	3552	;# 
  1390   000DE1                     RXFBCON1        equ	3553	;# 
  1391   000DE2                     RXFBCON2        equ	3554	;# 
  1392   000DE3                     RXFBCON3        equ	3555	;# 
  1393   000DE4                     RXFBCON4        equ	3556	;# 
  1394   000DE5                     RXFBCON5        equ	3557	;# 
  1395   000DE6                     RXFBCON6        equ	3558	;# 
  1396   000DE7                     RXFBCON7        equ	3559	;# 
  1397   000DF0                     MSEL0           equ	3568	;# 
  1398   000DF1                     MSEL1           equ	3569	;# 
  1399   000DF2                     MSEL2           equ	3570	;# 
  1400   000DF3                     MSEL3           equ	3571	;# 
  1401   000DF8                     BSEL0           equ	3576	;# 
  1402   000DFA                     BIE0            equ	3578	;# 
  1403   000DFC                     TXBIE           equ	3580	;# 
  1404   000E20                     B0CON           equ	3616	;# 
  1405   000E21                     B0SIDH          equ	3617	;# 
  1406   000E22                     B0SIDL          equ	3618	;# 
  1407   000E23                     B0EIDH          equ	3619	;# 
  1408   000E24                     B0EIDL          equ	3620	;# 
  1409   000E25                     B0DLC           equ	3621	;# 
  1410   000E26                     B0D0            equ	3622	;# 
  1411   000E27                     B0D1            equ	3623	;# 
  1412   000E28                     B0D2            equ	3624	;# 
  1413   000E29                     B0D3            equ	3625	;# 
  1414   000E2A                     B0D4            equ	3626	;# 
  1415   000E2B                     B0D5            equ	3627	;# 
  1416   000E2C                     B0D6            equ	3628	;# 
  1417   000E2D                     B0D7            equ	3629	;# 
  1418   000E2E                     CANSTAT_RO9     equ	3630	;# 
  1419   000E2F                     CANCON_RO9      equ	3631	;# 
  1420   000E30                     B1CON           equ	3632	;# 
  1421   000E31                     B1SIDH          equ	3633	;# 
  1422   000E32                     B1SIDL          equ	3634	;# 
  1423   000E33                     B1EIDH          equ	3635	;# 
  1424   000E34                     B1EIDL          equ	3636	;# 
  1425   000E35                     B1DLC           equ	3637	;# 
  1426   000E36                     B1D0            equ	3638	;# 
  1427   000E37                     B1D1            equ	3639	;# 
  1428   000E38                     B1D2            equ	3640	;# 
  1429   000E39                     B1D3            equ	3641	;# 
  1430   000E3A                     B1D4            equ	3642	;# 
  1431   000E3B                     B1D5            equ	3643	;# 
  1432   000E3C                     B1D6            equ	3644	;# 
  1433   000E3D                     B1D7            equ	3645	;# 
  1434   000E3E                     CANSTAT_RO8     equ	3646	;# 
  1435   000E3F                     CANCON_RO8      equ	3647	;# 
  1436   000E40                     B2CON           equ	3648	;# 
  1437   000E41                     B2SIDH          equ	3649	;# 
  1438   000E42                     B2SIDL          equ	3650	;# 
  1439   000E43                     B2EIDH          equ	3651	;# 
  1440   000E44                     B2EIDL          equ	3652	;# 
  1441   000E45                     B2DLC           equ	3653	;# 
  1442   000E46                     B2D0            equ	3654	;# 
  1443   000E47                     B2D1            equ	3655	;# 
  1444   000E48                     B2D2            equ	3656	;# 
  1445   000E49                     B2D3            equ	3657	;# 
  1446   000E4A                     B2D4            equ	3658	;# 
  1447   000E4B                     B2D5            equ	3659	;# 
  1448   000E4C                     B2D6            equ	3660	;# 
  1449   000E4D                     B2D7            equ	3661	;# 
  1450   000E4E                     CANSTAT_RO7     equ	3662	;# 
  1451   000E4F                     CANCON_RO7      equ	3663	;# 
  1452   000E50                     B3CON           equ	3664	;# 
  1453   000E51                     B3SIDH          equ	3665	;# 
  1454   000E52                     B3SIDL          equ	3666	;# 
  1455   000E53                     B3EIDH          equ	3667	;# 
  1456   000E54                     B3EIDL          equ	3668	;# 
  1457   000E55                     B3DLC           equ	3669	;# 
  1458   000E56                     B3D0            equ	3670	;# 
  1459   000E57                     B3D1            equ	3671	;# 
  1460   000E58                     B3D2            equ	3672	;# 
  1461   000E59                     B3D3            equ	3673	;# 
  1462   000E5A                     B3D4            equ	3674	;# 
  1463   000E5B                     B3D5            equ	3675	;# 
  1464   000E5C                     B3D6            equ	3676	;# 
  1465   000E5D                     B3D7            equ	3677	;# 
  1466   000E5E                     CANSTAT_RO6     equ	3678	;# 
  1467   000E5F                     CANCON_RO6      equ	3679	;# 
  1468   000E60                     B4CON           equ	3680	;# 
  1469   000E61                     B4SIDH          equ	3681	;# 
  1470   000E62                     B4SIDL          equ	3682	;# 
  1471   000E63                     B4EIDH          equ	3683	;# 
  1472   000E64                     B4EIDL          equ	3684	;# 
  1473   000E65                     B4DLC           equ	3685	;# 
  1474   000E66                     B4D0            equ	3686	;# 
  1475   000E67                     B4D1            equ	3687	;# 
  1476   000E68                     B4D2            equ	3688	;# 
  1477   000E69                     B4D3            equ	3689	;# 
  1478   000E6A                     B4D4            equ	3690	;# 
  1479   000E6B                     B4D5            equ	3691	;# 
  1480   000E6C                     B4D6            equ	3692	;# 
  1481   000E6D                     B4D7            equ	3693	;# 
  1482   000E6E                     CANSTAT_RO5     equ	3694	;# 
  1483   000E6F                     CANCON_RO5      equ	3695	;# 
  1484   000E70                     B5CON           equ	3696	;# 
  1485   000E71                     B5SIDH          equ	3697	;# 
  1486   000E72                     B5SIDL          equ	3698	;# 
  1487   000E73                     B5EIDH          equ	3699	;# 
  1488   000E74                     B5EIDL          equ	3700	;# 
  1489   000E75                     B5DLC           equ	3701	;# 
  1490   000E76                     B5D0            equ	3702	;# 
  1491   000E77                     B5D1            equ	3703	;# 
  1492   000E78                     B5D2            equ	3704	;# 
  1493   000E79                     B5D3            equ	3705	;# 
  1494   000E7A                     B5D4            equ	3706	;# 
  1495   000E7B                     B5D5            equ	3707	;# 
  1496   000E7C                     B5D6            equ	3708	;# 
  1497   000E7D                     B5D7            equ	3709	;# 
  1498   000E7E                     CANSTAT_RO4     equ	3710	;# 
  1499   000E7F                     CANCON_RO4      equ	3711	;# 
  1500   000F00                     RXF0SIDH        equ	3840	;# 
  1501   000F01                     RXF0SIDL        equ	3841	;# 
  1502   000F02                     RXF0EIDH        equ	3842	;# 
  1503   000F03                     RXF0EIDL        equ	3843	;# 
  1504   000F04                     RXF1SIDH        equ	3844	;# 
  1505   000F05                     RXF1SIDL        equ	3845	;# 
  1506   000F06                     RXF1EIDH        equ	3846	;# 
  1507   000F07                     RXF1EIDL        equ	3847	;# 
  1508   000F08                     RXF2SIDH        equ	3848	;# 
  1509   000F09                     RXF2SIDL        equ	3849	;# 
  1510   000F0A                     RXF2EIDH        equ	3850	;# 
  1511   000F0B                     RXF2EIDL        equ	3851	;# 
  1512   000F0C                     RXF3SIDH        equ	3852	;# 
  1513   000F0D                     RXF3SIDL        equ	3853	;# 
  1514   000F0E                     RXF3EIDH        equ	3854	;# 
  1515   000F0F                     RXF3EIDL        equ	3855	;# 
  1516   000F10                     RXF4SIDH        equ	3856	;# 
  1517   000F11                     RXF4SIDL        equ	3857	;# 
  1518   000F12                     RXF4EIDH        equ	3858	;# 
  1519   000F13                     RXF4EIDL        equ	3859	;# 
  1520   000F14                     RXF5SIDH        equ	3860	;# 
  1521   000F15                     RXF5SIDL        equ	3861	;# 
  1522   000F16                     RXF5EIDH        equ	3862	;# 
  1523   000F17                     RXF5EIDL        equ	3863	;# 
  1524   000F18                     RXM0SIDH        equ	3864	;# 
  1525   000F19                     RXM0SIDL        equ	3865	;# 
  1526   000F1A                     RXM0EIDH        equ	3866	;# 
  1527   000F1B                     RXM0EIDL        equ	3867	;# 
  1528   000F1C                     RXM1SIDH        equ	3868	;# 
  1529   000F1D                     RXM1SIDL        equ	3869	;# 
  1530   000F1E                     RXM1EIDH        equ	3870	;# 
  1531   000F1F                     RXM1EIDL        equ	3871	;# 
  1532   000F20                     TXB2CON         equ	3872	;# 
  1533   000F21                     TXB2SIDH        equ	3873	;# 
  1534   000F22                     TXB2SIDL        equ	3874	;# 
  1535   000F23                     TXB2EIDH        equ	3875	;# 
  1536   000F24                     TXB2EIDL        equ	3876	;# 
  1537   000F25                     TXB2DLC         equ	3877	;# 
  1538   000F26                     TXB2D0          equ	3878	;# 
  1539   000F27                     TXB2D1          equ	3879	;# 
  1540   000F28                     TXB2D2          equ	3880	;# 
  1541   000F29                     TXB2D3          equ	3881	;# 
  1542   000F2A                     TXB2D4          equ	3882	;# 
  1543   000F2B                     TXB2D5          equ	3883	;# 
  1544   000F2C                     TXB2D6          equ	3884	;# 
  1545   000F2D                     TXB2D7          equ	3885	;# 
  1546   000F2E                     CANSTAT_RO3     equ	3886	;# 
  1547   000F2F                     CANCON_RO3      equ	3887	;# 
  1548   000F30                     TXB1CON         equ	3888	;# 
  1549   000F31                     TXB1SIDH        equ	3889	;# 
  1550   000F32                     TXB1SIDL        equ	3890	;# 
  1551   000F33                     TXB1EIDH        equ	3891	;# 
  1552   000F34                     TXB1EIDL        equ	3892	;# 
  1553   000F35                     TXB1DLC         equ	3893	;# 
  1554   000F36                     TXB1D0          equ	3894	;# 
  1555   000F37                     TXB1D1          equ	3895	;# 
  1556   000F38                     TXB1D2          equ	3896	;# 
  1557   000F39                     TXB1D3          equ	3897	;# 
  1558   000F3A                     TXB1D4          equ	3898	;# 
  1559   000F3B                     TXB1D5          equ	3899	;# 
  1560   000F3C                     TXB1D6          equ	3900	;# 
  1561   000F3D                     TXB1D7          equ	3901	;# 
  1562   000F3E                     CANSTAT_RO2     equ	3902	;# 
  1563   000F3F                     CANCON_RO2      equ	3903	;# 
  1564   000F40                     TXB0CON         equ	3904	;# 
  1565   000F41                     TXB0SIDH        equ	3905	;# 
  1566   000F42                     TXB0SIDL        equ	3906	;# 
  1567   000F43                     TXB0EIDH        equ	3907	;# 
  1568   000F44                     TXB0EIDL        equ	3908	;# 
  1569   000F45                     TXB0DLC         equ	3909	;# 
  1570   000F46                     TXB0D0          equ	3910	;# 
  1571   000F47                     TXB0D1          equ	3911	;# 
  1572   000F48                     TXB0D2          equ	3912	;# 
  1573   000F49                     TXB0D3          equ	3913	;# 
  1574   000F4A                     TXB0D4          equ	3914	;# 
  1575   000F4B                     TXB0D5          equ	3915	;# 
  1576   000F4C                     TXB0D6          equ	3916	;# 
  1577   000F4D                     TXB0D7          equ	3917	;# 
  1578   000F4E                     CANSTAT_RO1     equ	3918	;# 
  1579   000F4F                     CANCON_RO1      equ	3919	;# 
  1580   000F50                     RXB1CON         equ	3920	;# 
  1581   000F51                     RXB1SIDH        equ	3921	;# 
  1582   000F52                     RXB1SIDL        equ	3922	;# 
  1583   000F53                     RXB1EIDH        equ	3923	;# 
  1584   000F54                     RXB1EIDL        equ	3924	;# 
  1585   000F55                     RXB1DLC         equ	3925	;# 
  1586   000F56                     RXB1D0          equ	3926	;# 
  1587   000F57                     RXB1D1          equ	3927	;# 
  1588   000F58                     RXB1D2          equ	3928	;# 
  1589   000F59                     RXB1D3          equ	3929	;# 
  1590   000F5A                     RXB1D4          equ	3930	;# 
  1591   000F5B                     RXB1D5          equ	3931	;# 
  1592   000F5C                     RXB1D6          equ	3932	;# 
  1593   000F5D                     RXB1D7          equ	3933	;# 
  1594   000F5E                     CANSTAT_RO0     equ	3934	;# 
  1595   000F5F                     CANCON_RO0      equ	3935	;# 
  1596   000F60                     RXB0CON         equ	3936	;# 
  1597   000F61                     RXB0SIDH        equ	3937	;# 
  1598   000F62                     RXB0SIDL        equ	3938	;# 
  1599   000F63                     RXB0EIDH        equ	3939	;# 
  1600   000F64                     RXB0EIDL        equ	3940	;# 
  1601   000F65                     RXB0DLC         equ	3941	;# 
  1602   000F66                     RXB0D0          equ	3942	;# 
  1603   000F67                     RXB0D1          equ	3943	;# 
  1604   000F68                     RXB0D2          equ	3944	;# 
  1605   000F69                     RXB0D3          equ	3945	;# 
  1606   000F6A                     RXB0D4          equ	3946	;# 
  1607   000F6B                     RXB0D5          equ	3947	;# 
  1608   000F6C                     RXB0D6          equ	3948	;# 
  1609   000F6D                     RXB0D7          equ	3949	;# 
  1610   000F6E                     CANSTAT         equ	3950	;# 
  1611   000F6F                     CANCON          equ	3951	;# 
  1612   000F70                     BRGCON1         equ	3952	;# 
  1613   000F71                     BRGCON2         equ	3953	;# 
  1614   000F72                     BRGCON3         equ	3954	;# 
  1615   000F73                     CIOCON          equ	3955	;# 
  1616   000F74                     COMSTAT         equ	3956	;# 
  1617   000F75                     RXERRCNT        equ	3957	;# 
  1618   000F76                     TXERRCNT        equ	3958	;# 
  1619   000F77                     ECANCON         equ	3959	;# 
  1620   000F80                     PORTA           equ	3968	;# 
  1621   000F81                     PORTB           equ	3969	;# 
  1622   000F82                     PORTC           equ	3970	;# 
  1623   000F83                     PORTD           equ	3971	;# 
  1624   000F84                     PORTE           equ	3972	;# 
  1625   000F89                     LATA            equ	3977	;# 
  1626   000F8A                     LATB            equ	3978	;# 
  1627   000F8B                     LATC            equ	3979	;# 
  1628   000F8C                     LATD            equ	3980	;# 
  1629   000F8D                     LATE            equ	3981	;# 
  1630   000F92                     TRISA           equ	3986	;# 
  1631   000F92                     DDRA            equ	3986	;# 
  1632   000F93                     TRISB           equ	3987	;# 
  1633   000F93                     DDRB            equ	3987	;# 
  1634   000F94                     TRISC           equ	3988	;# 
  1635   000F94                     DDRC            equ	3988	;# 
  1636   000F95                     TRISD           equ	3989	;# 
  1637   000F95                     DDRD            equ	3989	;# 
  1638   000F96                     TRISE           equ	3990	;# 
  1639   000F96                     DDRE            equ	3990	;# 
  1640   000F9B                     OSCTUNE         equ	3995	;# 
  1641   000F9D                     PIE1            equ	3997	;# 
  1642   000F9E                     PIR1            equ	3998	;# 
  1643   000F9F                     IPR1            equ	3999	;# 
  1644   000FA0                     PIE2            equ	4000	;# 
  1645   000FA1                     PIR2            equ	4001	;# 
  1646   000FA2                     IPR2            equ	4002	;# 
  1647   000FA3                     PIE3            equ	4003	;# 
  1648   000FA4                     PIR3            equ	4004	;# 
  1649   000FA5                     IPR3            equ	4005	;# 
  1650   000FA6                     EECON1          equ	4006	;# 
  1651   000FA7                     EECON2          equ	4007	;# 
  1652   000FA8                     EEDATA          equ	4008	;# 
  1653   000FA9                     EEADR           equ	4009	;# 
  1654   000FAB                     RCSTA           equ	4011	;# 
  1655   000FAB                     RCSTA1          equ	4011	;# 
  1656   000FAC                     TXSTA           equ	4012	;# 
  1657   000FAC                     TXSTA1          equ	4012	;# 
  1658   000FAD                     TXREG           equ	4013	;# 
  1659   000FAD                     TXREG1          equ	4013	;# 
  1660   000FAE                     RCREG           equ	4014	;# 
  1661   000FAE                     RCREG1          equ	4014	;# 
  1662   000FAF                     SPBRG           equ	4015	;# 
  1663   000FAF                     SPBRG1          equ	4015	;# 
  1664   000FB0                     SPBRGH          equ	4016	;# 
  1665   000FB1                     T3CON           equ	4017	;# 
  1666   000FB2                     TMR3            equ	4018	;# 
  1667   000FB2                     TMR3L           equ	4018	;# 
  1668   000FB3                     TMR3H           equ	4019	;# 
  1669   000FB4                     CMCON           equ	4020	;# 
  1670   000FB5                     CVRCON          equ	4021	;# 
  1671   000FB6                     ECCP1AS         equ	4022	;# 
  1672   000FB7                     ECCP1DEL        equ	4023	;# 
  1673   000FB8                     BAUDCON         equ	4024	;# 
  1674   000FB8                     BAUDCTL         equ	4024	;# 
  1675   000FBA                     ECCP1CON        equ	4026	;# 
  1676   000FBB                     ECCPR1          equ	4027	;# 
  1677   000FBB                     ECCPR1L         equ	4027	;# 
  1678   000FBC                     ECCPR1H         equ	4028	;# 
  1679   000FBD                     CCP1CON         equ	4029	;# 
  1680   000FBE                     CCPR1           equ	4030	;# 
  1681   000FBE                     CCPR1L          equ	4030	;# 
  1682   000FBF                     CCPR1H          equ	4031	;# 
  1683   000FC0                     ADCON2          equ	4032	;# 
  1684   000FC1                     ADCON1          equ	4033	;# 
  1685   000FC2                     ADCON0          equ	4034	;# 
  1686   000FC3                     ADRES           equ	4035	;# 
  1687   000FC3                     ADRESL          equ	4035	;# 
  1688   000FC4                     ADRESH          equ	4036	;# 
  1689   000FC5                     SSPCON2         equ	4037	;# 
  1690   000FC6                     SSPCON1         equ	4038	;# 
  1691   000FC7                     SSPSTAT         equ	4039	;# 
  1692   000FC8                     SSPADD          equ	4040	;# 
  1693   000FC9                     SSPBUF          equ	4041	;# 
  1694   000FCA                     T2CON           equ	4042	;# 
  1695   000FCB                     PR2             equ	4043	;# 
  1696   000FCB                     MEMCON          equ	4043	;# 
  1697   000FCC                     TMR2            equ	4044	;# 
  1698   000FCD                     T1CON           equ	4045	;# 
  1699   000FCE                     TMR1            equ	4046	;# 
  1700   000FCE                     TMR1L           equ	4046	;# 
  1701   000FCF                     TMR1H           equ	4047	;# 
  1702   000FD0                     RCON            equ	4048	;# 
  1703   000FD1                     WDTCON          equ	4049	;# 
  1704   000FD2                     HLVDCON         equ	4050	;# 
  1705   000FD2                     LVDCON          equ	4050	;# 
  1706   000FD3                     OSCCON          equ	4051	;# 
  1707   000FD5                     T0CON           equ	4053	;# 
  1708   000FD6                     TMR0            equ	4054	;# 
  1709   000FD6                     TMR0L           equ	4054	;# 
  1710   000FD7                     TMR0H           equ	4055	;# 
  1711   000FD8                     STATUS          equ	4056	;# 
  1712   000FD9                     FSR2            equ	4057	;# 
  1713   000FD9                     FSR2L           equ	4057	;# 
  1714   000FDA                     FSR2H           equ	4058	;# 
  1715   000FDB                     PLUSW2          equ	4059	;# 
  1716   000FDC                     PREINC2         equ	4060	;# 
  1717   000FDD                     POSTDEC2        equ	4061	;# 
  1718   000FDE                     POSTINC2        equ	4062	;# 
  1719   000FDF                     INDF2           equ	4063	;# 
  1720   000FE0                     BSR             equ	4064	;# 
  1721   000FE1                     FSR1            equ	4065	;# 
  1722   000FE1                     FSR1L           equ	4065	;# 
  1723   000FE2                     FSR1H           equ	4066	;# 
  1724   000FE3                     PLUSW1          equ	4067	;# 
  1725   000FE4                     PREINC1         equ	4068	;# 
  1726   000FE5                     POSTDEC1        equ	4069	;# 
  1727   000FE6                     POSTINC1        equ	4070	;# 
  1728   000FE7                     INDF1           equ	4071	;# 
  1729   000FE8                     WREG            equ	4072	;# 
  1730   000FE9                     FSR0            equ	4073	;# 
  1731   000FE9                     FSR0L           equ	4073	;# 
  1732   000FEA                     FSR0H           equ	4074	;# 
  1733   000FEB                     PLUSW0          equ	4075	;# 
  1734   000FEC                     PREINC0         equ	4076	;# 
  1735   000FED                     POSTDEC0        equ	4077	;# 
  1736   000FEE                     POSTINC0        equ	4078	;# 
  1737   000FEF                     INDF0           equ	4079	;# 
  1738   000FF0                     INTCON3         equ	4080	;# 
  1739   000FF1                     INTCON2         equ	4081	;# 
  1740   000FF2                     INTCON          equ	4082	;# 
  1741   000FF3                     PROD            equ	4083	;# 
  1742   000FF3                     PRODL           equ	4083	;# 
  1743   000FF4                     PRODH           equ	4084	;# 
  1744   000FF5                     TABLAT          equ	4085	;# 
  1745   000FF6                     TBLPTR          equ	4086	;# 
  1746   000FF6                     TBLPTRL         equ	4086	;# 
  1747   000FF7                     TBLPTRH         equ	4087	;# 
  1748   000FF8                     TBLPTRU         equ	4088	;# 
  1749   000FF9                     PCLAT           equ	4089	;# 
  1750   000FF9                     PC              equ	4089	;# 
  1751   000FF9                     PCL             equ	4089	;# 
  1752   000FFA                     PCLATH          equ	4090	;# 
  1753   000FFB                     PCLATU          equ	4091	;# 
  1754   000FFC                     STKPTR          equ	4092	;# 
  1755   000FFD                     TOS             equ	4093	;# 
  1756   000FFD                     TOSL            equ	4093	;# 
  1757   000FFE                     TOSH            equ	4094	;# 
  1758   000FFF                     TOSU            equ	4095	;# 
  1759   000D60                     RXF6SIDH        equ	3424	;# 
  1760   000D61                     RXF6SIDL        equ	3425	;# 
  1761   000D62                     RXF6EIDH        equ	3426	;# 
  1762   000D63                     RXF6EIDL        equ	3427	;# 
  1763   000D64                     RXF7SIDH        equ	3428	;# 
  1764   000D65                     RXF7SIDL        equ	3429	;# 
  1765   000D66                     RXF7EIDH        equ	3430	;# 
  1766   000D67                     RXF7EIDL        equ	3431	;# 
  1767   000D68                     RXF8SIDH        equ	3432	;# 
  1768   000D69                     RXF8SIDL        equ	3433	;# 
  1769   000D6A                     RXF8EIDH        equ	3434	;# 
  1770   000D6B                     RXF8EIDL        equ	3435	;# 
  1771   000D70                     RXF9SIDH        equ	3440	;# 
  1772   000D71                     RXF9SIDL        equ	3441	;# 
  1773   000D72                     RXF9EIDH        equ	3442	;# 
  1774   000D73                     RXF9EIDL        equ	3443	;# 
  1775   000D74                     RXF10SIDH       equ	3444	;# 
  1776   000D75                     RXF10SIDL       equ	3445	;# 
  1777   000D76                     RXF10EIDH       equ	3446	;# 
  1778   000D77                     RXF10EIDL       equ	3447	;# 
  1779   000D78                     RXF11SIDH       equ	3448	;# 
  1780   000D79                     RXF11SIDL       equ	3449	;# 
  1781   000D7A                     RXF11EIDH       equ	3450	;# 
  1782   000D7B                     RXF11EIDL       equ	3451	;# 
  1783   000D80                     RXF12SIDH       equ	3456	;# 
  1784   000D81                     RXF12SIDL       equ	3457	;# 
  1785   000D82                     RXF12EIDH       equ	3458	;# 
  1786   000D83                     RXF12EIDL       equ	3459	;# 
  1787   000D84                     RXF13SIDH       equ	3460	;# 
  1788   000D85                     RXF13SIDL       equ	3461	;# 
  1789   000D86                     RXF13EIDH       equ	3462	;# 
  1790   000D87                     RXF13EIDL       equ	3463	;# 
  1791   000D88                     RXF14SIDH       equ	3464	;# 
  1792   000D89                     RXF14SIDL       equ	3465	;# 
  1793   000D8A                     RXF14EIDH       equ	3466	;# 
  1794   000D8B                     RXF14EIDL       equ	3467	;# 
  1795   000D90                     RXF15SIDH       equ	3472	;# 
  1796   000D91                     RXF15SIDL       equ	3473	;# 
  1797   000D92                     RXF15EIDH       equ	3474	;# 
  1798   000D93                     RXF15EIDL       equ	3475	;# 
  1799   000DD4                     RXFCON0         equ	3540	;# 
  1800   000DD5                     RXFCON1         equ	3541	;# 
  1801   000DD8                     SDFLC           equ	3544	;# 
  1802   000DE0                     RXFBCON0        equ	3552	;# 
  1803   000DE1                     RXFBCON1        equ	3553	;# 
  1804   000DE2                     RXFBCON2        equ	3554	;# 
  1805   000DE3                     RXFBCON3        equ	3555	;# 
  1806   000DE4                     RXFBCON4        equ	3556	;# 
  1807   000DE5                     RXFBCON5        equ	3557	;# 
  1808   000DE6                     RXFBCON6        equ	3558	;# 
  1809   000DE7                     RXFBCON7        equ	3559	;# 
  1810   000DF0                     MSEL0           equ	3568	;# 
  1811   000DF1                     MSEL1           equ	3569	;# 
  1812   000DF2                     MSEL2           equ	3570	;# 
  1813   000DF3                     MSEL3           equ	3571	;# 
  1814   000DF8                     BSEL0           equ	3576	;# 
  1815   000DFA                     BIE0            equ	3578	;# 
  1816   000DFC                     TXBIE           equ	3580	;# 
  1817   000E20                     B0CON           equ	3616	;# 
  1818   000E21                     B0SIDH          equ	3617	;# 
  1819   000E22                     B0SIDL          equ	3618	;# 
  1820   000E23                     B0EIDH          equ	3619	;# 
  1821   000E24                     B0EIDL          equ	3620	;# 
  1822   000E25                     B0DLC           equ	3621	;# 
  1823   000E26                     B0D0            equ	3622	;# 
  1824   000E27                     B0D1            equ	3623	;# 
  1825   000E28                     B0D2            equ	3624	;# 
  1826   000E29                     B0D3            equ	3625	;# 
  1827   000E2A                     B0D4            equ	3626	;# 
  1828   000E2B                     B0D5            equ	3627	;# 
  1829   000E2C                     B0D6            equ	3628	;# 
  1830   000E2D                     B0D7            equ	3629	;# 
  1831   000E2E                     CANSTAT_RO9     equ	3630	;# 
  1832   000E2F                     CANCON_RO9      equ	3631	;# 
  1833   000E30                     B1CON           equ	3632	;# 
  1834   000E31                     B1SIDH          equ	3633	;# 
  1835   000E32                     B1SIDL          equ	3634	;# 
  1836   000E33                     B1EIDH          equ	3635	;# 
  1837   000E34                     B1EIDL          equ	3636	;# 
  1838   000E35                     B1DLC           equ	3637	;# 
  1839   000E36                     B1D0            equ	3638	;# 
  1840   000E37                     B1D1            equ	3639	;# 
  1841   000E38                     B1D2            equ	3640	;# 
  1842   000E39                     B1D3            equ	3641	;# 
  1843   000E3A                     B1D4            equ	3642	;# 
  1844   000E3B                     B1D5            equ	3643	;# 
  1845   000E3C                     B1D6            equ	3644	;# 
  1846   000E3D                     B1D7            equ	3645	;# 
  1847   000E3E                     CANSTAT_RO8     equ	3646	;# 
  1848   000E3F                     CANCON_RO8      equ	3647	;# 
  1849   000E40                     B2CON           equ	3648	;# 
  1850   000E41                     B2SIDH          equ	3649	;# 
  1851   000E42                     B2SIDL          equ	3650	;# 
  1852   000E43                     B2EIDH          equ	3651	;# 
  1853   000E44                     B2EIDL          equ	3652	;# 
  1854   000E45                     B2DLC           equ	3653	;# 
  1855   000E46                     B2D0            equ	3654	;# 
  1856   000E47                     B2D1            equ	3655	;# 
  1857   000E48                     B2D2            equ	3656	;# 
  1858   000E49                     B2D3            equ	3657	;# 
  1859   000E4A                     B2D4            equ	3658	;# 
  1860   000E4B                     B2D5            equ	3659	;# 
  1861   000E4C                     B2D6            equ	3660	;# 
  1862   000E4D                     B2D7            equ	3661	;# 
  1863   000E4E                     CANSTAT_RO7     equ	3662	;# 
  1864   000E4F                     CANCON_RO7      equ	3663	;# 
  1865   000E50                     B3CON           equ	3664	;# 
  1866   000E51                     B3SIDH          equ	3665	;# 
  1867   000E52                     B3SIDL          equ	3666	;# 
  1868   000E53                     B3EIDH          equ	3667	;# 
  1869   000E54                     B3EIDL          equ	3668	;# 
  1870   000E55                     B3DLC           equ	3669	;# 
  1871   000E56                     B3D0            equ	3670	;# 
  1872   000E57                     B3D1            equ	3671	;# 
  1873   000E58                     B3D2            equ	3672	;# 
  1874   000E59                     B3D3            equ	3673	;# 
  1875   000E5A                     B3D4            equ	3674	;# 
  1876   000E5B                     B3D5            equ	3675	;# 
  1877   000E5C                     B3D6            equ	3676	;# 
  1878   000E5D                     B3D7            equ	3677	;# 
  1879   000E5E                     CANSTAT_RO6     equ	3678	;# 
  1880   000E5F                     CANCON_RO6      equ	3679	;# 
  1881   000E60                     B4CON           equ	3680	;# 
  1882   000E61                     B4SIDH          equ	3681	;# 
  1883   000E62                     B4SIDL          equ	3682	;# 
  1884   000E63                     B4EIDH          equ	3683	;# 
  1885   000E64                     B4EIDL          equ	3684	;# 
  1886   000E65                     B4DLC           equ	3685	;# 
  1887   000E66                     B4D0            equ	3686	;# 
  1888   000E67                     B4D1            equ	3687	;# 
  1889   000E68                     B4D2            equ	3688	;# 
  1890   000E69                     B4D3            equ	3689	;# 
  1891   000E6A                     B4D4            equ	3690	;# 
  1892   000E6B                     B4D5            equ	3691	;# 
  1893   000E6C                     B4D6            equ	3692	;# 
  1894   000E6D                     B4D7            equ	3693	;# 
  1895   000E6E                     CANSTAT_RO5     equ	3694	;# 
  1896   000E6F                     CANCON_RO5      equ	3695	;# 
  1897   000E70                     B5CON           equ	3696	;# 
  1898   000E71                     B5SIDH          equ	3697	;# 
  1899   000E72                     B5SIDL          equ	3698	;# 
  1900   000E73                     B5EIDH          equ	3699	;# 
  1901   000E74                     B5EIDL          equ	3700	;# 
  1902   000E75                     B5DLC           equ	3701	;# 
  1903   000E76                     B5D0            equ	3702	;# 
  1904   000E77                     B5D1            equ	3703	;# 
  1905   000E78                     B5D2            equ	3704	;# 
  1906   000E79                     B5D3            equ	3705	;# 
  1907   000E7A                     B5D4            equ	3706	;# 
  1908   000E7B                     B5D5            equ	3707	;# 
  1909   000E7C                     B5D6            equ	3708	;# 
  1910   000E7D                     B5D7            equ	3709	;# 
  1911   000E7E                     CANSTAT_RO4     equ	3710	;# 
  1912   000E7F                     CANCON_RO4      equ	3711	;# 
  1913   000F00                     RXF0SIDH        equ	3840	;# 
  1914   000F01                     RXF0SIDL        equ	3841	;# 
  1915   000F02                     RXF0EIDH        equ	3842	;# 
  1916   000F03                     RXF0EIDL        equ	3843	;# 
  1917   000F04                     RXF1SIDH        equ	3844	;# 
  1918   000F05                     RXF1SIDL        equ	3845	;# 
  1919   000F06                     RXF1EIDH        equ	3846	;# 
  1920   000F07                     RXF1EIDL        equ	3847	;# 
  1921   000F08                     RXF2SIDH        equ	3848	;# 
  1922   000F09                     RXF2SIDL        equ	3849	;# 
  1923   000F0A                     RXF2EIDH        equ	3850	;# 
  1924   000F0B                     RXF2EIDL        equ	3851	;# 
  1925   000F0C                     RXF3SIDH        equ	3852	;# 
  1926   000F0D                     RXF3SIDL        equ	3853	;# 
  1927   000F0E                     RXF3EIDH        equ	3854	;# 
  1928   000F0F                     RXF3EIDL        equ	3855	;# 
  1929   000F10                     RXF4SIDH        equ	3856	;# 
  1930   000F11                     RXF4SIDL        equ	3857	;# 
  1931   000F12                     RXF4EIDH        equ	3858	;# 
  1932   000F13                     RXF4EIDL        equ	3859	;# 
  1933   000F14                     RXF5SIDH        equ	3860	;# 
  1934   000F15                     RXF5SIDL        equ	3861	;# 
  1935   000F16                     RXF5EIDH        equ	3862	;# 
  1936   000F17                     RXF5EIDL        equ	3863	;# 
  1937   000F18                     RXM0SIDH        equ	3864	;# 
  1938   000F19                     RXM0SIDL        equ	3865	;# 
  1939   000F1A                     RXM0EIDH        equ	3866	;# 
  1940   000F1B                     RXM0EIDL        equ	3867	;# 
  1941   000F1C                     RXM1SIDH        equ	3868	;# 
  1942   000F1D                     RXM1SIDL        equ	3869	;# 
  1943   000F1E                     RXM1EIDH        equ	3870	;# 
  1944   000F1F                     RXM1EIDL        equ	3871	;# 
  1945   000F20                     TXB2CON         equ	3872	;# 
  1946   000F21                     TXB2SIDH        equ	3873	;# 
  1947   000F22                     TXB2SIDL        equ	3874	;# 
  1948   000F23                     TXB2EIDH        equ	3875	;# 
  1949   000F24                     TXB2EIDL        equ	3876	;# 
  1950   000F25                     TXB2DLC         equ	3877	;# 
  1951   000F26                     TXB2D0          equ	3878	;# 
  1952   000F27                     TXB2D1          equ	3879	;# 
  1953   000F28                     TXB2D2          equ	3880	;# 
  1954   000F29                     TXB2D3          equ	3881	;# 
  1955   000F2A                     TXB2D4          equ	3882	;# 
  1956   000F2B                     TXB2D5          equ	3883	;# 
  1957   000F2C                     TXB2D6          equ	3884	;# 
  1958   000F2D                     TXB2D7          equ	3885	;# 
  1959   000F2E                     CANSTAT_RO3     equ	3886	;# 
  1960   000F2F                     CANCON_RO3      equ	3887	;# 
  1961   000F30                     TXB1CON         equ	3888	;# 
  1962   000F31                     TXB1SIDH        equ	3889	;# 
  1963   000F32                     TXB1SIDL        equ	3890	;# 
  1964   000F33                     TXB1EIDH        equ	3891	;# 
  1965   000F34                     TXB1EIDL        equ	3892	;# 
  1966   000F35                     TXB1DLC         equ	3893	;# 
  1967   000F36                     TXB1D0          equ	3894	;# 
  1968   000F37                     TXB1D1          equ	3895	;# 
  1969   000F38                     TXB1D2          equ	3896	;# 
  1970   000F39                     TXB1D3          equ	3897	;# 
  1971   000F3A                     TXB1D4          equ	3898	;# 
  1972   000F3B                     TXB1D5          equ	3899	;# 
  1973   000F3C                     TXB1D6          equ	3900	;# 
  1974   000F3D                     TXB1D7          equ	3901	;# 
  1975   000F3E                     CANSTAT_RO2     equ	3902	;# 
  1976   000F3F                     CANCON_RO2      equ	3903	;# 
  1977   000F40                     TXB0CON         equ	3904	;# 
  1978   000F41                     TXB0SIDH        equ	3905	;# 
  1979   000F42                     TXB0SIDL        equ	3906	;# 
  1980   000F43                     TXB0EIDH        equ	3907	;# 
  1981   000F44                     TXB0EIDL        equ	3908	;# 
  1982   000F45                     TXB0DLC         equ	3909	;# 
  1983   000F46                     TXB0D0          equ	3910	;# 
  1984   000F47                     TXB0D1          equ	3911	;# 
  1985   000F48                     TXB0D2          equ	3912	;# 
  1986   000F49                     TXB0D3          equ	3913	;# 
  1987   000F4A                     TXB0D4          equ	3914	;# 
  1988   000F4B                     TXB0D5          equ	3915	;# 
  1989   000F4C                     TXB0D6          equ	3916	;# 
  1990   000F4D                     TXB0D7          equ	3917	;# 
  1991   000F4E                     CANSTAT_RO1     equ	3918	;# 
  1992   000F4F                     CANCON_RO1      equ	3919	;# 
  1993   000F50                     RXB1CON         equ	3920	;# 
  1994   000F51                     RXB1SIDH        equ	3921	;# 
  1995   000F52                     RXB1SIDL        equ	3922	;# 
  1996   000F53                     RXB1EIDH        equ	3923	;# 
  1997   000F54                     RXB1EIDL        equ	3924	;# 
  1998   000F55                     RXB1DLC         equ	3925	;# 
  1999   000F56                     RXB1D0          equ	3926	;# 
  2000   000F57                     RXB1D1          equ	3927	;# 
  2001   000F58                     RXB1D2          equ	3928	;# 
  2002   000F59                     RXB1D3          equ	3929	;# 
  2003   000F5A                     RXB1D4          equ	3930	;# 
  2004   000F5B                     RXB1D5          equ	3931	;# 
  2005   000F5C                     RXB1D6          equ	3932	;# 
  2006   000F5D                     RXB1D7          equ	3933	;# 
  2007   000F5E                     CANSTAT_RO0     equ	3934	;# 
  2008   000F5F                     CANCON_RO0      equ	3935	;# 
  2009   000F60                     RXB0CON         equ	3936	;# 
  2010   000F61                     RXB0SIDH        equ	3937	;# 
  2011   000F62                     RXB0SIDL        equ	3938	;# 
  2012   000F63                     RXB0EIDH        equ	3939	;# 
  2013   000F64                     RXB0EIDL        equ	3940	;# 
  2014   000F65                     RXB0DLC         equ	3941	;# 
  2015   000F66                     RXB0D0          equ	3942	;# 
  2016   000F67                     RXB0D1          equ	3943	;# 
  2017   000F68                     RXB0D2          equ	3944	;# 
  2018   000F69                     RXB0D3          equ	3945	;# 
  2019   000F6A                     RXB0D4          equ	3946	;# 
  2020   000F6B                     RXB0D5          equ	3947	;# 
  2021   000F6C                     RXB0D6          equ	3948	;# 
  2022   000F6D                     RXB0D7          equ	3949	;# 
  2023   000F6E                     CANSTAT         equ	3950	;# 
  2024   000F6F                     CANCON          equ	3951	;# 
  2025   000F70                     BRGCON1         equ	3952	;# 
  2026   000F71                     BRGCON2         equ	3953	;# 
  2027   000F72                     BRGCON3         equ	3954	;# 
  2028   000F73                     CIOCON          equ	3955	;# 
  2029   000F74                     COMSTAT         equ	3956	;# 
  2030   000F75                     RXERRCNT        equ	3957	;# 
  2031   000F76                     TXERRCNT        equ	3958	;# 
  2032   000F77                     ECANCON         equ	3959	;# 
  2033   000F80                     PORTA           equ	3968	;# 
  2034   000F81                     PORTB           equ	3969	;# 
  2035   000F82                     PORTC           equ	3970	;# 
  2036   000F83                     PORTD           equ	3971	;# 
  2037   000F84                     PORTE           equ	3972	;# 
  2038   000F89                     LATA            equ	3977	;# 
  2039   000F8A                     LATB            equ	3978	;# 
  2040   000F8B                     LATC            equ	3979	;# 
  2041   000F8C                     LATD            equ	3980	;# 
  2042   000F8D                     LATE            equ	3981	;# 
  2043   000F92                     TRISA           equ	3986	;# 
  2044   000F92                     DDRA            equ	3986	;# 
  2045   000F93                     TRISB           equ	3987	;# 
  2046   000F93                     DDRB            equ	3987	;# 
  2047   000F94                     TRISC           equ	3988	;# 
  2048   000F94                     DDRC            equ	3988	;# 
  2049   000F95                     TRISD           equ	3989	;# 
  2050   000F95                     DDRD            equ	3989	;# 
  2051   000F96                     TRISE           equ	3990	;# 
  2052   000F96                     DDRE            equ	3990	;# 
  2053   000F9B                     OSCTUNE         equ	3995	;# 
  2054   000F9D                     PIE1            equ	3997	;# 
  2055   000F9E                     PIR1            equ	3998	;# 
  2056   000F9F                     IPR1            equ	3999	;# 
  2057   000FA0                     PIE2            equ	4000	;# 
  2058   000FA1                     PIR2            equ	4001	;# 
  2059   000FA2                     IPR2            equ	4002	;# 
  2060   000FA3                     PIE3            equ	4003	;# 
  2061   000FA4                     PIR3            equ	4004	;# 
  2062   000FA5                     IPR3            equ	4005	;# 
  2063   000FA6                     EECON1          equ	4006	;# 
  2064   000FA7                     EECON2          equ	4007	;# 
  2065   000FA8                     EEDATA          equ	4008	;# 
  2066   000FA9                     EEADR           equ	4009	;# 
  2067   000FAB                     RCSTA           equ	4011	;# 
  2068   000FAB                     RCSTA1          equ	4011	;# 
  2069   000FAC                     TXSTA           equ	4012	;# 
  2070   000FAC                     TXSTA1          equ	4012	;# 
  2071   000FAD                     TXREG           equ	4013	;# 
  2072   000FAD                     TXREG1          equ	4013	;# 
  2073   000FAE                     RCREG           equ	4014	;# 
  2074   000FAE                     RCREG1          equ	4014	;# 
  2075   000FAF                     SPBRG           equ	4015	;# 
  2076   000FAF                     SPBRG1          equ	4015	;# 
  2077   000FB0                     SPBRGH          equ	4016	;# 
  2078   000FB1                     T3CON           equ	4017	;# 
  2079   000FB2                     TMR3            equ	4018	;# 
  2080   000FB2                     TMR3L           equ	4018	;# 
  2081   000FB3                     TMR3H           equ	4019	;# 
  2082   000FB4                     CMCON           equ	4020	;# 
  2083   000FB5                     CVRCON          equ	4021	;# 
  2084   000FB6                     ECCP1AS         equ	4022	;# 
  2085   000FB7                     ECCP1DEL        equ	4023	;# 
  2086   000FB8                     BAUDCON         equ	4024	;# 
  2087   000FB8                     BAUDCTL         equ	4024	;# 
  2088   000FBA                     ECCP1CON        equ	4026	;# 
  2089   000FBB                     ECCPR1          equ	4027	;# 
  2090   000FBB                     ECCPR1L         equ	4027	;# 
  2091   000FBC                     ECCPR1H         equ	4028	;# 
  2092   000FBD                     CCP1CON         equ	4029	;# 
  2093   000FBE                     CCPR1           equ	4030	;# 
  2094   000FBE                     CCPR1L          equ	4030	;# 
  2095   000FBF                     CCPR1H          equ	4031	;# 
  2096   000FC0                     ADCON2          equ	4032	;# 
  2097   000FC1                     ADCON1          equ	4033	;# 
  2098   000FC2                     ADCON0          equ	4034	;# 
  2099   000FC3                     ADRES           equ	4035	;# 
  2100   000FC3                     ADRESL          equ	4035	;# 
  2101   000FC4                     ADRESH          equ	4036	;# 
  2102   000FC5                     SSPCON2         equ	4037	;# 
  2103   000FC6                     SSPCON1         equ	4038	;# 
  2104   000FC7                     SSPSTAT         equ	4039	;# 
  2105   000FC8                     SSPADD          equ	4040	;# 
  2106   000FC9                     SSPBUF          equ	4041	;# 
  2107   000FCA                     T2CON           equ	4042	;# 
  2108   000FCB                     PR2             equ	4043	;# 
  2109   000FCB                     MEMCON          equ	4043	;# 
  2110   000FCC                     TMR2            equ	4044	;# 
  2111   000FCD                     T1CON           equ	4045	;# 
  2112   000FCE                     TMR1            equ	4046	;# 
  2113   000FCE                     TMR1L           equ	4046	;# 
  2114   000FCF                     TMR1H           equ	4047	;# 
  2115   000FD0                     RCON            equ	4048	;# 
  2116   000FD1                     WDTCON          equ	4049	;# 
  2117   000FD2                     HLVDCON         equ	4050	;# 
  2118   000FD2                     LVDCON          equ	4050	;# 
  2119   000FD3                     OSCCON          equ	4051	;# 
  2120   000FD5                     T0CON           equ	4053	;# 
  2121   000FD6                     TMR0            equ	4054	;# 
  2122   000FD6                     TMR0L           equ	4054	;# 
  2123   000FD7                     TMR0H           equ	4055	;# 
  2124   000FD8                     STATUS          equ	4056	;# 
  2125   000FD9                     FSR2            equ	4057	;# 
  2126   000FD9                     FSR2L           equ	4057	;# 
  2127   000FDA                     FSR2H           equ	4058	;# 
  2128   000FDB                     PLUSW2          equ	4059	;# 
  2129   000FDC                     PREINC2         equ	4060	;# 
  2130   000FDD                     POSTDEC2        equ	4061	;# 
  2131   000FDE                     POSTINC2        equ	4062	;# 
  2132   000FDF                     INDF2           equ	4063	;# 
  2133   000FE0                     BSR             equ	4064	;# 
  2134   000FE1                     FSR1            equ	4065	;# 
  2135   000FE1                     FSR1L           equ	4065	;# 
  2136   000FE2                     FSR1H           equ	4066	;# 
  2137   000FE3                     PLUSW1          equ	4067	;# 
  2138   000FE4                     PREINC1         equ	4068	;# 
  2139   000FE5                     POSTDEC1        equ	4069	;# 
  2140   000FE6                     POSTINC1        equ	4070	;# 
  2141   000FE7                     INDF1           equ	4071	;# 
  2142   000FE8                     WREG            equ	4072	;# 
  2143   000FE9                     FSR0            equ	4073	;# 
  2144   000FE9                     FSR0L           equ	4073	;# 
  2145   000FEA                     FSR0H           equ	4074	;# 
  2146   000FEB                     PLUSW0          equ	4075	;# 
  2147   000FEC                     PREINC0         equ	4076	;# 
  2148   000FED                     POSTDEC0        equ	4077	;# 
  2149   000FEE                     POSTINC0        equ	4078	;# 
  2150   000FEF                     INDF0           equ	4079	;# 
  2151   000FF0                     INTCON3         equ	4080	;# 
  2152   000FF1                     INTCON2         equ	4081	;# 
  2153   000FF2                     INTCON          equ	4082	;# 
  2154   000FF3                     PROD            equ	4083	;# 
  2155   000FF3                     PRODL           equ	4083	;# 
  2156   000FF4                     PRODH           equ	4084	;# 
  2157   000FF5                     TABLAT          equ	4085	;# 
  2158   000FF6                     TBLPTR          equ	4086	;# 
  2159   000FF6                     TBLPTRL         equ	4086	;# 
  2160   000FF7                     TBLPTRH         equ	4087	;# 
  2161   000FF8                     TBLPTRU         equ	4088	;# 
  2162   000FF9                     PCLAT           equ	4089	;# 
  2163   000FF9                     PC              equ	4089	;# 
  2164   000FF9                     PCL             equ	4089	;# 
  2165   000FFA                     PCLATH          equ	4090	;# 
  2166   000FFB                     PCLATU          equ	4091	;# 
  2167   000FFC                     STKPTR          equ	4092	;# 
  2168   000FFD                     TOS             equ	4093	;# 
  2169   000FFD                     TOSL            equ	4093	;# 
  2170   000FFE                     TOSH            equ	4094	;# 
  2171   000FFF                     TOSU            equ	4095	;# 
  2172   000D60                     RXF6SIDH        equ	3424	;# 
  2173   000D61                     RXF6SIDL        equ	3425	;# 
  2174   000D62                     RXF6EIDH        equ	3426	;# 
  2175   000D63                     RXF6EIDL        equ	3427	;# 
  2176   000D64                     RXF7SIDH        equ	3428	;# 
  2177   000D65                     RXF7SIDL        equ	3429	;# 
  2178   000D66                     RXF7EIDH        equ	3430	;# 
  2179   000D67                     RXF7EIDL        equ	3431	;# 
  2180   000D68                     RXF8SIDH        equ	3432	;# 
  2181   000D69                     RXF8SIDL        equ	3433	;# 
  2182   000D6A                     RXF8EIDH        equ	3434	;# 
  2183   000D6B                     RXF8EIDL        equ	3435	;# 
  2184   000D70                     RXF9SIDH        equ	3440	;# 
  2185   000D71                     RXF9SIDL        equ	3441	;# 
  2186   000D72                     RXF9EIDH        equ	3442	;# 
  2187   000D73                     RXF9EIDL        equ	3443	;# 
  2188   000D74                     RXF10SIDH       equ	3444	;# 
  2189   000D75                     RXF10SIDL       equ	3445	;# 
  2190   000D76                     RXF10EIDH       equ	3446	;# 
  2191   000D77                     RXF10EIDL       equ	3447	;# 
  2192   000D78                     RXF11SIDH       equ	3448	;# 
  2193   000D79                     RXF11SIDL       equ	3449	;# 
  2194   000D7A                     RXF11EIDH       equ	3450	;# 
  2195   000D7B                     RXF11EIDL       equ	3451	;# 
  2196   000D80                     RXF12SIDH       equ	3456	;# 
  2197   000D81                     RXF12SIDL       equ	3457	;# 
  2198   000D82                     RXF12EIDH       equ	3458	;# 
  2199   000D83                     RXF12EIDL       equ	3459	;# 
  2200   000D84                     RXF13SIDH       equ	3460	;# 
  2201   000D85                     RXF13SIDL       equ	3461	;# 
  2202   000D86                     RXF13EIDH       equ	3462	;# 
  2203   000D87                     RXF13EIDL       equ	3463	;# 
  2204   000D88                     RXF14SIDH       equ	3464	;# 
  2205   000D89                     RXF14SIDL       equ	3465	;# 
  2206   000D8A                     RXF14EIDH       equ	3466	;# 
  2207   000D8B                     RXF14EIDL       equ	3467	;# 
  2208   000D90                     RXF15SIDH       equ	3472	;# 
  2209   000D91                     RXF15SIDL       equ	3473	;# 
  2210   000D92                     RXF15EIDH       equ	3474	;# 
  2211   000D93                     RXF15EIDL       equ	3475	;# 
  2212   000DD4                     RXFCON0         equ	3540	;# 
  2213   000DD5                     RXFCON1         equ	3541	;# 
  2214   000DD8                     SDFLC           equ	3544	;# 
  2215   000DE0                     RXFBCON0        equ	3552	;# 
  2216   000DE1                     RXFBCON1        equ	3553	;# 
  2217   000DE2                     RXFBCON2        equ	3554	;# 
  2218   000DE3                     RXFBCON3        equ	3555	;# 
  2219   000DE4                     RXFBCON4        equ	3556	;# 
  2220   000DE5                     RXFBCON5        equ	3557	;# 
  2221   000DE6                     RXFBCON6        equ	3558	;# 
  2222   000DE7                     RXFBCON7        equ	3559	;# 
  2223   000DF0                     MSEL0           equ	3568	;# 
  2224   000DF1                     MSEL1           equ	3569	;# 
  2225   000DF2                     MSEL2           equ	3570	;# 
  2226   000DF3                     MSEL3           equ	3571	;# 
  2227   000DF8                     BSEL0           equ	3576	;# 
  2228   000DFA                     BIE0            equ	3578	;# 
  2229   000DFC                     TXBIE           equ	3580	;# 
  2230   000E20                     B0CON           equ	3616	;# 
  2231   000E21                     B0SIDH          equ	3617	;# 
  2232   000E22                     B0SIDL          equ	3618	;# 
  2233   000E23                     B0EIDH          equ	3619	;# 
  2234   000E24                     B0EIDL          equ	3620	;# 
  2235   000E25                     B0DLC           equ	3621	;# 
  2236   000E26                     B0D0            equ	3622	;# 
  2237   000E27                     B0D1            equ	3623	;# 
  2238   000E28                     B0D2            equ	3624	;# 
  2239   000E29                     B0D3            equ	3625	;# 
  2240   000E2A                     B0D4            equ	3626	;# 
  2241   000E2B                     B0D5            equ	3627	;# 
  2242   000E2C                     B0D6            equ	3628	;# 
  2243   000E2D                     B0D7            equ	3629	;# 
  2244   000E2E                     CANSTAT_RO9     equ	3630	;# 
  2245   000E2F                     CANCON_RO9      equ	3631	;# 
  2246   000E30                     B1CON           equ	3632	;# 
  2247   000E31                     B1SIDH          equ	3633	;# 
  2248   000E32                     B1SIDL          equ	3634	;# 
  2249   000E33                     B1EIDH          equ	3635	;# 
  2250   000E34                     B1EIDL          equ	3636	;# 
  2251   000E35                     B1DLC           equ	3637	;# 
  2252   000E36                     B1D0            equ	3638	;# 
  2253   000E37                     B1D1            equ	3639	;# 
  2254   000E38                     B1D2            equ	3640	;# 
  2255   000E39                     B1D3            equ	3641	;# 
  2256   000E3A                     B1D4            equ	3642	;# 
  2257   000E3B                     B1D5            equ	3643	;# 
  2258   000E3C                     B1D6            equ	3644	;# 
  2259   000E3D                     B1D7            equ	3645	;# 
  2260   000E3E                     CANSTAT_RO8     equ	3646	;# 
  2261   000E3F                     CANCON_RO8      equ	3647	;# 
  2262   000E40                     B2CON           equ	3648	;# 
  2263   000E41                     B2SIDH          equ	3649	;# 
  2264   000E42                     B2SIDL          equ	3650	;# 
  2265   000E43                     B2EIDH          equ	3651	;# 
  2266   000E44                     B2EIDL          equ	3652	;# 
  2267   000E45                     B2DLC           equ	3653	;# 
  2268   000E46                     B2D0            equ	3654	;# 
  2269   000E47                     B2D1            equ	3655	;# 
  2270   000E48                     B2D2            equ	3656	;# 
  2271   000E49                     B2D3            equ	3657	;# 
  2272   000E4A                     B2D4            equ	3658	;# 
  2273   000E4B                     B2D5            equ	3659	;# 
  2274   000E4C                     B2D6            equ	3660	;# 
  2275   000E4D                     B2D7            equ	3661	;# 
  2276   000E4E                     CANSTAT_RO7     equ	3662	;# 
  2277   000E4F                     CANCON_RO7      equ	3663	;# 
  2278   000E50                     B3CON           equ	3664	;# 
  2279   000E51                     B3SIDH          equ	3665	;# 
  2280   000E52                     B3SIDL          equ	3666	;# 
  2281   000E53                     B3EIDH          equ	3667	;# 
  2282   000E54                     B3EIDL          equ	3668	;# 
  2283   000E55                     B3DLC           equ	3669	;# 
  2284   000E56                     B3D0            equ	3670	;# 
  2285   000E57                     B3D1            equ	3671	;# 
  2286   000E58                     B3D2            equ	3672	;# 
  2287   000E59                     B3D3            equ	3673	;# 
  2288   000E5A                     B3D4            equ	3674	;# 
  2289   000E5B                     B3D5            equ	3675	;# 
  2290   000E5C                     B3D6            equ	3676	;# 
  2291   000E5D                     B3D7            equ	3677	;# 
  2292   000E5E                     CANSTAT_RO6     equ	3678	;# 
  2293   000E5F                     CANCON_RO6      equ	3679	;# 
  2294   000E60                     B4CON           equ	3680	;# 
  2295   000E61                     B4SIDH          equ	3681	;# 
  2296   000E62                     B4SIDL          equ	3682	;# 
  2297   000E63                     B4EIDH          equ	3683	;# 
  2298   000E64                     B4EIDL          equ	3684	;# 
  2299   000E65                     B4DLC           equ	3685	;# 
  2300   000E66                     B4D0            equ	3686	;# 
  2301   000E67                     B4D1            equ	3687	;# 
  2302   000E68                     B4D2            equ	3688	;# 
  2303   000E69                     B4D3            equ	3689	;# 
  2304   000E6A                     B4D4            equ	3690	;# 
  2305   000E6B                     B4D5            equ	3691	;# 
  2306   000E6C                     B4D6            equ	3692	;# 
  2307   000E6D                     B4D7            equ	3693	;# 
  2308   000E6E                     CANSTAT_RO5     equ	3694	;# 
  2309   000E6F                     CANCON_RO5      equ	3695	;# 
  2310   000E70                     B5CON           equ	3696	;# 
  2311   000E71                     B5SIDH          equ	3697	;# 
  2312   000E72                     B5SIDL          equ	3698	;# 
  2313   000E73                     B5EIDH          equ	3699	;# 
  2314   000E74                     B5EIDL          equ	3700	;# 
  2315   000E75                     B5DLC           equ	3701	;# 
  2316   000E76                     B5D0            equ	3702	;# 
  2317   000E77                     B5D1            equ	3703	;# 
  2318   000E78                     B5D2            equ	3704	;# 
  2319   000E79                     B5D3            equ	3705	;# 
  2320   000E7A                     B5D4            equ	3706	;# 
  2321   000E7B                     B5D5            equ	3707	;# 
  2322   000E7C                     B5D6            equ	3708	;# 
  2323   000E7D                     B5D7            equ	3709	;# 
  2324   000E7E                     CANSTAT_RO4     equ	3710	;# 
  2325   000E7F                     CANCON_RO4      equ	3711	;# 
  2326   000F00                     RXF0SIDH        equ	3840	;# 
  2327   000F01                     RXF0SIDL        equ	3841	;# 
  2328   000F02                     RXF0EIDH        equ	3842	;# 
  2329   000F03                     RXF0EIDL        equ	3843	;# 
  2330   000F04                     RXF1SIDH        equ	3844	;# 
  2331   000F05                     RXF1SIDL        equ	3845	;# 
  2332   000F06                     RXF1EIDH        equ	3846	;# 
  2333   000F07                     RXF1EIDL        equ	3847	;# 
  2334   000F08                     RXF2SIDH        equ	3848	;# 
  2335   000F09                     RXF2SIDL        equ	3849	;# 
  2336   000F0A                     RXF2EIDH        equ	3850	;# 
  2337   000F0B                     RXF2EIDL        equ	3851	;# 
  2338   000F0C                     RXF3SIDH        equ	3852	;# 
  2339   000F0D                     RXF3SIDL        equ	3853	;# 
  2340   000F0E                     RXF3EIDH        equ	3854	;# 
  2341   000F0F                     RXF3EIDL        equ	3855	;# 
  2342   000F10                     RXF4SIDH        equ	3856	;# 
  2343   000F11                     RXF4SIDL        equ	3857	;# 
  2344   000F12                     RXF4EIDH        equ	3858	;# 
  2345   000F13                     RXF4EIDL        equ	3859	;# 
  2346   000F14                     RXF5SIDH        equ	3860	;# 
  2347   000F15                     RXF5SIDL        equ	3861	;# 
  2348   000F16                     RXF5EIDH        equ	3862	;# 
  2349   000F17                     RXF5EIDL        equ	3863	;# 
  2350   000F18                     RXM0SIDH        equ	3864	;# 
  2351   000F19                     RXM0SIDL        equ	3865	;# 
  2352   000F1A                     RXM0EIDH        equ	3866	;# 
  2353   000F1B                     RXM0EIDL        equ	3867	;# 
  2354   000F1C                     RXM1SIDH        equ	3868	;# 
  2355   000F1D                     RXM1SIDL        equ	3869	;# 
  2356   000F1E                     RXM1EIDH        equ	3870	;# 
  2357   000F1F                     RXM1EIDL        equ	3871	;# 
  2358   000F20                     TXB2CON         equ	3872	;# 
  2359   000F21                     TXB2SIDH        equ	3873	;# 
  2360   000F22                     TXB2SIDL        equ	3874	;# 
  2361   000F23                     TXB2EIDH        equ	3875	;# 
  2362   000F24                     TXB2EIDL        equ	3876	;# 
  2363   000F25                     TXB2DLC         equ	3877	;# 
  2364   000F26                     TXB2D0          equ	3878	;# 
  2365   000F27                     TXB2D1          equ	3879	;# 
  2366   000F28                     TXB2D2          equ	3880	;# 
  2367   000F29                     TXB2D3          equ	3881	;# 
  2368   000F2A                     TXB2D4          equ	3882	;# 
  2369   000F2B                     TXB2D5          equ	3883	;# 
  2370   000F2C                     TXB2D6          equ	3884	;# 
  2371   000F2D                     TXB2D7          equ	3885	;# 
  2372   000F2E                     CANSTAT_RO3     equ	3886	;# 
  2373   000F2F                     CANCON_RO3      equ	3887	;# 
  2374   000F30                     TXB1CON         equ	3888	;# 
  2375   000F31                     TXB1SIDH        equ	3889	;# 
  2376   000F32                     TXB1SIDL        equ	3890	;# 
  2377   000F33                     TXB1EIDH        equ	3891	;# 
  2378   000F34                     TXB1EIDL        equ	3892	;# 
  2379   000F35                     TXB1DLC         equ	3893	;# 
  2380   000F36                     TXB1D0          equ	3894	;# 
  2381   000F37                     TXB1D1          equ	3895	;# 
  2382   000F38                     TXB1D2          equ	3896	;# 
  2383   000F39                     TXB1D3          equ	3897	;# 
  2384   000F3A                     TXB1D4          equ	3898	;# 
  2385   000F3B                     TXB1D5          equ	3899	;# 
  2386   000F3C                     TXB1D6          equ	3900	;# 
  2387   000F3D                     TXB1D7          equ	3901	;# 
  2388   000F3E                     CANSTAT_RO2     equ	3902	;# 
  2389   000F3F                     CANCON_RO2      equ	3903	;# 
  2390   000F40                     TXB0CON         equ	3904	;# 
  2391   000F41                     TXB0SIDH        equ	3905	;# 
  2392   000F42                     TXB0SIDL        equ	3906	;# 
  2393   000F43                     TXB0EIDH        equ	3907	;# 
  2394   000F44                     TXB0EIDL        equ	3908	;# 
  2395   000F45                     TXB0DLC         equ	3909	;# 
  2396   000F46                     TXB0D0          equ	3910	;# 
  2397   000F47                     TXB0D1          equ	3911	;# 
  2398   000F48                     TXB0D2          equ	3912	;# 
  2399   000F49                     TXB0D3          equ	3913	;# 
  2400   000F4A                     TXB0D4          equ	3914	;# 
  2401   000F4B                     TXB0D5          equ	3915	;# 
  2402   000F4C                     TXB0D6          equ	3916	;# 
  2403   000F4D                     TXB0D7          equ	3917	;# 
  2404   000F4E                     CANSTAT_RO1     equ	3918	;# 
  2405   000F4F                     CANCON_RO1      equ	3919	;# 
  2406   000F50                     RXB1CON         equ	3920	;# 
  2407   000F51                     RXB1SIDH        equ	3921	;# 
  2408   000F52                     RXB1SIDL        equ	3922	;# 
  2409   000F53                     RXB1EIDH        equ	3923	;# 
  2410   000F54                     RXB1EIDL        equ	3924	;# 
  2411   000F55                     RXB1DLC         equ	3925	;# 
  2412   000F56                     RXB1D0          equ	3926	;# 
  2413   000F57                     RXB1D1          equ	3927	;# 
  2414   000F58                     RXB1D2          equ	3928	;# 
  2415   000F59                     RXB1D3          equ	3929	;# 
  2416   000F5A                     RXB1D4          equ	3930	;# 
  2417   000F5B                     RXB1D5          equ	3931	;# 
  2418   000F5C                     RXB1D6          equ	3932	;# 
  2419   000F5D                     RXB1D7          equ	3933	;# 
  2420   000F5E                     CANSTAT_RO0     equ	3934	;# 
  2421   000F5F                     CANCON_RO0      equ	3935	;# 
  2422   000F60                     RXB0CON         equ	3936	;# 
  2423   000F61                     RXB0SIDH        equ	3937	;# 
  2424   000F62                     RXB0SIDL        equ	3938	;# 
  2425   000F63                     RXB0EIDH        equ	3939	;# 
  2426   000F64                     RXB0EIDL        equ	3940	;# 
  2427   000F65                     RXB0DLC         equ	3941	;# 
  2428   000F66                     RXB0D0          equ	3942	;# 
  2429   000F67                     RXB0D1          equ	3943	;# 
  2430   000F68                     RXB0D2          equ	3944	;# 
  2431   000F69                     RXB0D3          equ	3945	;# 
  2432   000F6A                     RXB0D4          equ	3946	;# 
  2433   000F6B                     RXB0D5          equ	3947	;# 
  2434   000F6C                     RXB0D6          equ	3948	;# 
  2435   000F6D                     RXB0D7          equ	3949	;# 
  2436   000F6E                     CANSTAT         equ	3950	;# 
  2437   000F6F                     CANCON          equ	3951	;# 
  2438   000F70                     BRGCON1         equ	3952	;# 
  2439   000F71                     BRGCON2         equ	3953	;# 
  2440   000F72                     BRGCON3         equ	3954	;# 
  2441   000F73                     CIOCON          equ	3955	;# 
  2442   000F74                     COMSTAT         equ	3956	;# 
  2443   000F75                     RXERRCNT        equ	3957	;# 
  2444   000F76                     TXERRCNT        equ	3958	;# 
  2445   000F77                     ECANCON         equ	3959	;# 
  2446   000F80                     PORTA           equ	3968	;# 
  2447   000F81                     PORTB           equ	3969	;# 
  2448   000F82                     PORTC           equ	3970	;# 
  2449   000F83                     PORTD           equ	3971	;# 
  2450   000F84                     PORTE           equ	3972	;# 
  2451   000F89                     LATA            equ	3977	;# 
  2452   000F8A                     LATB            equ	3978	;# 
  2453   000F8B                     LATC            equ	3979	;# 
  2454   000F8C                     LATD            equ	3980	;# 
  2455   000F8D                     LATE            equ	3981	;# 
  2456   000F92                     TRISA           equ	3986	;# 
  2457   000F92                     DDRA            equ	3986	;# 
  2458   000F93                     TRISB           equ	3987	;# 
  2459   000F93                     DDRB            equ	3987	;# 
  2460   000F94                     TRISC           equ	3988	;# 
  2461   000F94                     DDRC            equ	3988	;# 
  2462   000F95                     TRISD           equ	3989	;# 
  2463   000F95                     DDRD            equ	3989	;# 
  2464   000F96                     TRISE           equ	3990	;# 
  2465   000F96                     DDRE            equ	3990	;# 
  2466   000F9B                     OSCTUNE         equ	3995	;# 
  2467   000F9D                     PIE1            equ	3997	;# 
  2468   000F9E                     PIR1            equ	3998	;# 
  2469   000F9F                     IPR1            equ	3999	;# 
  2470   000FA0                     PIE2            equ	4000	;# 
  2471   000FA1                     PIR2            equ	4001	;# 
  2472   000FA2                     IPR2            equ	4002	;# 
  2473   000FA3                     PIE3            equ	4003	;# 
  2474   000FA4                     PIR3            equ	4004	;# 
  2475   000FA5                     IPR3            equ	4005	;# 
  2476   000FA6                     EECON1          equ	4006	;# 
  2477   000FA7                     EECON2          equ	4007	;# 
  2478   000FA8                     EEDATA          equ	4008	;# 
  2479   000FA9                     EEADR           equ	4009	;# 
  2480   000FAB                     RCSTA           equ	4011	;# 
  2481   000FAB                     RCSTA1          equ	4011	;# 
  2482   000FAC                     TXSTA           equ	4012	;# 
  2483   000FAC                     TXSTA1          equ	4012	;# 
  2484   000FAD                     TXREG           equ	4013	;# 
  2485   000FAD                     TXREG1          equ	4013	;# 
  2486   000FAE                     RCREG           equ	4014	;# 
  2487   000FAE                     RCREG1          equ	4014	;# 
  2488   000FAF                     SPBRG           equ	4015	;# 
  2489   000FAF                     SPBRG1          equ	4015	;# 
  2490   000FB0                     SPBRGH          equ	4016	;# 
  2491   000FB1                     T3CON           equ	4017	;# 
  2492   000FB2                     TMR3            equ	4018	;# 
  2493   000FB2                     TMR3L           equ	4018	;# 
  2494   000FB3                     TMR3H           equ	4019	;# 
  2495   000FB4                     CMCON           equ	4020	;# 
  2496   000FB5                     CVRCON          equ	4021	;# 
  2497   000FB6                     ECCP1AS         equ	4022	;# 
  2498   000FB7                     ECCP1DEL        equ	4023	;# 
  2499   000FB8                     BAUDCON         equ	4024	;# 
  2500   000FB8                     BAUDCTL         equ	4024	;# 
  2501   000FBA                     ECCP1CON        equ	4026	;# 
  2502   000FBB                     ECCPR1          equ	4027	;# 
  2503   000FBB                     ECCPR1L         equ	4027	;# 
  2504   000FBC                     ECCPR1H         equ	4028	;# 
  2505   000FBD                     CCP1CON         equ	4029	;# 
  2506   000FBE                     CCPR1           equ	4030	;# 
  2507   000FBE                     CCPR1L          equ	4030	;# 
  2508   000FBF                     CCPR1H          equ	4031	;# 
  2509   000FC0                     ADCON2          equ	4032	;# 
  2510   000FC1                     ADCON1          equ	4033	;# 
  2511   000FC2                     ADCON0          equ	4034	;# 
  2512   000FC3                     ADRES           equ	4035	;# 
  2513   000FC3                     ADRESL          equ	4035	;# 
  2514   000FC4                     ADRESH          equ	4036	;# 
  2515   000FC5                     SSPCON2         equ	4037	;# 
  2516   000FC6                     SSPCON1         equ	4038	;# 
  2517   000FC7                     SSPSTAT         equ	4039	;# 
  2518   000FC8                     SSPADD          equ	4040	;# 
  2519   000FC9                     SSPBUF          equ	4041	;# 
  2520   000FCA                     T2CON           equ	4042	;# 
  2521   000FCB                     PR2             equ	4043	;# 
  2522   000FCB                     MEMCON          equ	4043	;# 
  2523   000FCC                     TMR2            equ	4044	;# 
  2524   000FCD                     T1CON           equ	4045	;# 
  2525   000FCE                     TMR1            equ	4046	;# 
  2526   000FCE                     TMR1L           equ	4046	;# 
  2527   000FCF                     TMR1H           equ	4047	;# 
  2528   000FD0                     RCON            equ	4048	;# 
  2529   000FD1                     WDTCON          equ	4049	;# 
  2530   000FD2                     HLVDCON         equ	4050	;# 
  2531   000FD2                     LVDCON          equ	4050	;# 
  2532   000FD3                     OSCCON          equ	4051	;# 
  2533   000FD5                     T0CON           equ	4053	;# 
  2534   000FD6                     TMR0            equ	4054	;# 
  2535   000FD6                     TMR0L           equ	4054	;# 
  2536   000FD7                     TMR0H           equ	4055	;# 
  2537   000FD8                     STATUS          equ	4056	;# 
  2538   000FD9                     FSR2            equ	4057	;# 
  2539   000FD9                     FSR2L           equ	4057	;# 
  2540   000FDA                     FSR2H           equ	4058	;# 
  2541   000FDB                     PLUSW2          equ	4059	;# 
  2542   000FDC                     PREINC2         equ	4060	;# 
  2543   000FDD                     POSTDEC2        equ	4061	;# 
  2544   000FDE                     POSTINC2        equ	4062	;# 
  2545   000FDF                     INDF2           equ	4063	;# 
  2546   000FE0                     BSR             equ	4064	;# 
  2547   000FE1                     FSR1            equ	4065	;# 
  2548   000FE1                     FSR1L           equ	4065	;# 
  2549   000FE2                     FSR1H           equ	4066	;# 
  2550   000FE3                     PLUSW1          equ	4067	;# 
  2551   000FE4                     PREINC1         equ	4068	;# 
  2552   000FE5                     POSTDEC1        equ	4069	;# 
  2553   000FE6                     POSTINC1        equ	4070	;# 
  2554   000FE7                     INDF1           equ	4071	;# 
  2555   000FE8                     WREG            equ	4072	;# 
  2556   000FE9                     FSR0            equ	4073	;# 
  2557   000FE9                     FSR0L           equ	4073	;# 
  2558   000FEA                     FSR0H           equ	4074	;# 
  2559   000FEB                     PLUSW0          equ	4075	;# 
  2560   000FEC                     PREINC0         equ	4076	;# 
  2561   000FED                     POSTDEC0        equ	4077	;# 
  2562   000FEE                     POSTINC0        equ	4078	;# 
  2563   000FEF                     INDF0           equ	4079	;# 
  2564   000FF0                     INTCON3         equ	4080	;# 
  2565   000FF1                     INTCON2         equ	4081	;# 
  2566   000FF2                     INTCON          equ	4082	;# 
  2567   000FF3                     PROD            equ	4083	;# 
  2568   000FF3                     PRODL           equ	4083	;# 
  2569   000FF4                     PRODH           equ	4084	;# 
  2570   000FF5                     TABLAT          equ	4085	;# 
  2571   000FF6                     TBLPTR          equ	4086	;# 
  2572   000FF6                     TBLPTRL         equ	4086	;# 
  2573   000FF7                     TBLPTRH         equ	4087	;# 
  2574   000FF8                     TBLPTRU         equ	4088	;# 
  2575   000FF9                     PCLAT           equ	4089	;# 
  2576   000FF9                     PC              equ	4089	;# 
  2577   000FF9                     PCL             equ	4089	;# 
  2578   000FFA                     PCLATH          equ	4090	;# 
  2579   000FFB                     PCLATU          equ	4091	;# 
  2580   000FFC                     STKPTR          equ	4092	;# 
  2581   000FFD                     TOS             equ	4093	;# 
  2582   000FFD                     TOSL            equ	4093	;# 
  2583   000FFE                     TOSH            equ	4094	;# 
  2584   000FFF                     TOSU            equ	4095	;# 
  2585                           
  2586                           	psect	idataCOMRAM
  2587   000C6C                     __pidataCOMRAM:
  2588                           	callstack 0
  2589                           
  2590                           ;initializer for _digit
  2591   000C6C  E7                 	db	231
  2592   000C6D  21                 	db	33
  2593   000C6E  CB                 	db	203
  2594   000C6F  6B                 	db	107
  2595   000C70  2D                 	db	45
  2596   000C71  6E                 	db	110
  2597   000C72  EE                 	db	238
  2598   000C73  23                 	db	35
  2599   000C74  EF                 	db	239
  2600   000C75  6F                 	db	111
  2601                           
  2602                           ;initializer for read_digital_keypad@once
  2603   000C76  01                 	db	1
  2604   000DD4                     _RXFCON0        set	3540
  2605   000F45                     _TXB0DLC        set	3909
  2606   000F44                     _TXB0EIDL       set	3908
  2607   000F43                     _TXB0EIDH       set	3907
  2608   000F41                     _TXB0SIDH       set	3905
  2609   000F42                     _TXB0SIDL       set	3906
  2610   000F46                     _TXB0D0         set	3910
  2611   007A03                     _TXB0REQ        set	31235
  2612   000F82                     _PORTC          set	3970
  2613   000F94                     _TRISC          set	3988
  2614   000F65                     _RXB0DLC        set	3941
  2615   000F61                     _RXB0SIDH       set	3937
  2616   000F62                     _RXB0SIDL       set	3938
  2617   000F60                     _RXB0CONbits    set	3936
  2618   000F60                     _RXB0CON        set	3936
  2619   000F72                     _BRGCON3        set	3954
  2620   000F71                     _BRGCON2        set	3953
  2621   000F70                     _BRGCON1        set	3952
  2622   000F77                     _ECANCON        set	3959
  2623   000F6E                     _CANSTAT        set	3950
  2624   000F6F                     _CANCON         set	3951
  2625   000FAE                     _RCREG          set	4014
  2626   000FAD                     _TXREG          set	4013
  2627   000FAF                     _SPBRG          set	4015
  2628   000FC2                     _ADCON0         set	4034
  2629   000FC3                     _ADRESL         set	4035
  2630   000FC4                     _ADRESH         set	4036
  2631   000F81                     _PORTB          set	3969
  2632   000F93                     _TRISB          set	3987
  2633   000F66                     _RXB0D0         set	3942
  2634   007D20                     _RXB0IF         set	32032
  2635   007B07                     _RXB0FUL        set	31495
  2636   007C9B                     _TRISB3         set	31899
  2637   007C9A                     _TRISB2         set	31898
  2638   007CF5                     _RCIF           set	31989
  2639   007CF4                     _TXIF           set	31988
  2640   007DC3                     _BRG16          set	32195
  2641   007D5C                     _CREN           set	32092
  2642   007D5E                     _RX9            set	32094
  2643   007D5F                     _SPEN           set	32095
  2644   007D62                     _BRGH           set	32098
  2645   007D63                     _SENDB          set	32099
  2646   007D64                     _SYNC           set	32100
  2647   007D65                     _TXEN           set	32101
  2648   007D66                     _TX9            set	32102
  2649   007CA6                     _TRISC6         set	31910
  2650   007CA7                     _TRISC7         set	31911
  2651   007E11                     _GO             set	32273
  2652   007E10                     _ADON           set	32272
  2653   007E0C                     _VCFG0          set	32268
  2654   007E0D                     _VCFG1          set	32269
  2655   007E11                     _GODONE         set	32273
  2656   007E02                     _ADCS2          set	32258
  2657   007E01                     _ADCS1          set	32257
  2658   007E00                     _ADCS0          set	32256
  2659   007E03                     _ACQT0          set	32259
  2660   007E04                     _ACQT1          set	32260
  2661   007E05                     _ACQT2          set	32261
  2662   007E07                     _ADFM           set	32263
  2663                           
  2664                           ; #config settings
  2665                           
  2666                           	psect	cinit
  2667   000C10                     __pcinit:
  2668                           	callstack 0
  2669   000C10                     start_initialization:
  2670                           	callstack 0
  2671   000C10                     __initialization:
  2672                           	callstack 0
  2673                           
  2674                           ; Initialize objects allocated to COMRAM (11 bytes)
  2675                           ; load TBLPTR registers with __pidataCOMRAM
  2676   000C10  0E6C               	movlw	low __pidataCOMRAM
  2677   000C12  6EF6               	movwf	tblptrl,c
  2678   000C14  0E0C               	movlw	high __pidataCOMRAM
  2679   000C16  6EF7               	movwf	tblptrh,c
  2680   000C18  0E00               	movlw	low (__pidataCOMRAM shr (0+16))
  2681   000C1A  6EF8               	movwf	tblptru,c
  2682   000C1C  EE00  F037         	lfsr	0,__pdataCOMRAM
  2683   000C20  EE10 F00B          	lfsr	1,11
  2684   000C24                     copy_data0:
  2685   000C24  0009               	tblrd		*+
  2686   000C26  CFF5 FFEE          	movff	tablat,postinc0
  2687   000C2A  50E5               	movf	postdec1,w,c
  2688   000C2C  50E1               	movf	fsr1l,w,c
  2689   000C2E  E1FA               	bnz	copy_data0
  2690                           
  2691                           ; Clear objects allocated to COMRAM (18 bytes)
  2692   000C30  EE00  F025         	lfsr	0,__pbssCOMRAM
  2693   000C34  0E12               	movlw	18
  2694   000C36                     clear_0:
  2695   000C36  6AEE               	clrf	postinc0,c
  2696   000C38  06E8               	decf	wreg,f,c
  2697   000C3A  E1FD               	bnz	clear_0
  2698   000C3C                     end_of_initialization:
  2699                           	callstack 0
  2700   000C3C                     __end_of__initialization:
  2701                           	callstack 0
  2702   000C3C  0100               	movlb	0
  2703   000C3E  EF80  F003         	goto	_main	;jump to C main() function
  2704                           
  2705                           	psect	bssCOMRAM
  2706   000025                     __pbssCOMRAM:
  2707                           	callstack 0
  2708   000025                     _RPM:
  2709                           	callstack 0
  2710   000025                     	ds	5
  2711   00002A                     _ssd:
  2712                           	callstack 0
  2713   00002A                     	ds	4
  2714   00002E                     _rpm:
  2715                           	callstack 0
  2716   00002E                     	ds	2
  2717   000030                     _adc_value:
  2718                           	callstack 0
  2719   000030                     	ds	2
  2720   000032                     _msg_id:
  2721                           	callstack 0
  2722   000032                     	ds	2
  2723   000034                     process_indicator@state:
  2724                           	callstack 0
  2725   000034                     	ds	1
  2726   000035                     _key:
  2727                           	callstack 0
  2728   000035                     	ds	1
  2729   000036                     _len:
  2730                           	callstack 0
  2731   000036                     	ds	1
  2732                           
  2733                           	psect	dataCOMRAM
  2734   000037                     __pdataCOMRAM:
  2735                           	callstack 0
  2736   000037                     _digit:
  2737                           	callstack 0
  2738   000037                     	ds	10
  2739   000041                     read_digital_keypad@once:
  2740                           	callstack 0
  2741   000041                     	ds	1
  2742                           
  2743                           	psect	cstackCOMRAM
  2744   000001                     __pcstackCOMRAM:
  2745                           	callstack 0
  2746   000001                     ?___lwdiv:
  2747                           	callstack 0
  2748   000001                     ?_read_adc:
  2749                           	callstack 0
  2750   000001                     ?___lmul:
  2751                           	callstack 0
  2752   000001                     read_digital_keypad@detection_type:
  2753                           	callstack 0
  2754   000001                     set_msg_id_std@id:
  2755                           	callstack 0
  2756   000001                     ___lwdiv@dividend:
  2757                           	callstack 0
  2758   000001                     ___lmul@multiplier:
  2759                           	callstack 0
  2760   000001                     
  2761                           ; 1 bytes @ 0x0
  2762   000001                     	ds	2
  2763   000003                     ___lwdiv@divisor:
  2764                           	callstack 0
  2765   000003                     ??_read_adc:
  2766   000003                     ??_set_msg_id_std:
  2767                           
  2768                           ; 1 bytes @ 0x2
  2769   000003                     	ds	2
  2770   000005                     read_adc@reg_val:
  2771                           	callstack 0
  2772   000005                     can_transmit@msg_id:
  2773                           	callstack 0
  2774   000005                     ___lwdiv@quotient:
  2775                           	callstack 0
  2776   000005                     ___lmul@multiplicand:
  2777                           	callstack 0
  2778   000005                     
  2779                           ; 1 bytes @ 0x4
  2780   000005                     	ds	2
  2781   000007                     read_adc@channel:
  2782                           	callstack 0
  2783   000007                     can_transmit@data:
  2784                           	callstack 0
  2785   000007                     ___lwdiv@counter:
  2786                           	callstack 0
  2787                           
  2788                           ; 1 bytes @ 0x6
  2789   000007                     	ds	1
  2790   000008                     ?___lwmod:
  2791                           	callstack 0
  2792   000008                     can_transmit@len:
  2793                           	callstack 0
  2794   000008                     ___lwmod@dividend:
  2795                           	callstack 0
  2796                           
  2797                           ; 2 bytes @ 0x7
  2798   000008                     	ds	1
  2799   000009                     ___lmul@product:
  2800                           	callstack 0
  2801   000009                     ??_can_transmit:
  2802   000009                     
  2803                           ; 1 bytes @ 0x8
  2804   000009                     	ds	1
  2805   00000A                     ___lwmod@divisor:
  2806                           	callstack 0
  2807                           
  2808                           ; 2 bytes @ 0x9
  2809   00000A                     	ds	2
  2810   00000C                     ___lwmod@counter:
  2811                           	callstack 0
  2812   00000C                     can_transmit@ptr:
  2813                           	callstack 0
  2814   00000C                     
  2815                           ; 1 bytes @ 0xB
  2816   00000C                     	ds	1
  2817   00000D                     ?___lldiv:
  2818                           	callstack 0
  2819   00000D                     ___lldiv@dividend:
  2820                           	callstack 0
  2821                           
  2822                           ; 4 bytes @ 0xC
  2823   00000D                     	ds	1
  2824   00000E                     can_transmit@i:
  2825                           	callstack 0
  2826                           
  2827                           ; 2 bytes @ 0xD
  2828   00000E                     	ds	2
  2829   000010                     process_indicator@data:
  2830                           	callstack 0
  2831   000010                     
  2832                           ; 1 bytes @ 0xF
  2833   000010                     	ds	1
  2834   000011                     process_indicator@wait:
  2835                           	callstack 0
  2836   000011                     ___lldiv@divisor:
  2837                           	callstack 0
  2838                           
  2839                           ; 4 bytes @ 0x10
  2840   000011                     	ds	2
  2841   000013                     process_indicator@key:
  2842                           	callstack 0
  2843                           
  2844                           ; 1 bytes @ 0x12
  2845   000013                     	ds	2
  2846   000015                     ___lldiv@quotient:
  2847                           	callstack 0
  2848   000015                     
  2849                           ; 1 bytes @ 0x14
  2850   000015                     	ds	4
  2851   000019                     ___lldiv@counter:
  2852                           	callstack 0
  2853                           
  2854                           ; 1 bytes @ 0x18
  2855   000019                     	ds	1
  2856   00001A                     ?_get_rpm:
  2857                           	callstack 0
  2858                           
  2859                           ; 2 bytes @ 0x19
  2860   00001A                     	ds	2
  2861   00001C                     main@buff:
  2862                           	callstack 0
  2863   00001C                     
  2864                           ; 1 bytes @ 0x1B
  2865   00001C                     	ds	5
  2866   000021                     main@wait:
  2867                           	callstack 0
  2868                           
  2869                           ; 2 bytes @ 0x20
  2870   000021                     	ds	2
  2871   000023                     main@RPM:
  2872                           	callstack 0
  2873                           
  2874                           ; 2 bytes @ 0x22
  2875   000023                     	ds	2
  2876                           
  2877 ;;
  2878 ;;Main: autosize = 0, tempsize = 0, incstack = 0, save=0
  2879 ;;
  2880 ;; *************** function _main *****************
  2881 ;; Defined at:
  2882 ;;		line 25 in file "ECU2main.c"
  2883 ;; Parameters:    Size  Location     Type
  2884 ;;		None
  2885 ;; Auto vars:     Size  Location     Type
  2886 ;;  wait            2   32[COMRAM] int 
  2887 ;;  buff            5   27[COMRAM] unsigned char [5]
  2888 ;;  RPM             2   34[COMRAM] unsigned int 
  2889 ;; Return value:  Size  Location     Type
  2890 ;;                  1    wreg      void 
  2891 ;; Registers used:
  2892 ;;		wreg, fsr1l, fsr1h, fsr2l, fsr2h, status,2, status,0, cstack
  2893 ;; Tracked objects:
  2894 ;;		On entry : 0/0
  2895 ;;		On exit  : 0/0
  2896 ;;		Unchanged: 0/0
  2897 ;; Data sizes:     COMRAM   BANK0   BANK1   BANK2   BANK3   BANK4   BANK5
  2898 ;;      Params:         0       0       0       0       0       0       0
  2899 ;;      Locals:         9       0       0       0       0       0       0
  2900 ;;      Temps:          0       0       0       0       0       0       0
  2901 ;;      Totals:         9       0       0       0       0       0       0
  2902 ;;Total ram usage:        9 bytes
  2903 ;; Hardware stack levels required when called: 2
  2904 ;; This function calls:
  2905 ;;		___lwdiv
  2906 ;;		___lwmod
  2907 ;;		_can_transmit
  2908 ;;		_get_rpm
  2909 ;;		_init_config
  2910 ;;		_process_indicator
  2911 ;; This function is called by:
  2912 ;;		Startup code after reset
  2913 ;; This function uses a non-reentrant model
  2914 ;;
  2915                           
  2916                           	psect	text0
  2917   000700                     __ptext0:
  2918                           	callstack 0
  2919   000700                     _main:
  2920                           	callstack 29
  2921   000700                     
  2922                           ;ECU2main.c: 27:     TRISB = 0x00;
  2923   000700  6A93               	clrf	147,c	;volatile
  2924                           
  2925                           ;ECU2main.c: 28:     PORTB = 0x00;
  2926   000702  6A81               	clrf	129,c	;volatile
  2927   000704                     
  2928                           ;ECU2main.c: 30:     init_config();
  2929   000704  EC2F  F006         	call	_init_config	;wreg free
  2930   000708                     l28:
  2931                           
  2932                           ;ECU2main.c: 33:     {;ECU2main.c: 34:         unsigned int RPM = get_rpm();
  2933   000708  EC01  F003         	call	_get_rpm	;wreg free
  2934   00070C  C01A  F023         	movff	?_get_rpm,main@RPM
  2935   000710  C01B  F024         	movff	?_get_rpm+1,main@RPM+1
  2936                           
  2937                           ;ECU2main.c: 36:         char buff[5];;ECU2main.c: 37:         buff[0]=(RPM/1000)+'0';
  2938   000714  C023  F001         	movff	main@RPM,___lwdiv@dividend
  2939   000718  C024  F002         	movff	main@RPM+1,___lwdiv@dividend+1
  2940   00071C  0E03               	movlw	3
  2941   00071E  6E04               	movwf	(___lwdiv@divisor+1)^0,c
  2942   000720  0EE8               	movlw	232
  2943   000722  6E03               	movwf	___lwdiv@divisor^0,c
  2944   000724  ECD2  F004         	call	___lwdiv	;wreg free
  2945   000728  5001               	movf	?___lwdiv^0,w,c
  2946   00072A  0F30               	addlw	48
  2947   00072C  6E1C               	movwf	main@buff^0,c
  2948                           
  2949                           ;ECU2main.c: 38:         buff[1]=((RPM/100)%10)+'0';
  2950   00072E  6A04               	clrf	(___lwdiv@divisor+1)^0,c
  2951   000730  0E64               	movlw	100
  2952   000732  6E03               	movwf	___lwdiv@divisor^0,c
  2953   000734  C023  F001         	movff	main@RPM,___lwdiv@dividend
  2954   000738  C024  F002         	movff	main@RPM+1,___lwdiv@dividend+1
  2955   00073C  ECD2  F004         	call	___lwdiv	;wreg free
  2956   000740  C001  F008         	movff	?___lwdiv,___lwmod@dividend
  2957   000744  C002  F009         	movff	?___lwdiv+1,___lwmod@dividend+1
  2958   000748  6A0B               	clrf	(___lwmod@divisor+1)^0,c
  2959   00074A  0E0A               	movlw	10
  2960   00074C  6E0A               	movwf	___lwmod@divisor^0,c
  2961   00074E  EC77  F005         	call	___lwmod	;wreg free
  2962   000752  5008               	movf	?___lwmod^0,w,c
  2963   000754  0F30               	addlw	48
  2964   000756  6E1D               	movwf	(main@buff+1)^0,c
  2965                           
  2966                           ;ECU2main.c: 39:         buff[2]=((RPM/10)%10)+'0';
  2967   000758  6A04               	clrf	(___lwdiv@divisor+1)^0,c
  2968   00075A  0E0A               	movlw	10
  2969   00075C  6E03               	movwf	___lwdiv@divisor^0,c
  2970   00075E  C023  F001         	movff	main@RPM,___lwdiv@dividend
  2971   000762  C024  F002         	movff	main@RPM+1,___lwdiv@dividend+1
  2972   000766  ECD2  F004         	call	___lwdiv	;wreg free
  2973   00076A  C001  F008         	movff	?___lwdiv,___lwmod@dividend
  2974   00076E  C002  F009         	movff	?___lwdiv+1,___lwmod@dividend+1
  2975   000772  6A0B               	clrf	(___lwmod@divisor+1)^0,c
  2976   000774  0E0A               	movlw	10
  2977   000776  6E0A               	movwf	___lwmod@divisor^0,c
  2978   000778  EC77  F005         	call	___lwmod	;wreg free
  2979   00077C  5008               	movf	?___lwmod^0,w,c
  2980   00077E  0F30               	addlw	48
  2981   000780  6E1E               	movwf	(main@buff+2)^0,c
  2982                           
  2983                           ;ECU2main.c: 40:         buff[3]=(RPM%10)+'0';
  2984   000782  C023  F008         	movff	main@RPM,___lwmod@dividend
  2985   000786  C024  F009         	movff	main@RPM+1,___lwmod@dividend+1
  2986   00078A  6A0B               	clrf	(___lwmod@divisor+1)^0,c
  2987   00078C  0E0A               	movlw	10
  2988   00078E  6E0A               	movwf	___lwmod@divisor^0,c
  2989   000790  EC77  F005         	call	___lwmod	;wreg free
  2990   000794  5008               	movf	?___lwmod^0,w,c
  2991   000796  0F30               	addlw	48
  2992   000798  6E1F               	movwf	(main@buff+3)^0,c
  2993   00079A                     
  2994                           ;ECU2main.c: 41:         buff[4]='\0';
  2995   00079A  6A20               	clrf	(main@buff+4)^0,c
  2996   00079C                     
  2997                           ;ECU2main.c: 43:         can_transmit(0x30,buff,4);
  2998   00079C  6A06               	clrf	(can_transmit@msg_id+1)^0,c
  2999   00079E  0E30               	movlw	48
  3000   0007A0  6E05               	movwf	can_transmit@msg_id^0,c
  3001   0007A2  0E1C               	movlw	low main@buff
  3002   0007A4  6E07               	movwf	can_transmit@data^0,c
  3003   0007A6  0E04               	movlw	4
  3004   0007A8  6E08               	movwf	can_transmit@len^0,c
  3005   0007AA  EC0B  F005         	call	_can_transmit	;wreg free
  3006   0007AE                     
  3007                           ;ECU2main.c: 44:         for (int wait = 2000; wait>0;wait--);
  3008   0007AE  0E07               	movlw	7
  3009   0007B0  6E22               	movwf	(main@wait+1)^0,c
  3010   0007B2  0ED0               	movlw	208
  3011   0007B4  6E21               	movwf	main@wait^0,c
  3012   0007B6                     l1466:
  3013   0007B6  0621               	decf	main@wait^0,f,c
  3014   0007B8  A0D8               	btfss	status,0,c
  3015   0007BA  0622               	decf	(main@wait+1)^0,f,c
  3016   0007BC  BE22               	btfsc	(main@wait+1)^0,7,c
  3017   0007BE  EFEB  F003         	goto	u510
  3018   0007C2  5022               	movf	(main@wait+1)^0,w,c
  3019   0007C4  E106               	bnz	u511
  3020   0007C6  0421               	decf	main@wait^0,w,c
  3021   0007C8  B0D8               	btfsc	status,0,c
  3022   0007CA  EFE9  F003         	goto	u511
  3023   0007CE  EFEB  F003         	goto	u510
  3024   0007D2                     u511:
  3025   0007D2  EFDB  F003         	goto	l1466
  3026   0007D6                     u510:
  3027   0007D6                     
  3028                           ;ECU2main.c: 46:          process_indicator();
  3029   0007D6  ECF1  F003         	call	_process_indicator	;wreg free
  3030   0007DA  EF84  F003         	goto	l28
  3031   0007DE  EFFE  F017         	goto	start
  3032   0007E2                     __end_of_main:
  3033                           	callstack 0
  3034                           
  3035 ;; *************** function _process_indicator *****************
  3036 ;; Defined at:
  3037 ;;		line 45 in file "ecu2_sensor.c"
  3038 ;; Parameters:    Size  Location     Type
  3039 ;;		None
  3040 ;; Auto vars:     Size  Location     Type
  3041 ;;  wait            2   16[COMRAM] int 
  3042 ;;  key             1   18[COMRAM] unsigned char 
  3043 ;;  data            1   15[COMRAM] unsigned char [1]
  3044 ;; Return value:  Size  Location     Type
  3045 ;;                  1    wreg      enum E10495
  3046 ;; Registers used:
  3047 ;;		wreg, fsr1l, fsr1h, fsr2l, fsr2h, status,2, status,0, cstack
  3048 ;; Tracked objects:
  3049 ;;		On entry : 0/0
  3050 ;;		On exit  : 0/0
  3051 ;;		Unchanged: 0/0
  3052 ;; Data sizes:     COMRAM   BANK0   BANK1   BANK2   BANK3   BANK4   BANK5
  3053 ;;      Params:         0       0       0       0       0       0       0
  3054 ;;      Locals:         4       0       0       0       0       0       0
  3055 ;;      Temps:          0       0       0       0       0       0       0
  3056 ;;      Totals:         4       0       0       0       0       0       0
  3057 ;;Total ram usage:        4 bytes
  3058 ;; Hardware stack levels used: 1
  3059 ;; Hardware stack levels required when called: 1
  3060 ;; This function calls:
  3061 ;;		_can_transmit
  3062 ;;		_read_digital_keypad
  3063 ;; This function is called by:
  3064 ;;		_main
  3065 ;; This function uses a non-reentrant model
  3066 ;;
  3067                           
  3068                           	psect	text1
  3069   0007E2                     __ptext1:
  3070                           	callstack 0
  3071   0007E2                     _process_indicator:
  3072                           	callstack 29
  3073   0007E2                     
  3074                           ;ecu2_sensor.c: 49:     char key = read_digital_keypad(1);
  3075   0007E2  0E01               	movlw	1
  3076   0007E4  EC98  F004         	call	_read_digital_keypad
  3077   0007E8  6E13               	movwf	process_indicator@key^0,c
  3078   0007EA                     
  3079                           ;ecu2_sensor.c: 51:     static IndicatorStatus state=e_ind_off;;ecu2_sensor.c: 55:     i
      +                          f(key == 0x0E)
  3080   0007EA  0E0E               	movlw	14
  3081   0007EC  1813               	xorwf	process_indicator@key^0,w,c
  3082   0007EE  A4D8               	btfss	status,2,c
  3083   0007F0  EFFC  F003         	goto	u461
  3084   0007F4  EFFE  F003         	goto	u460
  3085   0007F8                     u461:
  3086   0007F8  EF02  F004         	goto	l1428
  3087   0007FC                     u460:
  3088   0007FC                     
  3089                           ;ecu2_sensor.c: 56:     {;ecu2_sensor.c: 57:         state=e_ind_left;
  3090   0007FC  0E01               	movlw	1
  3091   0007FE  6E34               	movwf	process_indicator@state^0,c
  3092                           
  3093                           ;ecu2_sensor.c: 58:     }
  3094   000800  EF26  F004         	goto	l232
  3095   000804                     l1428:
  3096   000804  0E0D               	movlw	13
  3097   000806  1813               	xorwf	process_indicator@key^0,w,c
  3098   000808  A4D8               	btfss	status,2,c
  3099   00080A  EF09  F004         	goto	u471
  3100   00080E  EF0B  F004         	goto	u470
  3101   000812                     u471:
  3102   000812  EF0F  F004         	goto	l1432
  3103   000816                     u470:
  3104   000816                     
  3105                           ;ecu2_sensor.c: 60:     {;ecu2_sensor.c: 61:         state=e_ind_right;
  3106   000816  0E02               	movlw	2
  3107   000818  6E34               	movwf	process_indicator@state^0,c
  3108                           
  3109                           ;ecu2_sensor.c: 62:     }
  3110   00081A  EF26  F004         	goto	l232
  3111   00081E                     l1432:
  3112   00081E  0E0B               	movlw	11
  3113   000820  1813               	xorwf	process_indicator@key^0,w,c
  3114   000822  A4D8               	btfss	status,2,c
  3115   000824  EF16  F004         	goto	u481
  3116   000828  EF18  F004         	goto	u480
  3117   00082C                     u481:
  3118   00082C  EF1C  F004         	goto	l1436
  3119   000830                     u480:
  3120   000830                     
  3121                           ;ecu2_sensor.c: 64:     {;ecu2_sensor.c: 65:         state=e_ind_hazard;
  3122   000830  0E03               	movlw	3
  3123   000832  6E34               	movwf	process_indicator@state^0,c
  3124                           
  3125                           ;ecu2_sensor.c: 66:     }
  3126   000834  EF26  F004         	goto	l232
  3127   000838                     l1436:
  3128   000838  0E07               	movlw	7
  3129   00083A  1813               	xorwf	process_indicator@key^0,w,c
  3130   00083C  A4D8               	btfss	status,2,c
  3131   00083E  EF23  F004         	goto	u491
  3132   000842  EF25  F004         	goto	u490
  3133   000846                     u491:
  3134   000846  EF26  F004         	goto	l232
  3135   00084A                     u490:
  3136   00084A                     
  3137                           ;ecu2_sensor.c: 68:     {;ecu2_sensor.c: 69:         state=e_ind_off;
  3138   00084A  6A34               	clrf	process_indicator@state^0,c
  3139   00084C                     l232:
  3140                           
  3141                           ;ecu2_sensor.c: 71:     uint8_t data[1];;ecu2_sensor.c: 72:     data[0]=state;
  3142   00084C  C034  F010         	movff	process_indicator@state,process_indicator@data
  3143   000850                     
  3144                           ;ecu2_sensor.c: 74:     can_transmit(0x50,data,1);
  3145   000850  6A06               	clrf	(can_transmit@msg_id+1)^0,c
  3146   000852  0E50               	movlw	80
  3147   000854  6E05               	movwf	can_transmit@msg_id^0,c
  3148   000856  0E10               	movlw	low process_indicator@data
  3149   000858  6E07               	movwf	can_transmit@data^0,c
  3150   00085A  0E01               	movlw	1
  3151   00085C  6E08               	movwf	can_transmit@len^0,c
  3152   00085E  EC0B  F005         	call	_can_transmit	;wreg free
  3153   000862                     
  3154                           ;ecu2_sensor.c: 75:     for (int wait = 2000; wait>0;wait--);
  3155   000862  0E07               	movlw	7
  3156   000864  6E12               	movwf	(process_indicator@wait+1)^0,c
  3157   000866  0ED0               	movlw	208
  3158   000868  6E11               	movwf	process_indicator@wait^0,c
  3159   00086A                     l1448:
  3160   00086A  0611               	decf	process_indicator@wait^0,f,c
  3161   00086C  A0D8               	btfss	status,0,c
  3162   00086E  0612               	decf	(process_indicator@wait+1)^0,f,c
  3163   000870  BE12               	btfsc	(process_indicator@wait+1)^0,7,c
  3164   000872  EF45  F004         	goto	u500
  3165   000876  5012               	movf	(process_indicator@wait+1)^0,w,c
  3166   000878  E106               	bnz	u501
  3167   00087A  0411               	decf	process_indicator@wait^0,w,c
  3168   00087C  B0D8               	btfsc	status,0,c
  3169   00087E  EF43  F004         	goto	u501
  3170   000882  EF45  F004         	goto	u500
  3171   000886                     u501:
  3172   000886  EF35  F004         	goto	l1448
  3173   00088A                     u500:
  3174   00088A  0012               	return		;funcret
  3175   00088C                     __end_of_process_indicator:
  3176                           	callstack 0
  3177                           
  3178 ;; *************** function _read_digital_keypad *****************
  3179 ;; Defined at:
  3180 ;;		line 15 in file "digital_keypad.c"
  3181 ;; Parameters:    Size  Location     Type
  3182 ;;  detection_ty    1    wreg     unsigned char 
  3183 ;; Auto vars:     Size  Location     Type
  3184 ;;  detection_ty    1    0[COMRAM] unsigned char 
  3185 ;; Return value:  Size  Location     Type
  3186 ;;                  1    wreg      unsigned char 
  3187 ;; Registers used:
  3188 ;;		wreg, status,2, status,0
  3189 ;; Tracked objects:
  3190 ;;		On entry : 0/0
  3191 ;;		On exit  : 0/0
  3192 ;;		Unchanged: 0/0
  3193 ;; Data sizes:     COMRAM   BANK0   BANK1   BANK2   BANK3   BANK4   BANK5
  3194 ;;      Params:         0       0       0       0       0       0       0
  3195 ;;      Locals:         1       0       0       0       0       0       0
  3196 ;;      Temps:          0       0       0       0       0       0       0
  3197 ;;      Totals:         1       0       0       0       0       0       0
  3198 ;;Total ram usage:        1 bytes
  3199 ;; Hardware stack levels used: 1
  3200 ;; This function calls:
  3201 ;;		Nothing
  3202 ;; This function is called by:
  3203 ;;		_process_indicator
  3204 ;; This function uses a non-reentrant model
  3205 ;;
  3206                           
  3207                           	psect	text2
  3208   000930                     __ptext2:
  3209                           	callstack 0
  3210   000930                     _read_digital_keypad:
  3211                           	callstack 29
  3212                           
  3213                           ;incstack = 0
  3214                           ;read_digital_keypad@detection_type stored from wreg
  3215   000930  6E01               	movwf	read_digital_keypad@detection_type^0,c
  3216   000932                     
  3217                           ;digital_keypad.c: 15: unsigned char read_digital_keypad(unsigned char detection_type);d
      +                          igital_keypad.c: 16: {;digital_keypad.c: 17:  static unsigned char once = 1;;digital_key
      +                          pad.c: 19:  if (detection_type == 1)
  3218   000932  0401               	decf	read_digital_keypad@detection_type^0,w,c
  3219   000934  A4D8               	btfss	status,2,c
  3220   000936  EF9F  F004         	goto	u51
  3221   00093A  EFA1  F004         	goto	u50
  3222   00093E                     u51:
  3223   00093E  EFC6  F004         	goto	l1116
  3224   000942                     u50:
  3225   000942                     
  3226                           ;digital_keypad.c: 20:  {;digital_keypad.c: 21:   if (((PORTC & 0x0F) != 0x0F) && once)
  3227   000942  5082               	movf	130,w,c	;volatile
  3228   000944  0B0F               	andlw	15
  3229   000946  0A0F               	xorlw	15
  3230   000948  B4D8               	btfsc	status,2,c
  3231   00094A  EFA9  F004         	goto	u61
  3232   00094E  EFAB  F004         	goto	u60
  3233   000952                     u61:
  3234   000952  EFB8  F004         	goto	l1112
  3235   000956                     u60:
  3236   000956  5041               	movf	read_digital_keypad@once^0,w,c
  3237   000958  B4D8               	btfsc	status,2,c
  3238   00095A  EFB1  F004         	goto	u71
  3239   00095E  EFB3  F004         	goto	u70
  3240   000962                     u71:
  3241   000962  EFB8  F004         	goto	l1112
  3242   000966                     u70:
  3243   000966                     
  3244                           ;digital_keypad.c: 22:   {;digital_keypad.c: 23:    once = 0;
  3245   000966  6A41               	clrf	read_digital_keypad@once^0,c
  3246   000968                     l1106:
  3247                           
  3248                           ;digital_keypad.c: 25:    return (PORTC & 0x0F);
  3249   000968  5082               	movf	130,w,c	;volatile
  3250   00096A  0B0F               	andlw	15
  3251   00096C  EFD1  F004         	goto	l254
  3252   000970                     l1112:
  3253   000970  5082               	movf	130,w,c	;volatile
  3254   000972  0B0F               	andlw	15
  3255   000974  0A0F               	xorlw	15
  3256   000976  A4D8               	btfss	status,2,c
  3257   000978  EFC0  F004         	goto	u81
  3258   00097C  EFC2  F004         	goto	u80
  3259   000980                     u81:
  3260   000980  EFD0  F004         	goto	l1122
  3261   000984                     u80:
  3262   000984                     
  3263                           ;digital_keypad.c: 28:   {;digital_keypad.c: 29:    once = 1;
  3264   000984  0E01               	movlw	1
  3265   000986  6E41               	movwf	read_digital_keypad@once^0,c
  3266   000988  EFD0  F004         	goto	l1122
  3267   00098C                     l1116:
  3268   00098C  5001               	movf	read_digital_keypad@detection_type^0,w,c
  3269   00098E  A4D8               	btfss	status,2,c
  3270   000990  EFCC  F004         	goto	u91
  3271   000994  EFCE  F004         	goto	u90
  3272   000998                     u91:
  3273   000998  EFD0  F004         	goto	l1122
  3274   00099C                     u90:
  3275   00099C  EFB4  F004         	goto	l1106
  3276   0009A0                     l1122:
  3277                           
  3278                           ;digital_keypad.c: 37:  return 0xFF;
  3279   0009A0  0EFF               	movlw	255
  3280   0009A2                     l254:
  3281   0009A2  0012               	return		;funcret
  3282   0009A4                     __end_of_read_digital_keypad:
  3283                           	callstack 0
  3284                           
  3285 ;; *************** function _can_transmit *****************
  3286 ;; Defined at:
  3287 ;;		line 70 in file "can.c"
  3288 ;; Parameters:    Size  Location     Type
  3289 ;;  msg_id          2    4[COMRAM] unsigned short 
  3290 ;;  data            1    6[COMRAM] PTR const unsigned char 
  3291 ;;		 -> process_indicator@data(1), main@buff(5), 
  3292 ;;  len             1    7[COMRAM] unsigned char 
  3293 ;; Auto vars:     Size  Location     Type
  3294 ;;  i               2   13[COMRAM] int 
  3295 ;;  ptr             2   11[COMRAM] PTR unsigned char 
  3296 ;;		 -> TXB0D0(1), 
  3297 ;; Return value:  Size  Location     Type
  3298 ;;                  1    wreg      void 
  3299 ;; Registers used:
  3300 ;;		wreg, fsr1l, fsr1h, fsr2l, fsr2h, status,2, status,0, cstack
  3301 ;; Tracked objects:
  3302 ;;		On entry : 0/0
  3303 ;;		On exit  : 0/0
  3304 ;;		Unchanged: 0/0
  3305 ;; Data sizes:     COMRAM   BANK0   BANK1   BANK2   BANK3   BANK4   BANK5
  3306 ;;      Params:         4       0       0       0       0       0       0
  3307 ;;      Locals:         4       0       0       0       0       0       0
  3308 ;;      Temps:          3       0       0       0       0       0       0
  3309 ;;      Totals:        11       0       0       0       0       0       0
  3310 ;;Total ram usage:       11 bytes
  3311 ;; Hardware stack levels used: 1
  3312 ;; This function calls:
  3313 ;;		_set_msg_id_std
  3314 ;; This function is called by:
  3315 ;;		_main
  3316 ;;		_process_indicator
  3317 ;; This function uses a non-reentrant model
  3318 ;;
  3319                           
  3320                           	psect	text3
  3321   000A16                     __ptext3:
  3322                           	callstack 0
  3323   000A16                     _can_transmit:
  3324                           	callstack 29
  3325   000A16                     
  3326                           ;can.c: 71:     uint8_t *ptr;;can.c: 72:     TXB0EIDH = 0x00;
  3327   000A16  010F               	movlb	15	; () banked
  3328   000A18  6B43               	clrf	67,b	;volatile
  3329                           
  3330                           ;can.c: 73:     TXB0EIDL = 0x00;
  3331   000A1A  6B44               	clrf	68,b	;volatile
  3332   000A1C                     
  3333                           ; BSR set to: 15
  3334                           ;can.c: 76:     set_msg_id_std(msg_id);
  3335   000A1C  C005  F001         	movff	can_transmit@msg_id,set_msg_id_std@id
  3336   000A20  C006  F002         	movff	can_transmit@msg_id+1,set_msg_id_std@id+1
  3337   000A24  ECCC  F005         	call	_set_msg_id_std	;wreg free
  3338   000A28                     
  3339                           ;can.c: 79:     TXB0DLC = len;
  3340   000A28  C008  FF45         	movff	can_transmit@len,3909	;volatile
  3341   000A2C                     
  3342                           ;can.c: 84:     ptr = (uint8_t *) & TXB0D0;
  3343   000A2C  0E46               	movlw	70
  3344   000A2E  6E0C               	movwf	can_transmit@ptr^0,c
  3345   000A30  0E0F               	movlw	15
  3346   000A32  6E0D               	movwf	(can_transmit@ptr+1)^0,c
  3347   000A34                     
  3348                           ;can.c: 85:     for (int i = 0; i < len; i++) {
  3349   000A34  6A0F               	clrf	(can_transmit@i+1)^0,c
  3350   000A36  0E00               	movlw	0
  3351   000A38  6E0E               	movwf	can_transmit@i^0,c
  3352   000A3A  EF2D  F005         	goto	l1332
  3353   000A3E                     l1328:
  3354                           
  3355                           ;can.c: 86:         ptr[i] = data[i];
  3356   000A3E  5007               	movf	can_transmit@data^0,w,c
  3357   000A40  240E               	addwf	can_transmit@i^0,w,c
  3358   000A42  6ED9               	movwf	fsr2l,c
  3359   000A44  6ADA               	clrf	fsr2h,c
  3360   000A46  500E               	movf	can_transmit@i^0,w,c
  3361   000A48  240C               	addwf	can_transmit@ptr^0,w,c
  3362   000A4A  6EE1               	movwf	fsr1l,c
  3363   000A4C  500F               	movf	(can_transmit@i+1)^0,w,c
  3364   000A4E  200D               	addwfc	(can_transmit@ptr+1)^0,w,c
  3365   000A50  6EE2               	movwf	fsr1h,c
  3366   000A52  CFDF FFE7          	movff	indf2,indf1
  3367   000A56                     
  3368                           ;can.c: 87:     }
  3369   000A56  4A0E               	infsnz	can_transmit@i^0,f,c
  3370   000A58  2A0F               	incf	(can_transmit@i+1)^0,f,c
  3371   000A5A                     l1332:
  3372   000A5A  5008               	movf	can_transmit@len^0,w,c
  3373   000A5C  6E09               	movwf	??_can_transmit^0,c
  3374   000A5E  6A0A               	clrf	(??_can_transmit+1)^0,c
  3375   000A60  5009               	movf	??_can_transmit^0,w,c
  3376   000A62  5C0E               	subwf	can_transmit@i^0,w,c
  3377   000A64  500F               	movf	(can_transmit@i+1)^0,w,c
  3378   000A66  0A80               	xorlw	128
  3379   000A68  6E0B               	movwf	(??_can_transmit+2)^0,c
  3380   000A6A  500A               	movf	(??_can_transmit+1)^0,w,c
  3381   000A6C  0A80               	xorlw	128
  3382   000A6E  580B               	subwfb	(??_can_transmit+2)^0,w,c
  3383   000A70  A0D8               	btfss	status,0,c
  3384   000A72  EF3D  F005         	goto	u331
  3385   000A76  EF3F  F005         	goto	u330
  3386   000A7A                     u331:
  3387   000A7A  EF1F  F005         	goto	l1328
  3388   000A7E                     u330:
  3389   000A7E                     
  3390                           ;can.c: 88:     TXB0REQ = 1;
  3391   000A7E  010F               	movlb	15	; () banked
  3392   000A80  8740               	bsf	64,3,b	;volatile
  3393   000A82                     
  3394                           ; BSR set to: 15
  3395   000A82  0012               	return		;funcret
  3396   000A84                     __end_of_can_transmit:
  3397                           	callstack 0
  3398                           
  3399 ;; *************** function _set_msg_id_std *****************
  3400 ;; Defined at:
  3401 ;;		line 63 in file "can.c"
  3402 ;; Parameters:    Size  Location     Type
  3403 ;;  id              2    0[COMRAM] unsigned int 
  3404 ;; Auto vars:     Size  Location     Type
  3405 ;;		None
  3406 ;; Return value:  Size  Location     Type
  3407 ;;                  1    wreg      void 
  3408 ;; Registers used:
  3409 ;;		wreg, status,2, status,0
  3410 ;; Tracked objects:
  3411 ;;		On entry : 0/0
  3412 ;;		On exit  : 0/0
  3413 ;;		Unchanged: 0/0
  3414 ;; Data sizes:     COMRAM   BANK0   BANK1   BANK2   BANK3   BANK4   BANK5
  3415 ;;      Params:         2       0       0       0       0       0       0
  3416 ;;      Locals:         0       0       0       0       0       0       0
  3417 ;;      Temps:          2       0       0       0       0       0       0
  3418 ;;      Totals:         4       0       0       0       0       0       0
  3419 ;;Total ram usage:        4 bytes
  3420 ;; Hardware stack levels used: 1
  3421 ;; This function calls:
  3422 ;;		Nothing
  3423 ;; This function is called by:
  3424 ;;		_can_transmit
  3425 ;; This function uses a non-reentrant model
  3426 ;;
  3427                           
  3428                           	psect	text4
  3429   000B98                     __ptext4:
  3430                           	callstack 0
  3431   000B98                     _set_msg_id_std:
  3432                           	callstack 28
  3433   000B98                     
  3434                           ;can.c: 64:     TXB0SIDL = (id & 0x7) << 5;
  3435   000B98  C001  F003         	movff	set_msg_id_std@id,??_set_msg_id_std
  3436   000B9C  0E07               	movlw	7
  3437   000B9E  1603               	andwf	??_set_msg_id_std^0,f,c
  3438   000BA0  0E05               	movlw	5
  3439   000BA2  6E04               	movwf	(??_set_msg_id_std+1)^0,c
  3440   000BA4                     u325:
  3441   000BA4  90D8               	bcf	status,0,c
  3442   000BA6  3603               	rlcf	??_set_msg_id_std^0,f,c
  3443   000BA8  2E04               	decfsz	(??_set_msg_id_std+1)^0,f,c
  3444   000BAA  EFD2  F005         	goto	u325
  3445   000BAE  5003               	movf	??_set_msg_id_std^0,w,c
  3446   000BB0  010F               	movlb	15	; () banked
  3447   000BB2  6F42               	movwf	66,b	;volatile
  3448                           
  3449                           ;can.c: 65:     TXB0SIDH = (id >> 3);
  3450   000BB4  C001  F003         	movff	set_msg_id_std@id,??_set_msg_id_std
  3451   000BB8  C002  F004         	movff	set_msg_id_std@id+1,??_set_msg_id_std+1
  3452   000BBC  90D8               	bcf	status,0,c
  3453   000BBE  3204               	rrcf	(??_set_msg_id_std+1)^0,f,c
  3454   000BC0  3203               	rrcf	??_set_msg_id_std^0,f,c
  3455   000BC2  90D8               	bcf	status,0,c
  3456   000BC4  3204               	rrcf	(??_set_msg_id_std+1)^0,f,c
  3457   000BC6  3203               	rrcf	??_set_msg_id_std^0,f,c
  3458   000BC8  90D8               	bcf	status,0,c
  3459   000BCA  3204               	rrcf	(??_set_msg_id_std+1)^0,f,c
  3460   000BCC  3203               	rrcf	??_set_msg_id_std^0,f,c
  3461   000BCE  5003               	movf	??_set_msg_id_std^0,w,c
  3462   000BD0  6F41               	movwf	65,b	;volatile
  3463   000BD2                     
  3464                           ; BSR set to: 15
  3465   000BD2  0012               	return		;funcret
  3466   000BD4                     __end_of_set_msg_id_std:
  3467                           	callstack 0
  3468                           
  3469 ;; *************** function _init_config *****************
  3470 ;; Defined at:
  3471 ;;		line 18 in file "ECU2main.c"
  3472 ;; Parameters:    Size  Location     Type
  3473 ;;		None
  3474 ;; Auto vars:     Size  Location     Type
  3475 ;;		None
  3476 ;; Return value:  Size  Location     Type
  3477 ;;                  1    wreg      void 
  3478 ;; Registers used:
  3479 ;;		wreg, status,2, status,0, cstack
  3480 ;; Tracked objects:
  3481 ;;		On entry : 0/0
  3482 ;;		On exit  : 0/0
  3483 ;;		Unchanged: 0/0
  3484 ;; Data sizes:     COMRAM   BANK0   BANK1   BANK2   BANK3   BANK4   BANK5
  3485 ;;      Params:         0       0       0       0       0       0       0
  3486 ;;      Locals:         0       0       0       0       0       0       0
  3487 ;;      Temps:          0       0       0       0       0       0       0
  3488 ;;      Totals:         0       0       0       0       0       0       0
  3489 ;;Total ram usage:        0 bytes
  3490 ;; Hardware stack levels used: 1
  3491 ;; Hardware stack levels required when called: 1
  3492 ;; This function calls:
  3493 ;;		_init_adc
  3494 ;;		_init_can
  3495 ;;		_init_digital_keypad
  3496 ;; This function is called by:
  3497 ;;		_main
  3498 ;; This function uses a non-reentrant model
  3499 ;;
  3500                           
  3501                           	psect	text5
  3502   000C5E                     __ptext5:
  3503                           	callstack 0
  3504   000C5E                     _init_config:
  3505                           	callstack 29
  3506   000C5E                     
  3507                           ;ECU2main.c: 20:     init_adc();
  3508   000C5E  EC21  F006         	call	_init_adc	;wreg free
  3509   000C62                     
  3510                           ;ECU2main.c: 21:     init_digital_keypad();
  3511   000C62  EC3C  F006         	call	_init_digital_keypad	;wreg free
  3512   000C66                     
  3513                           ;ECU2main.c: 22:     init_can();
  3514   000C66  ECEA  F005         	call	_init_can	;wreg free
  3515   000C6A  0012               	return		;funcret
  3516   000C6C                     __end_of_init_config:
  3517                           	callstack 0
  3518                           
  3519 ;; *************** function _init_digital_keypad *****************
  3520 ;; Defined at:
  3521 ;;		line 10 in file "digital_keypad.c"
  3522 ;; Parameters:    Size  Location     Type
  3523 ;;		None
  3524 ;; Auto vars:     Size  Location     Type
  3525 ;;		None
  3526 ;; Return value:  Size  Location     Type
  3527 ;;                  1    wreg      void 
  3528 ;; Registers used:
  3529 ;;		wreg, status,2, status,0
  3530 ;; Tracked objects:
  3531 ;;		On entry : 0/0
  3532 ;;		On exit  : 0/0
  3533 ;;		Unchanged: 0/0
  3534 ;; Data sizes:     COMRAM   BANK0   BANK1   BANK2   BANK3   BANK4   BANK5
  3535 ;;      Params:         0       0       0       0       0       0       0
  3536 ;;      Locals:         0       0       0       0       0       0       0
  3537 ;;      Temps:          0       0       0       0       0       0       0
  3538 ;;      Totals:         0       0       0       0       0       0       0
  3539 ;;Total ram usage:        0 bytes
  3540 ;; Hardware stack levels used: 1
  3541 ;; This function calls:
  3542 ;;		Nothing
  3543 ;; This function is called by:
  3544 ;;		_init_config
  3545 ;; This function uses a non-reentrant model
  3546 ;;
  3547                           
  3548                           	psect	text6
  3549   000C78                     __ptext6:
  3550                           	callstack 0
  3551   000C78                     _init_digital_keypad:
  3552                           	callstack 29
  3553   000C78                     
  3554                           ;digital_keypad.c: 12:  TRISC = TRISC | 0x0F;
  3555   000C78  5094               	movf	148,w,c	;volatile
  3556   000C7A  090F               	iorlw	15
  3557   000C7C  6E94               	movwf	148,c	;volatile
  3558   000C7E  0012               	return		;funcret
  3559   000C80                     __end_of_init_digital_keypad:
  3560                           	callstack 0
  3561                           
  3562 ;; *************** function _init_can *****************
  3563 ;; Defined at:
  3564 ;;		line 22 in file "can.c"
  3565 ;; Parameters:    Size  Location     Type
  3566 ;;		None
  3567 ;; Auto vars:     Size  Location     Type
  3568 ;;		None
  3569 ;; Return value:  Size  Location     Type
  3570 ;;                  1    wreg      void 
  3571 ;; Registers used:
  3572 ;;		wreg, status,2, status,0
  3573 ;; Tracked objects:
  3574 ;;		On entry : 0/0
  3575 ;;		On exit  : 0/0
  3576 ;;		Unchanged: 0/0
  3577 ;; Data sizes:     COMRAM   BANK0   BANK1   BANK2   BANK3   BANK4   BANK5
  3578 ;;      Params:         0       0       0       0       0       0       0
  3579 ;;      Locals:         0       0       0       0       0       0       0
  3580 ;;      Temps:          0       0       0       0       0       0       0
  3581 ;;      Totals:         0       0       0       0       0       0       0
  3582 ;;Total ram usage:        0 bytes
  3583 ;; Hardware stack levels used: 1
  3584 ;; This function calls:
  3585 ;;		Nothing
  3586 ;; This function is called by:
  3587 ;;		_init_config
  3588 ;; This function uses a non-reentrant model
  3589 ;;
  3590                           
  3591                           	psect	text7
  3592   000BD4                     __ptext7:
  3593                           	callstack 0
  3594   000BD4                     _init_can:
  3595                           	callstack 29
  3596   000BD4                     
  3597                           ;can.c: 24:     TRISB2 = 0;
  3598   000BD4  9493               	bcf	3987,2,c	;volatile
  3599                           
  3600                           ;can.c: 25:     TRISB3 = 1;
  3601   000BD6  8693               	bsf	3987,3,c	;volatile
  3602   000BD8                     
  3603                           ;can.c: 29:     { CANCON &= 0x1F; CANCON |= e_can_op_mode_config; };
  3604   000BD8  0E1F               	movlw	31
  3605   000BDA  166F               	andwf	111,f,c	;volatile
  3606   000BDC  8E6F               	bsf	111,7,c	;volatile
  3607   000BDE                     l1056:
  3608   000BDE  0E80               	movlw	128
  3609   000BE0  186E               	xorwf	110,w,c	;volatile
  3610   000BE2  A4D8               	btfss	status,2,c
  3611   000BE4  EFF6  F005         	goto	u21
  3612   000BE8  EFF8  F005         	goto	u20
  3613   000BEC                     u21:
  3614   000BEC  EFEF  F005         	goto	l1056
  3615   000BF0                     u20:
  3616   000BF0                     
  3617                           ;can.c: 35:     ECANCON = 0x00;
  3618   000BF0  6A77               	clrf	119,c	;volatile
  3619   000BF2                     
  3620                           ;can.c: 38:     BRGCON1 = 0xE1;
  3621   000BF2  0EE1               	movlw	225
  3622   000BF4  6E70               	movwf	112,c	;volatile
  3623                           
  3624                           ;can.c: 39:     BRGCON2 = 0x1B;
  3625   000BF6  0E1B               	movlw	27
  3626   000BF8  6E71               	movwf	113,c	;volatile
  3627                           
  3628                           ;can.c: 40:     BRGCON3 = 0x03;
  3629   000BFA  0E03               	movlw	3
  3630   000BFC  6E72               	movwf	114,c	;volatile
  3631   000BFE                     
  3632                           ;can.c: 46:     RXFCON0 = 0x00;
  3633   000BFE  010D               	movlb	13	; () banked
  3634   000C00  6BD4               	clrf	212,b	;volatile
  3635   000C02                     
  3636                           ; BSR set to: 13
  3637                           ;can.c: 48:     { CANCON &= 0x1F; CANCON |= e_can_op_mode_normal; };
  3638   000C02  0E1F               	movlw	31
  3639   000C04  166F               	andwf	111,f,c	;volatile
  3640   000C06                     
  3641                           ; BSR set to: 13
  3642   000C06  506F               	movf	111,w,c	;volatile
  3643   000C08                     
  3644                           ; BSR set to: 13
  3645                           ;can.c: 51:     RXB0CON = 0x00;
  3646   000C08  6A60               	clrf	96,c	;volatile
  3647   000C0A                     
  3648                           ; BSR set to: 13
  3649                           ;can.c: 52:     RXB0CONbits.RXM0=1;
  3650   000C0A  8A60               	bsf	96,5,c	;volatile
  3651   000C0C                     
  3652                           ; BSR set to: 13
  3653                           ;can.c: 53:     RXB0CONbits.RXM1=1;
  3654   000C0C  8C60               	bsf	96,6,c	;volatile
  3655   000C0E                     
  3656                           ; BSR set to: 13
  3657   000C0E  0012               	return		;funcret
  3658   000C10                     __end_of_init_can:
  3659                           	callstack 0
  3660                           
  3661 ;; *************** function _init_adc *****************
  3662 ;; Defined at:
  3663 ;;		line 11 in file "adc.c"
  3664 ;; Parameters:    Size  Location     Type
  3665 ;;		None
  3666 ;; Auto vars:     Size  Location     Type
  3667 ;;		None
  3668 ;; Return value:  Size  Location     Type
  3669 ;;                  1    wreg      void 
  3670 ;; Registers used:
  3671 ;;		None
  3672 ;; Tracked objects:
  3673 ;;		On entry : 0/0
  3674 ;;		On exit  : 0/0
  3675 ;;		Unchanged: 0/0
  3676 ;; Data sizes:     COMRAM   BANK0   BANK1   BANK2   BANK3   BANK4   BANK5
  3677 ;;      Params:         0       0       0       0       0       0       0
  3678 ;;      Locals:         0       0       0       0       0       0       0
  3679 ;;      Temps:          0       0       0       0       0       0       0
  3680 ;;      Totals:         0       0       0       0       0       0       0
  3681 ;;Total ram usage:        0 bytes
  3682 ;; Hardware stack levels used: 1
  3683 ;; This function calls:
  3684 ;;		Nothing
  3685 ;; This function is called by:
  3686 ;;		_init_config
  3687 ;; This function uses a non-reentrant model
  3688 ;;
  3689                           
  3690                           	psect	text8
  3691   000C42                     __ptext8:
  3692                           	callstack 0
  3693   000C42                     _init_adc:
  3694                           	callstack 29
  3695   000C42                     
  3696                           ;adc.c: 14:  ADFM = 1;
  3697   000C42  8EC0               	bsf	4032,7,c	;volatile
  3698                           
  3699                           ;adc.c: 20:  ACQT2 = 0;
  3700   000C44  9AC0               	bcf	4032,5,c	;volatile
  3701                           
  3702                           ;adc.c: 21:  ACQT1 = 1;
  3703   000C46  88C0               	bsf	4032,4,c	;volatile
  3704                           
  3705                           ;adc.c: 22:  ACQT0 = 0;
  3706   000C48  96C0               	bcf	4032,3,c	;volatile
  3707                           
  3708                           ;adc.c: 28:  ADCS0 = 0;
  3709   000C4A  90C0               	bcf	4032,0,c	;volatile
  3710                           
  3711                           ;adc.c: 29:  ADCS1 = 1;
  3712   000C4C  82C0               	bsf	4032,1,c	;volatile
  3713                           
  3714                           ;adc.c: 30:  ADCS2 = 0;
  3715   000C4E  94C0               	bcf	4032,2,c	;volatile
  3716                           
  3717                           ;adc.c: 33:  GODONE = 0;
  3718   000C50  92C2               	bcf	4034,1,c	;volatile
  3719                           
  3720                           ;adc.c: 38:  VCFG1 = 0;
  3721   000C52  9AC1               	bcf	4033,5,c	;volatile
  3722                           
  3723                           ;adc.c: 40:  VCFG0 = 0;
  3724   000C54  98C1               	bcf	4033,4,c	;volatile
  3725                           
  3726                           ;adc.c: 43:  ADRESH = 0;
  3727   000C56  6AC4               	clrf	196,c	;volatile
  3728                           
  3729                           ;adc.c: 44:  ADRESL = 0;
  3730   000C58  6AC3               	clrf	195,c	;volatile
  3731                           
  3732                           ;adc.c: 47:  ADON = 1;
  3733   000C5A  80C2               	bsf	4034,0,c	;volatile
  3734   000C5C  0012               	return		;funcret
  3735   000C5E                     __end_of_init_adc:
  3736                           	callstack 0
  3737                           
  3738 ;; *************** function _get_rpm *****************
  3739 ;; Defined at:
  3740 ;;		line 23 in file "ecu2_sensor.c"
  3741 ;; Parameters:    Size  Location     Type
  3742 ;;		None
  3743 ;; Auto vars:     Size  Location     Type
  3744 ;;		None
  3745 ;; Return value:  Size  Location     Type
  3746 ;;                  2   25[COMRAM] unsigned short 
  3747 ;; Registers used:
  3748 ;;		wreg, status,2, status,0, cstack
  3749 ;; Tracked objects:
  3750 ;;		On entry : 0/0
  3751 ;;		On exit  : 0/0
  3752 ;;		Unchanged: 0/0
  3753 ;; Data sizes:     COMRAM   BANK0   BANK1   BANK2   BANK3   BANK4   BANK5
  3754 ;;      Params:         2       0       0       0       0       0       0
  3755 ;;      Locals:         0       0       0       0       0       0       0
  3756 ;;      Temps:          0       0       0       0       0       0       0
  3757 ;;      Totals:         2       0       0       0       0       0       0
  3758 ;;Total ram usage:        2 bytes
  3759 ;; Hardware stack levels used: 1
  3760 ;; Hardware stack levels required when called: 1
  3761 ;; This function calls:
  3762 ;;		___lldiv
  3763 ;;		___lmul
  3764 ;;		___lwdiv
  3765 ;;		___lwmod
  3766 ;;		_read_adc
  3767 ;; This function is called by:
  3768 ;;		_main
  3769 ;; This function uses a non-reentrant model
  3770 ;;
  3771                           
  3772                           	psect	text9
  3773   000602                     __ptext9:
  3774                           	callstack 0
  3775   000602                     _get_rpm:
  3776                           	callstack 29
  3777   000602                     
  3778                           ;ecu2_sensor.c: 26:     adc_value = read_adc(0x04);
  3779   000602  0E04               	movlw	4
  3780   000604  ECA9  F005         	call	_read_adc
  3781   000608  C001  F030         	movff	?_read_adc,_adc_value
  3782   00060C  C002  F031         	movff	?_read_adc+1,_adc_value+1
  3783                           
  3784                           ;ecu2_sensor.c: 28:         rpm = (adc_value * 6000UL) / 1023;
  3785   000610  C030  F001         	movff	_adc_value,___lmul@multiplier
  3786   000614  C031  F002         	movff	_adc_value+1,___lmul@multiplier+1
  3787   000618  6A03               	clrf	(___lmul@multiplier+2)^0,c
  3788   00061A  6A04               	clrf	(___lmul@multiplier+3)^0,c
  3789   00061C  0E70               	movlw	112
  3790   00061E  6E05               	movwf	___lmul@multiplicand^0,c
  3791   000620  0E17               	movlw	23
  3792   000622  6E06               	movwf	(___lmul@multiplicand+1)^0,c
  3793   000624  0E00               	movlw	0
  3794   000626  6E07               	movwf	(___lmul@multiplicand+2)^0,c
  3795   000628  0E00               	movlw	0
  3796   00062A  6E08               	movwf	(___lmul@multiplicand+3)^0,c
  3797   00062C  EC42  F005         	call	___lmul	;wreg free
  3798   000630  C001  F00D         	movff	?___lmul,___lldiv@dividend
  3799   000634  C002  F00E         	movff	?___lmul+1,___lldiv@dividend+1
  3800   000638  C003  F00F         	movff	?___lmul+2,___lldiv@dividend+2
  3801   00063C  C004  F010         	movff	?___lmul+3,___lldiv@dividend+3
  3802   000640  0EFF               	movlw	255
  3803   000642  6E11               	movwf	___lldiv@divisor^0,c
  3804   000644  0E03               	movlw	3
  3805   000646  6E12               	movwf	(___lldiv@divisor+1)^0,c
  3806   000648  0E00               	movlw	0
  3807   00064A  6E13               	movwf	(___lldiv@divisor+2)^0,c
  3808   00064C  0E00               	movlw	0
  3809   00064E  6E14               	movwf	(___lldiv@divisor+3)^0,c
  3810   000650  EC46  F004         	call	___lldiv	;wreg free
  3811   000654  C00D  F02E         	movff	?___lldiv,_rpm
  3812   000658  C00E  F02F         	movff	?___lldiv+1,_rpm+1
  3813                           
  3814                           ;ecu2_sensor.c: 30:         RPM[0] = (rpm / 1000)%10+'0';
  3815   00065C  0E03               	movlw	3
  3816   00065E  6E04               	movwf	(___lwdiv@divisor+1)^0,c
  3817   000660  0EE8               	movlw	232
  3818   000662  6E03               	movwf	___lwdiv@divisor^0,c
  3819   000664  C02E  F001         	movff	_rpm,___lwdiv@dividend
  3820   000668  C02F  F002         	movff	_rpm+1,___lwdiv@dividend+1
  3821   00066C  ECD2  F004         	call	___lwdiv	;wreg free
  3822   000670  C001  F008         	movff	?___lwdiv,___lwmod@dividend
  3823   000674  C002  F009         	movff	?___lwdiv+1,___lwmod@dividend+1
  3824   000678  6A0B               	clrf	(___lwmod@divisor+1)^0,c
  3825   00067A  0E0A               	movlw	10
  3826   00067C  6E0A               	movwf	___lwmod@divisor^0,c
  3827   00067E  EC77  F005         	call	___lwmod	;wreg free
  3828   000682  5008               	movf	?___lwmod^0,w,c
  3829   000684  0F30               	addlw	48
  3830   000686  6E25               	movwf	_RPM^0,c
  3831                           
  3832                           ;ecu2_sensor.c: 31:         RPM[1] = (rpm / 100)%10+'0';
  3833   000688  6A04               	clrf	(___lwdiv@divisor+1)^0,c
  3834   00068A  0E64               	movlw	100
  3835   00068C  6E03               	movwf	___lwdiv@divisor^0,c
  3836   00068E  C02E  F001         	movff	_rpm,___lwdiv@dividend
  3837   000692  C02F  F002         	movff	_rpm+1,___lwdiv@dividend+1
  3838   000696  ECD2  F004         	call	___lwdiv	;wreg free
  3839   00069A  C001  F008         	movff	?___lwdiv,___lwmod@dividend
  3840   00069E  C002  F009         	movff	?___lwdiv+1,___lwmod@dividend+1
  3841   0006A2  6A0B               	clrf	(___lwmod@divisor+1)^0,c
  3842   0006A4  0E0A               	movlw	10
  3843   0006A6  6E0A               	movwf	___lwmod@divisor^0,c
  3844   0006A8  EC77  F005         	call	___lwmod	;wreg free
  3845   0006AC  5008               	movf	?___lwmod^0,w,c
  3846   0006AE  0F30               	addlw	48
  3847   0006B0  6E26               	movwf	(_RPM+1)^0,c
  3848                           
  3849                           ;ecu2_sensor.c: 32:         RPM[2] = (rpm / 10)%10+'0';
  3850   0006B2  6A04               	clrf	(___lwdiv@divisor+1)^0,c
  3851   0006B4  0E0A               	movlw	10
  3852   0006B6  6E03               	movwf	___lwdiv@divisor^0,c
  3853   0006B8  C02E  F001         	movff	_rpm,___lwdiv@dividend
  3854   0006BC  C02F  F002         	movff	_rpm+1,___lwdiv@dividend+1
  3855   0006C0  ECD2  F004         	call	___lwdiv	;wreg free
  3856   0006C4  C001  F008         	movff	?___lwdiv,___lwmod@dividend
  3857   0006C8  C002  F009         	movff	?___lwdiv+1,___lwmod@dividend+1
  3858   0006CC  6A0B               	clrf	(___lwmod@divisor+1)^0,c
  3859   0006CE  0E0A               	movlw	10
  3860   0006D0  6E0A               	movwf	___lwmod@divisor^0,c
  3861   0006D2  EC77  F005         	call	___lwmod	;wreg free
  3862   0006D6  5008               	movf	?___lwmod^0,w,c
  3863   0006D8  0F30               	addlw	48
  3864   0006DA  6E27               	movwf	(_RPM+2)^0,c
  3865                           
  3866                           ;ecu2_sensor.c: 33:         RPM[3] = (rpm % 10)+'0';
  3867   0006DC  C02E  F008         	movff	_rpm,___lwmod@dividend
  3868   0006E0  C02F  F009         	movff	_rpm+1,___lwmod@dividend+1
  3869   0006E4  6A0B               	clrf	(___lwmod@divisor+1)^0,c
  3870   0006E6  0E0A               	movlw	10
  3871   0006E8  6E0A               	movwf	___lwmod@divisor^0,c
  3872   0006EA  EC77  F005         	call	___lwmod	;wreg free
  3873   0006EE  5008               	movf	?___lwmod^0,w,c
  3874   0006F0  0F30               	addlw	48
  3875   0006F2  6E28               	movwf	(_RPM+3)^0,c
  3876   0006F4                     
  3877                           ;ecu2_sensor.c: 34:         RPM[4] = '\0';
  3878   0006F4  6A29               	clrf	(_RPM+4)^0,c
  3879   0006F6                     
  3880                           ;ecu2_sensor.c: 37:         return rpm;
  3881   0006F6  C02E  F01A         	movff	_rpm,?_get_rpm
  3882   0006FA  C02F  F01B         	movff	_rpm+1,?_get_rpm+1
  3883   0006FE  0012               	return		;funcret
  3884   000700                     __end_of_get_rpm:
  3885                           	callstack 0
  3886                           
  3887 ;; *************** function _read_adc *****************
  3888 ;; Defined at:
  3889 ;;		line 50 in file "adc.c"
  3890 ;; Parameters:    Size  Location     Type
  3891 ;;  channel         1    wreg     unsigned char 
  3892 ;; Auto vars:     Size  Location     Type
  3893 ;;  channel         1    6[COMRAM] unsigned char 
  3894 ;;  reg_val         2    4[COMRAM] unsigned short 
  3895 ;; Return value:  Size  Location     Type
  3896 ;;                  2    0[COMRAM] unsigned short 
  3897 ;; Registers used:
  3898 ;;		wreg, status,2, status,0
  3899 ;; Tracked objects:
  3900 ;;		On entry : 0/0
  3901 ;;		On exit  : 0/0
  3902 ;;		Unchanged: 0/0
  3903 ;; Data sizes:     COMRAM   BANK0   BANK1   BANK2   BANK3   BANK4   BANK5
  3904 ;;      Params:         2       0       0       0       0       0       0
  3905 ;;      Locals:         3       0       0       0       0       0       0
  3906 ;;      Temps:          2       0       0       0       0       0       0
  3907 ;;      Totals:         7       0       0       0       0       0       0
  3908 ;;Total ram usage:        7 bytes
  3909 ;; Hardware stack levels used: 1
  3910 ;; This function calls:
  3911 ;;		Nothing
  3912 ;; This function is called by:
  3913 ;;		_get_rpm
  3914 ;; This function uses a non-reentrant model
  3915 ;;
  3916                           
  3917                           	psect	text10
  3918   000B52                     __ptext10:
  3919                           	callstack 0
  3920   000B52                     _read_adc:
  3921                           	callstack 29
  3922                           
  3923                           ;incstack = 0
  3924                           ;read_adc@channel stored from wreg
  3925   000B52  6E07               	movwf	read_adc@channel^0,c
  3926   000B54                     
  3927                           ;adc.c: 50: unsigned short read_adc(unsigned char channel);adc.c: 51: {;adc.c: 52:  unsi
      +                          gned short reg_val;;adc.c: 55:  ADCON0 = (ADCON0 & 0xC3) | (channel << 2);
  3928   000B54  C007  F003         	movff	read_adc@channel,??_read_adc
  3929   000B58  90D8               	bcf	status,0,c
  3930   000B5A  3603               	rlcf	??_read_adc^0,f,c
  3931   000B5C  90D8               	bcf	status,0,c
  3932   000B5E  3603               	rlcf	??_read_adc^0,f,c
  3933   000B60  50C2               	movf	194,w,c	;volatile
  3934   000B62  0BC3               	andlw	195
  3935   000B64  1003               	iorwf	??_read_adc^0,w,c
  3936   000B66  6EC2               	movwf	194,c	;volatile
  3937   000B68                     
  3938                           ;adc.c: 58:  GO = 1;
  3939   000B68  82C2               	bsf	4034,1,c	;volatile
  3940   000B6A                     l69:
  3941   000B6A  B2C2               	btfsc	4034,1,c	;volatile
  3942   000B6C  EFBA  F005         	goto	u341
  3943   000B70  EFBC  F005         	goto	u340
  3944   000B74                     u341:
  3945   000B74  EFB5  F005         	goto	l69
  3946   000B78                     u340:
  3947   000B78                     
  3948                           ;adc.c: 60:  reg_val = (ADRESH << 8) | ADRESL;
  3949   000B78  50C3               	movf	195,w,c	;volatile
  3950   000B7A  CFC4 F003          	movff	4036,??_read_adc	;volatile
  3951   000B7E  6A04               	clrf	(??_read_adc+1)^0,c
  3952   000B80  C003  F004         	movff	??_read_adc,??_read_adc+1
  3953   000B84  6A03               	clrf	??_read_adc^0,c
  3954   000B86  1003               	iorwf	??_read_adc^0,w,c
  3955   000B88  6E05               	movwf	read_adc@reg_val^0,c
  3956   000B8A  5004               	movf	(??_read_adc+1)^0,w,c
  3957   000B8C  6E06               	movwf	(read_adc@reg_val+1)^0,c
  3958   000B8E                     
  3959                           ;adc.c: 62:  return reg_val;
  3960   000B8E  C005  F001         	movff	read_adc@reg_val,?_read_adc
  3961   000B92  C006  F002         	movff	read_adc@reg_val+1,?_read_adc+1
  3962   000B96  0012               	return		;funcret
  3963   000B98                     __end_of_read_adc:
  3964                           	callstack 0
  3965                           
  3966 ;; *************** function ___lwmod *****************
  3967 ;; Defined at:
  3968 ;;		line 7 in file "C:\Program Files\Microchip\xc8\v3.10\pic\sources\c99\common\lwmod.c"
  3969 ;; Parameters:    Size  Location     Type
  3970 ;;  dividend        2    7[COMRAM] unsigned int 
  3971 ;;  divisor         2    9[COMRAM] unsigned int 
  3972 ;; Auto vars:     Size  Location     Type
  3973 ;;  counter         1   11[COMRAM] unsigned char 
  3974 ;; Return value:  Size  Location     Type
  3975 ;;                  2    7[COMRAM] unsigned int 
  3976 ;; Registers used:
  3977 ;;		wreg, status,2, status,0
  3978 ;; Tracked objects:
  3979 ;;		On entry : 0/0
  3980 ;;		On exit  : 0/0
  3981 ;;		Unchanged: 0/0
  3982 ;; Data sizes:     COMRAM   BANK0   BANK1   BANK2   BANK3   BANK4   BANK5
  3983 ;;      Params:         4       0       0       0       0       0       0
  3984 ;;      Locals:         1       0       0       0       0       0       0
  3985 ;;      Temps:          0       0       0       0       0       0       0
  3986 ;;      Totals:         5       0       0       0       0       0       0
  3987 ;;Total ram usage:        5 bytes
  3988 ;; Hardware stack levels used: 1
  3989 ;; This function calls:
  3990 ;;		Nothing
  3991 ;; This function is called by:
  3992 ;;		_main
  3993 ;;		_get_rpm
  3994 ;; This function uses a non-reentrant model
  3995 ;;
  3996                           
  3997                           	psect	text11
  3998   000AEE                     __ptext11:
  3999                           	callstack 0
  4000   000AEE                     ___lwmod:
  4001                           	callstack 29
  4002   000AEE  500A               	movf	___lwmod@divisor^0,w,c
  4003   000AF0  100B               	iorwf	(___lwmod@divisor+1)^0,w,c
  4004   000AF2  B4D8               	btfsc	status,2,c
  4005   000AF4  EF7E  F005         	goto	u431
  4006   000AF8  EF80  F005         	goto	u430
  4007   000AFC                     u431:
  4008   000AFC  EFA4  F005         	goto	l872
  4009   000B00                     u430:
  4010   000B00  0E01               	movlw	1
  4011   000B02  6E0C               	movwf	___lwmod@counter^0,c
  4012   000B04  EF88  F005         	goto	l1404
  4013   000B08                     l1402:
  4014   000B08  90D8               	bcf	status,0,c
  4015   000B0A  360A               	rlcf	___lwmod@divisor^0,f,c
  4016   000B0C  360B               	rlcf	(___lwmod@divisor+1)^0,f,c
  4017   000B0E  2A0C               	incf	___lwmod@counter^0,f,c
  4018   000B10                     l1404:
  4019   000B10  AE0B               	btfss	(___lwmod@divisor+1)^0,7,c
  4020   000B12  EF8D  F005         	goto	u441
  4021   000B16  EF8F  F005         	goto	u440
  4022   000B1A                     u441:
  4023   000B1A  EF84  F005         	goto	l1402
  4024   000B1E                     u440:
  4025   000B1E                     l1406:
  4026   000B1E  500A               	movf	___lwmod@divisor^0,w,c
  4027   000B20  5C08               	subwf	___lwmod@dividend^0,w,c
  4028   000B22  500B               	movf	(___lwmod@divisor+1)^0,w,c
  4029   000B24  5809               	subwfb	(___lwmod@dividend+1)^0,w,c
  4030   000B26  A0D8               	btfss	status,0,c
  4031   000B28  EF98  F005         	goto	u451
  4032   000B2C  EF9A  F005         	goto	u450
  4033   000B30                     u451:
  4034   000B30  EF9E  F005         	goto	l1410
  4035   000B34                     u450:
  4036   000B34  500A               	movf	___lwmod@divisor^0,w,c
  4037   000B36  5E08               	subwf	___lwmod@dividend^0,f,c
  4038   000B38  500B               	movf	(___lwmod@divisor+1)^0,w,c
  4039   000B3A  5A09               	subwfb	(___lwmod@dividend+1)^0,f,c
  4040   000B3C                     l1410:
  4041   000B3C  90D8               	bcf	status,0,c
  4042   000B3E  320B               	rrcf	(___lwmod@divisor+1)^0,f,c
  4043   000B40  320A               	rrcf	___lwmod@divisor^0,f,c
  4044   000B42  2E0C               	decfsz	___lwmod@counter^0,f,c
  4045   000B44  EF8F  F005         	goto	l1406
  4046   000B48                     l872:
  4047   000B48  C008  F008         	movff	___lwmod@dividend,?___lwmod
  4048   000B4C  C009  F009         	movff	___lwmod@dividend+1,?___lwmod+1
  4049   000B50  0012               	return		;funcret
  4050   000B52                     __end_of___lwmod:
  4051                           	callstack 0
  4052                           
  4053 ;; *************** function ___lwdiv *****************
  4054 ;; Defined at:
  4055 ;;		line 7 in file "C:\Program Files\Microchip\xc8\v3.10\pic\sources\c99\common\lwdiv.c"
  4056 ;; Parameters:    Size  Location     Type
  4057 ;;  dividend        2    0[COMRAM] unsigned int 
  4058 ;;  divisor         2    2[COMRAM] unsigned int 
  4059 ;; Auto vars:     Size  Location     Type
  4060 ;;  quotient        2    4[COMRAM] unsigned int 
  4061 ;;  counter         1    6[COMRAM] unsigned char 
  4062 ;; Return value:  Size  Location     Type
  4063 ;;                  2    0[COMRAM] unsigned int 
  4064 ;; Registers used:
  4065 ;;		wreg, status,2, status,0
  4066 ;; Tracked objects:
  4067 ;;		On entry : 0/0
  4068 ;;		On exit  : 0/0
  4069 ;;		Unchanged: 0/0
  4070 ;; Data sizes:     COMRAM   BANK0   BANK1   BANK2   BANK3   BANK4   BANK5
  4071 ;;      Params:         4       0       0       0       0       0       0
  4072 ;;      Locals:         3       0       0       0       0       0       0
  4073 ;;      Temps:          0       0       0       0       0       0       0
  4074 ;;      Totals:         7       0       0       0       0       0       0
  4075 ;;Total ram usage:        7 bytes
  4076 ;; Hardware stack levels used: 1
  4077 ;; This function calls:
  4078 ;;		Nothing
  4079 ;; This function is called by:
  4080 ;;		_main
  4081 ;;		_get_rpm
  4082 ;; This function uses a non-reentrant model
  4083 ;;
  4084                           
  4085                           	psect	text12
  4086   0009A4                     __ptext12:
  4087                           	callstack 0
  4088   0009A4                     ___lwdiv:
  4089                           	callstack 29
  4090   0009A4  6A06               	clrf	(___lwdiv@quotient+1)^0,c
  4091   0009A6  0E00               	movlw	0
  4092   0009A8  6E05               	movwf	___lwdiv@quotient^0,c
  4093   0009AA  5003               	movf	___lwdiv@divisor^0,w,c
  4094   0009AC  1004               	iorwf	(___lwdiv@divisor+1)^0,w,c
  4095   0009AE  B4D8               	btfsc	status,2,c
  4096   0009B0  EFDC  F004         	goto	u401
  4097   0009B4  EFDE  F004         	goto	u400
  4098   0009B8                     u401:
  4099   0009B8  EF06  F005         	goto	l862
  4100   0009BC                     u400:
  4101   0009BC  0E01               	movlw	1
  4102   0009BE  6E07               	movwf	___lwdiv@counter^0,c
  4103   0009C0  EFE6  F004         	goto	l1384
  4104   0009C4                     l1382:
  4105   0009C4  90D8               	bcf	status,0,c
  4106   0009C6  3603               	rlcf	___lwdiv@divisor^0,f,c
  4107   0009C8  3604               	rlcf	(___lwdiv@divisor+1)^0,f,c
  4108   0009CA  2A07               	incf	___lwdiv@counter^0,f,c
  4109   0009CC                     l1384:
  4110   0009CC  AE04               	btfss	(___lwdiv@divisor+1)^0,7,c
  4111   0009CE  EFEB  F004         	goto	u411
  4112   0009D2  EFED  F004         	goto	u410
  4113   0009D6                     u411:
  4114   0009D6  EFE2  F004         	goto	l1382
  4115   0009DA                     u410:
  4116   0009DA                     l1386:
  4117   0009DA  90D8               	bcf	status,0,c
  4118   0009DC  3605               	rlcf	___lwdiv@quotient^0,f,c
  4119   0009DE  3606               	rlcf	(___lwdiv@quotient+1)^0,f,c
  4120   0009E0  5003               	movf	___lwdiv@divisor^0,w,c
  4121   0009E2  5C01               	subwf	___lwdiv@dividend^0,w,c
  4122   0009E4  5004               	movf	(___lwdiv@divisor+1)^0,w,c
  4123   0009E6  5802               	subwfb	(___lwdiv@dividend+1)^0,w,c
  4124   0009E8  A0D8               	btfss	status,0,c
  4125   0009EA  EFF9  F004         	goto	u421
  4126   0009EE  EFFB  F004         	goto	u420
  4127   0009F2                     u421:
  4128   0009F2  EF00  F005         	goto	l1394
  4129   0009F6                     u420:
  4130   0009F6  5003               	movf	___lwdiv@divisor^0,w,c
  4131   0009F8  5E01               	subwf	___lwdiv@dividend^0,f,c
  4132   0009FA  5004               	movf	(___lwdiv@divisor+1)^0,w,c
  4133   0009FC  5A02               	subwfb	(___lwdiv@dividend+1)^0,f,c
  4134   0009FE  8005               	bsf	___lwdiv@quotient^0,0,c
  4135   000A00                     l1394:
  4136   000A00  90D8               	bcf	status,0,c
  4137   000A02  3204               	rrcf	(___lwdiv@divisor+1)^0,f,c
  4138   000A04  3203               	rrcf	___lwdiv@divisor^0,f,c
  4139   000A06  2E07               	decfsz	___lwdiv@counter^0,f,c
  4140   000A08  EFED  F004         	goto	l1386
  4141   000A0C                     l862:
  4142   000A0C  C005  F001         	movff	___lwdiv@quotient,?___lwdiv
  4143   000A10  C006  F002         	movff	___lwdiv@quotient+1,?___lwdiv+1
  4144   000A14  0012               	return		;funcret
  4145   000A16                     __end_of___lwdiv:
  4146                           	callstack 0
  4147                           
  4148 ;; *************** function ___lmul *****************
  4149 ;; Defined at:
  4150 ;;		line 15 in file "C:\Program Files\Microchip\xc8\v3.10\pic\sources\c99\common\Umul32.c"
  4151 ;; Parameters:    Size  Location     Type
  4152 ;;  multiplier      4    0[COMRAM] unsigned long 
  4153 ;;  multiplicand    4    4[COMRAM] unsigned long 
  4154 ;; Auto vars:     Size  Location     Type
  4155 ;;  product         4    8[COMRAM] unsigned long 
  4156 ;; Return value:  Size  Location     Type
  4157 ;;                  4    0[COMRAM] unsigned long 
  4158 ;; Registers used:
  4159 ;;		wreg, status,2, status,0
  4160 ;; Tracked objects:
  4161 ;;		On entry : 0/0
  4162 ;;		On exit  : 0/0
  4163 ;;		Unchanged: 0/0
  4164 ;; Data sizes:     COMRAM   BANK0   BANK1   BANK2   BANK3   BANK4   BANK5
  4165 ;;      Params:         8       0       0       0       0       0       0
  4166 ;;      Locals:         4       0       0       0       0       0       0
  4167 ;;      Temps:          0       0       0       0       0       0       0
  4168 ;;      Totals:        12       0       0       0       0       0       0
  4169 ;;Total ram usage:       12 bytes
  4170 ;; Hardware stack levels used: 1
  4171 ;; This function calls:
  4172 ;;		Nothing
  4173 ;; This function is called by:
  4174 ;;		_get_rpm
  4175 ;; This function uses a non-reentrant model
  4176 ;;
  4177                           
  4178                           	psect	text13
  4179   000A84                     __ptext13:
  4180                           	callstack 0
  4181   000A84                     ___lmul:
  4182                           	callstack 29
  4183   000A84  0E00               	movlw	0
  4184   000A86  6E09               	movwf	___lmul@product^0,c
  4185   000A88  0E00               	movlw	0
  4186   000A8A  6E0A               	movwf	(___lmul@product+1)^0,c
  4187   000A8C  0E00               	movlw	0
  4188   000A8E  6E0B               	movwf	(___lmul@product+2)^0,c
  4189   000A90  0E00               	movlw	0
  4190   000A92  6E0C               	movwf	(___lmul@product+3)^0,c
  4191   000A94                     l1346:
  4192   000A94  A001               	btfss	___lmul@multiplier^0,0,c
  4193   000A96  EF4F  F005         	goto	u351
  4194   000A9A  EF51  F005         	goto	u350
  4195   000A9E                     u351:
  4196   000A9E  EF59  F005         	goto	l1350
  4197   000AA2                     u350:
  4198   000AA2  5005               	movf	___lmul@multiplicand^0,w,c
  4199   000AA4  2609               	addwf	___lmul@product^0,f,c
  4200   000AA6  5006               	movf	(___lmul@multiplicand+1)^0,w,c
  4201   000AA8  220A               	addwfc	(___lmul@product+1)^0,f,c
  4202   000AAA  5007               	movf	(___lmul@multiplicand+2)^0,w,c
  4203   000AAC  220B               	addwfc	(___lmul@product+2)^0,f,c
  4204   000AAE  5008               	movf	(___lmul@multiplicand+3)^0,w,c
  4205   000AB0  220C               	addwfc	(___lmul@product+3)^0,f,c
  4206   000AB2                     l1350:
  4207   000AB2  90D8               	bcf	status,0,c
  4208   000AB4  3605               	rlcf	___lmul@multiplicand^0,f,c
  4209   000AB6  3606               	rlcf	(___lmul@multiplicand+1)^0,f,c
  4210   000AB8  3607               	rlcf	(___lmul@multiplicand+2)^0,f,c
  4211   000ABA  3608               	rlcf	(___lmul@multiplicand+3)^0,f,c
  4212   000ABC  90D8               	bcf	status,0,c
  4213   000ABE  3204               	rrcf	(___lmul@multiplier+3)^0,f,c
  4214   000AC0  3203               	rrcf	(___lmul@multiplier+2)^0,f,c
  4215   000AC2  3202               	rrcf	(___lmul@multiplier+1)^0,f,c
  4216   000AC4  3201               	rrcf	___lmul@multiplier^0,f,c
  4217   000AC6  5001               	movf	___lmul@multiplier^0,w,c
  4218   000AC8  1002               	iorwf	(___lmul@multiplier+1)^0,w,c
  4219   000ACA  1003               	iorwf	(___lmul@multiplier+2)^0,w,c
  4220   000ACC  1004               	iorwf	(___lmul@multiplier+3)^0,w,c
  4221   000ACE  A4D8               	btfss	status,2,c
  4222   000AD0  EF6C  F005         	goto	u361
  4223   000AD4  EF6E  F005         	goto	u360
  4224   000AD8                     u361:
  4225   000AD8  EF4A  F005         	goto	l1346
  4226   000ADC                     u360:
  4227   000ADC  C009  F001         	movff	___lmul@product,?___lmul
  4228   000AE0  C00A  F002         	movff	___lmul@product+1,?___lmul+1
  4229   000AE4  C00B  F003         	movff	___lmul@product+2,?___lmul+2
  4230   000AE8  C00C  F004         	movff	___lmul@product+3,?___lmul+3
  4231   000AEC  0012               	return		;funcret
  4232   000AEE                     __end_of___lmul:
  4233                           	callstack 0
  4234                           
  4235 ;; *************** function ___lldiv *****************
  4236 ;; Defined at:
  4237 ;;		line 7 in file "C:\Program Files\Microchip\xc8\v3.10\pic\sources\c99\common\__lldiv.c"
  4238 ;; Parameters:    Size  Location     Type
  4239 ;;  dividend        4   12[COMRAM] unsigned long 
  4240 ;;  divisor         4   16[COMRAM] unsigned long 
  4241 ;; Auto vars:     Size  Location     Type
  4242 ;;  quotient        4   20[COMRAM] unsigned long 
  4243 ;;  counter         1   24[COMRAM] unsigned char 
  4244 ;; Return value:  Size  Location     Type
  4245 ;;                  4   12[COMRAM] unsigned long 
  4246 ;; Registers used:
  4247 ;;		wreg, status,2, status,0
  4248 ;; Tracked objects:
  4249 ;;		On entry : 0/0
  4250 ;;		On exit  : 0/0
  4251 ;;		Unchanged: 0/0
  4252 ;; Data sizes:     COMRAM   BANK0   BANK1   BANK2   BANK3   BANK4   BANK5
  4253 ;;      Params:         8       0       0       0       0       0       0
  4254 ;;      Locals:         5       0       0       0       0       0       0
  4255 ;;      Temps:          0       0       0       0       0       0       0
  4256 ;;      Totals:        13       0       0       0       0       0       0
  4257 ;;Total ram usage:       13 bytes
  4258 ;; Hardware stack levels used: 1
  4259 ;; This function calls:
  4260 ;;		Nothing
  4261 ;; This function is called by:
  4262 ;;		_get_rpm
  4263 ;; This function uses a non-reentrant model
  4264 ;;
  4265                           
  4266                           	psect	text14
  4267   00088C                     __ptext14:
  4268                           	callstack 0
  4269   00088C                     ___lldiv:
  4270                           	callstack 29
  4271   00088C  0E00               	movlw	0
  4272   00088E  6E15               	movwf	___lldiv@quotient^0,c
  4273   000890  0E00               	movlw	0
  4274   000892  6E16               	movwf	(___lldiv@quotient+1)^0,c
  4275   000894  0E00               	movlw	0
  4276   000896  6E17               	movwf	(___lldiv@quotient+2)^0,c
  4277   000898  0E00               	movlw	0
  4278   00089A  6E18               	movwf	(___lldiv@quotient+3)^0,c
  4279   00089C  5011               	movf	___lldiv@divisor^0,w,c
  4280   00089E  1012               	iorwf	(___lldiv@divisor+1)^0,w,c
  4281   0008A0  1013               	iorwf	(___lldiv@divisor+2)^0,w,c
  4282   0008A2  1014               	iorwf	(___lldiv@divisor+3)^0,w,c
  4283   0008A4  B4D8               	btfsc	status,2,c
  4284   0008A6  EF57  F004         	goto	u371
  4285   0008AA  EF59  F004         	goto	u370
  4286   0008AE                     u371:
  4287   0008AE  EF8F  F004         	goto	l288
  4288   0008B2                     u370:
  4289   0008B2  0E01               	movlw	1
  4290   0008B4  6E19               	movwf	___lldiv@counter^0,c
  4291   0008B6  EF63  F004         	goto	l1362
  4292   0008BA                     l1360:
  4293   0008BA  90D8               	bcf	status,0,c
  4294   0008BC  3611               	rlcf	___lldiv@divisor^0,f,c
  4295   0008BE  3612               	rlcf	(___lldiv@divisor+1)^0,f,c
  4296   0008C0  3613               	rlcf	(___lldiv@divisor+2)^0,f,c
  4297   0008C2  3614               	rlcf	(___lldiv@divisor+3)^0,f,c
  4298   0008C4  2A19               	incf	___lldiv@counter^0,f,c
  4299   0008C6                     l1362:
  4300   0008C6  AE14               	btfss	(___lldiv@divisor+3)^0,7,c
  4301   0008C8  EF68  F004         	goto	u381
  4302   0008CC  EF6A  F004         	goto	u380
  4303   0008D0                     u381:
  4304   0008D0  EF5D  F004         	goto	l1360
  4305   0008D4                     u380:
  4306   0008D4                     l1364:
  4307   0008D4  90D8               	bcf	status,0,c
  4308   0008D6  3615               	rlcf	___lldiv@quotient^0,f,c
  4309   0008D8  3616               	rlcf	(___lldiv@quotient+1)^0,f,c
  4310   0008DA  3617               	rlcf	(___lldiv@quotient+2)^0,f,c
  4311   0008DC  3618               	rlcf	(___lldiv@quotient+3)^0,f,c
  4312   0008DE  5011               	movf	___lldiv@divisor^0,w,c
  4313   0008E0  5C0D               	subwf	___lldiv@dividend^0,w,c
  4314   0008E2  5012               	movf	(___lldiv@divisor+1)^0,w,c
  4315   0008E4  580E               	subwfb	(___lldiv@dividend+1)^0,w,c
  4316   0008E6  5013               	movf	(___lldiv@divisor+2)^0,w,c
  4317   0008E8  580F               	subwfb	(___lldiv@dividend+2)^0,w,c
  4318   0008EA  5014               	movf	(___lldiv@divisor+3)^0,w,c
  4319   0008EC  5810               	subwfb	(___lldiv@dividend+3)^0,w,c
  4320   0008EE  A0D8               	btfss	status,0,c
  4321   0008F0  EF7C  F004         	goto	u391
  4322   0008F4  EF7E  F004         	goto	u390
  4323   0008F8                     u391:
  4324   0008F8  EF87  F004         	goto	l1372
  4325   0008FC                     u390:
  4326   0008FC  5011               	movf	___lldiv@divisor^0,w,c
  4327   0008FE  5E0D               	subwf	___lldiv@dividend^0,f,c
  4328   000900  5012               	movf	(___lldiv@divisor+1)^0,w,c
  4329   000902  5A0E               	subwfb	(___lldiv@dividend+1)^0,f,c
  4330   000904  5013               	movf	(___lldiv@divisor+2)^0,w,c
  4331   000906  5A0F               	subwfb	(___lldiv@dividend+2)^0,f,c
  4332   000908  5014               	movf	(___lldiv@divisor+3)^0,w,c
  4333   00090A  5A10               	subwfb	(___lldiv@dividend+3)^0,f,c
  4334   00090C  8015               	bsf	___lldiv@quotient^0,0,c
  4335   00090E                     l1372:
  4336   00090E  90D8               	bcf	status,0,c
  4337   000910  3214               	rrcf	(___lldiv@divisor+3)^0,f,c
  4338   000912  3213               	rrcf	(___lldiv@divisor+2)^0,f,c
  4339   000914  3212               	rrcf	(___lldiv@divisor+1)^0,f,c
  4340   000916  3211               	rrcf	___lldiv@divisor^0,f,c
  4341   000918  2E19               	decfsz	___lldiv@counter^0,f,c
  4342   00091A  EF6A  F004         	goto	l1364
  4343   00091E                     l288:
  4344   00091E  C015  F00D         	movff	___lldiv@quotient,?___lldiv
  4345   000922  C016  F00E         	movff	___lldiv@quotient+1,?___lldiv+1
  4346   000926  C017  F00F         	movff	___lldiv@quotient+2,?___lldiv+2
  4347   00092A  C018  F010         	movff	___lldiv@quotient+3,?___lldiv+3
  4348   00092E  0012               	return		;funcret
  4349   000930                     __end_of___lldiv:
  4350                           	callstack 0
  4351                           
  4352                           	psect	smallconst
  4353   000600                     __psmallconst:
  4354                           	callstack 0
  4355   000600  00                 	db	0
  4356   000601  00                 	db	0	; dummy byte at the end
  4357   000600                     __smallconst    set	__psmallconst
  4358   000600                     __mediumconst   set	__psmallconst
  4359   000000                     __activetblptr  equ	0
  4360                           
  4361                           	psect	rparam
  4362   000001                     ___rparam_used  equ	1
  4363   000000                     ___param_bank   equ	0
  4364   000000                     __Lparam        equ	__Lrparam
  4365   000000                     __Hparam        equ	__Hrparam
  4366                           
  4367                           	psect	idloc
  4368                           
  4369                           ;Config register IDLOC0 @ 0x200000
  4370                           ;	unspecified, using default values
  4371   200000                     	org	2097152
  4372   200000  FF                 	db	255
  4373                           
  4374                           ;Config register IDLOC1 @ 0x200001
  4375                           ;	unspecified, using default values
  4376   200001                     	org	2097153
  4377   200001  FF                 	db	255
  4378                           
  4379                           ;Config register IDLOC2 @ 0x200002
  4380                           ;	unspecified, using default values
  4381   200002                     	org	2097154
  4382   200002  FF                 	db	255
  4383                           
  4384                           ;Config register IDLOC3 @ 0x200003
  4385                           ;	unspecified, using default values
  4386   200003                     	org	2097155
  4387   200003  FF                 	db	255
  4388                           
  4389                           ;Config register IDLOC4 @ 0x200004
  4390                           ;	unspecified, using default values
  4391   200004                     	org	2097156
  4392   200004  FF                 	db	255
  4393                           
  4394                           ;Config register IDLOC5 @ 0x200005
  4395                           ;	unspecified, using default values
  4396   200005                     	org	2097157
  4397   200005  FF                 	db	255
  4398                           
  4399                           ;Config register IDLOC6 @ 0x200006
  4400                           ;	unspecified, using default values
  4401   200006                     	org	2097158
  4402   200006  FF                 	db	255
  4403                           
  4404                           ;Config register IDLOC7 @ 0x200007
  4405                           ;	unspecified, using default values
  4406   200007                     	org	2097159
  4407   200007  FF                 	db	255
  4408                           
  4409                           	psect	config
  4410                           
  4411                           ; Padding undefined space
  4412   300000                     	org	3145728
  4413   300000  FF                 	db	255
  4414                           
  4415                           ;Config register CONFIG1H @ 0x300001
  4416                           ;	unspecified, using default values
  4417                           ;	Oscillator Selection bits
  4418                           ;	OSC = 0x7, unprogrammed default
  4419                           ;	Fail-Safe Clock Monitor Enable bit
  4420                           ;	FCMEN = 0x0, unprogrammed default
  4421                           ;	Internal/External Oscillator Switchover bit
  4422                           ;	IESO = 0x0, unprogrammed default
  4423   300001                     	org	3145729
  4424   300001  07                 	db	7
  4425                           
  4426                           ;Config register CONFIG2L @ 0x300002
  4427                           ;	unspecified, using default values
  4428                           ;	Power-up Timer Enable bit
  4429                           ;	PWRT = 0x1, unprogrammed default
  4430                           ;	Brown-out Reset Enable bits
  4431                           ;	BOREN = 0x3, unprogrammed default
  4432                           ;	Brown-out Reset Voltage bits
  4433                           ;	BORV = 0x3, unprogrammed default
  4434   300002                     	org	3145730
  4435   300002  1F                 	db	31
  4436                           
  4437                           ;Config register CONFIG2H @ 0x300003
  4438                           ;	unspecified, using default values
  4439                           ;	Watchdog Timer Enable bit
  4440                           ;	WDT = 0x1, unprogrammed default
  4441                           ;	Watchdog Timer Postscale Select bits
  4442                           ;	WDTPS = 0xF, unprogrammed default
  4443   300003                     	org	3145731
  4444   300003  1F                 	db	31
  4445                           
  4446                           ; Padding undefined space
  4447   300004                     	org	3145732
  4448   300004  FF                 	db	255
  4449                           
  4450                           ;Config register CONFIG3H @ 0x300005
  4451                           ;	unspecified, using default values
  4452                           ;	PORTB A/D Enable bit
  4453                           ;	PBADEN = 0x1, unprogrammed default
  4454                           ;	Low-Power Timer 1 Oscillator Enable bit
  4455                           ;	LPT1OSC = 0x0, unprogrammed default
  4456                           ;	MCLR Pin Enable bit
  4457                           ;	MCLRE = 0x1, unprogrammed default
  4458   300005                     	org	3145733
  4459   300005  82                 	db	130
  4460                           
  4461                           ;Config register CONFIG4L @ 0x300006
  4462                           ;	unspecified, using default values
  4463                           ;	Stack Full/Underflow Reset Enable bit
  4464                           ;	STVREN = 0x1, unprogrammed default
  4465                           ;	Single-Supply ICSP Enable bit
  4466                           ;	LVP = 0x1, unprogrammed default
  4467                           ;	Boot Block Size Select bit
  4468                           ;	BBSIZ = 0x0, unprogrammed default
  4469                           ;	Extended Instruction Set Enable bit
  4470                           ;	XINST = 0x0, unprogrammed default
  4471                           ;	Background Debugger Enable bit
  4472                           ;	DEBUG = 0x1, unprogrammed default
  4473   300006                     	org	3145734
  4474   300006  85                 	db	133
  4475                           
  4476                           ; Padding undefined space
  4477   300007                     	org	3145735
  4478   300007  FF                 	db	255
  4479                           
  4480                           ;Config register CONFIG5L @ 0x300008
  4481                           ;	unspecified, using default values
  4482                           ;	Code Protection bit
  4483                           ;	CP0 = 0x1, unprogrammed default
  4484                           ;	Code Protection bit
  4485                           ;	CP1 = 0x1, unprogrammed default
  4486                           ;	Code Protection bit
  4487                           ;	CP2 = 0x1, unprogrammed default
  4488                           ;	Code Protection bit
  4489                           ;	CP3 = 0x1, unprogrammed default
  4490   300008                     	org	3145736
  4491   300008  0F                 	db	15
  4492                           
  4493                           ;Config register CONFIG5H @ 0x300009
  4494                           ;	unspecified, using default values
  4495                           ;	Boot Block Code Protection bit
  4496                           ;	CPB = 0x1, unprogrammed default
  4497                           ;	Data EEPROM Code Protection bit
  4498                           ;	CPD = 0x1, unprogrammed default
  4499   300009                     	org	3145737
  4500   300009  C0                 	db	192
  4501                           
  4502                           ;Config register CONFIG6L @ 0x30000A
  4503                           ;	unspecified, using default values
  4504                           ;	Write Protection bit
  4505                           ;	WRT0 = 0x1, unprogrammed default
  4506                           ;	Write Protection bit
  4507                           ;	WRT1 = 0x1, unprogrammed default
  4508                           ;	Write Protection bit
  4509                           ;	WRT2 = 0x1, unprogrammed default
  4510                           ;	Write Protection bit
  4511                           ;	WRT3 = 0x1, unprogrammed default
  4512   30000A                     	org	3145738
  4513   30000A  0F                 	db	15
  4514                           
  4515                           ;Config register CONFIG6H @ 0x30000B
  4516                           ;	unspecified, using default values
  4517                           ;	Configuration Register Write Protection bit
  4518                           ;	WRTC = 0x1, unprogrammed default
  4519                           ;	Boot Block Write Protection bit
  4520                           ;	WRTB = 0x1, unprogrammed default
  4521                           ;	Data EEPROM Write Protection bit
  4522                           ;	WRTD = 0x1, unprogrammed default
  4523   30000B                     	org	3145739
  4524   30000B  E0                 	db	224
  4525                           
  4526                           ;Config register CONFIG7L @ 0x30000C
  4527                           ;	unspecified, using default values
  4528                           ;	Table Read Protection bit
  4529                           ;	EBTR0 = 0x1, unprogrammed default
  4530                           ;	Table Read Protection bit
  4531                           ;	EBTR1 = 0x1, unprogrammed default
  4532                           ;	Table Read Protection bit
  4533                           ;	EBTR2 = 0x1, unprogrammed default
  4534                           ;	Table Read Protection bit
  4535                           ;	EBTR3 = 0x1, unprogrammed default
  4536   30000C                     	org	3145740
  4537   30000C  0F                 	db	15
  4538                           
  4539                           ;Config register CONFIG7H @ 0x30000D
  4540                           ;	unspecified, using default values
  4541                           ;	Boot Block Table Read Protection bit
  4542                           ;	EBTRB = 0x1, unprogrammed default
  4543   30000D                     	org	3145741
  4544   30000D  40                 	db	64
  4545                           tosu	equ	0xFFF
  4546                           tosh	equ	0xFFE
  4547                           tosl	equ	0xFFD
  4548                           stkptr	equ	0xFFC
  4549                           pclatu	equ	0xFFB
  4550                           pclath	equ	0xFFA
  4551                           pcl	equ	0xFF9
  4552                           tblptru	equ	0xFF8
  4553                           tblptrh	equ	0xFF7
  4554                           tblptrl	equ	0xFF6
  4555                           tablat	equ	0xFF5
  4556                           prodh	equ	0xFF4
  4557                           prodl	equ	0xFF3
  4558                           indf0	equ	0xFEF
  4559                           postinc0	equ	0xFEE
  4560                           postdec0	equ	0xFED
  4561                           preinc0	equ	0xFEC
  4562                           plusw0	equ	0xFEB
  4563                           fsr0h	equ	0xFEA
  4564                           fsr0l	equ	0xFE9
  4565                           wreg	equ	0xFE8
  4566                           indf1	equ	0xFE7
  4567                           postinc1	equ	0xFE6
  4568                           postdec1	equ	0xFE5
  4569                           preinc1	equ	0xFE4
  4570                           plusw1	equ	0xFE3
  4571                           fsr1h	equ	0xFE2
  4572                           fsr1l	equ	0xFE1
  4573                           bsr	equ	0xFE0
  4574                           indf2	equ	0xFDF
  4575                           postinc2	equ	0xFDE
  4576                           postdec2	equ	0xFDD
  4577                           preinc2	equ	0xFDC
  4578                           plusw2	equ	0xFDB
  4579                           fsr2h	equ	0xFDA
  4580                           fsr2l	equ	0xFD9
  4581                           status	equ	0xFD8

Data Sizes:
    Strings     0
    Constant    0
    Data        11
    BSS         18
    Persistent  0
    Stack       0

Auto Spaces:
    Space          Size  Autos    Used
    COMRAM           95     36      65
    BANK0           160      0       0
    BANK1           256      0       0
    BANK2           256      0       0
    BANK3           256      0       0
    BANK4           256      0       0
    BANK5           256      0       0

Pointer List with Targets:

    can_transmit@data	PTR const unsigned char  size(1) Largest target is 5
		 -> main@buff(COMRAM[5]), process_indicator@data(COMRAM[1]), 

    can_transmit@ptr	PTR unsigned char  size(2) Largest target is 1
		 -> TXB0D0(SFR_2[1]), 


Critical Paths under _main in COMRAM

    _main->_get_rpm
    _process_indicator->_can_transmit
    _can_transmit->_set_msg_id_std
    _get_rpm->___lldiv
    ___lwmod->___lwdiv
    ___lldiv->___lmul

Critical Paths under _main in BANK0

    None.

Critical Paths under _main in BANK1

    None.

Critical Paths under _main in BANK2

    None.

Critical Paths under _main in BANK3

    None.

Critical Paths under _main in BANK4

    None.

Critical Paths under _main in BANK5

    None.

Call Graph Tables:

 ---------------------------------------------------------------------------------
 (Depth) Function   	        Calls       Base Space   Used Autos Params    Refs
 ---------------------------------------------------------------------------------
 (0) _main                                                 9     9      0    1908
                                             27 COMRAM     9     9      0
                            ___lwdiv
                            ___lwmod
                       _can_transmit
                            _get_rpm
                        _init_config
                  _process_indicator
 ---------------------------------------------------------------------------------
 (1) _process_indicator                                    4     4      0     419
                                             15 COMRAM     4     4      0
                       _can_transmit
                _read_digital_keypad
 ---------------------------------------------------------------------------------
 (2) _read_digital_keypad                                  1     1      0      30
                                              0 COMRAM     1     1      0
 ---------------------------------------------------------------------------------
 (2) _can_transmit                                        11     7      4     230
                                              4 COMRAM    11     7      4
                     _set_msg_id_std
 ---------------------------------------------------------------------------------
 (3) _set_msg_id_std                                       4     2      2      45
                                              0 COMRAM     4     2      2
 ---------------------------------------------------------------------------------
 (1) _init_config                                          0     0      0       0
                           _init_adc
                           _init_can
                _init_digital_keypad
 ---------------------------------------------------------------------------------
 (2) _init_digital_keypad                                  0     0      0       0
 ---------------------------------------------------------------------------------
 (2) _init_can                                             0     0      0       0
 ---------------------------------------------------------------------------------
 (2) _init_adc                                             0     0      0       0
 ---------------------------------------------------------------------------------
 (1) _get_rpm                                              2     0      2     657
                                             25 COMRAM     2     0      2
                            ___lldiv
                             ___lmul
                            ___lwdiv
                            ___lwmod
                           _read_adc
 ---------------------------------------------------------------------------------
 (2) _read_adc                                             7     5      2      52
                                              0 COMRAM     7     5      2
 ---------------------------------------------------------------------------------
 (2) ___lwmod                                              5     1      4     173
                                              7 COMRAM     5     1      4
                            ___lwdiv (ARG)
 ---------------------------------------------------------------------------------
 (2) ___lwdiv                                              7     3      4     174
                                              0 COMRAM     7     3      4
 ---------------------------------------------------------------------------------
 (2) ___lmul                                              12     4      8      94
                                              0 COMRAM    12     4      8
 ---------------------------------------------------------------------------------
 (2) ___lldiv                                             13     5      8     164
                                             12 COMRAM    13     5      8
                             ___lmul (ARG)
 ---------------------------------------------------------------------------------
 Estimated maximum stack depth 3
 ---------------------------------------------------------------------------------

 Call Graph Graphs:

 _main (ROOT)
   ___lwdiv
   ___lwmod
     ___lwdiv (ARG)
   _can_transmit
     _set_msg_id_std
   _get_rpm
     ___lldiv
       ___lmul (ARG)
     ___lmul
     ___lwdiv
     ___lwmod
     _read_adc
   _init_config
     _init_adc
     _init_can
     _init_digital_keypad
   _process_indicator
     _can_transmit
     _read_digital_keypad

Address spaces:
Name               Size   Autos  Total    Usage
BIGRAM            1535      0       0      0.0%
BITBIGSFRllh       410      0       0      0.0%
BITBANK5           256      0       0      0.0%
BANK5              256      0       0      0.0%
BITBANK4           256      0       0      0.0%
BANK4              256      0       0      0.0%
BITBANK3           256      0       0      0.0%
BANK3              256      0       0      0.0%
BITBANK2           256      0       0      0.0%
BANK2              256      0       0      0.0%
BITBANK1           256      0       0      0.0%
BANK1              256      0       0      0.0%
BITBIGSFRlll       212      0       0      0.0%
BITBANK0           160      0       0      0.0%
BANK0              160      0       0      0.0%
BITCOMRAM           95      0       0      0.0%
COMRAM              95     36      65     68.4%
BITBIGSFRh          82      0       0      0.0%
BITBIGSFRlh         61      0       0      0.0%
STACK                0      0       0      0.0%
DATA                 0      0      65      0.0%


Microchip Technology PIC18 Macro Assembler V3.10 build 20250813170317 
Symbol Table                                                                                   Sun Apr 19 12:46:50 2026

                               l23 0C6A                                 l28 0708  
                               l72 0B96                                 l66 0C5C  
                               l69 0B6A                                 _GO 7E11  
                               u20 0BF0                                 u21 0BEC  
                               u50 0942                                 u51 093E  
                               u60 0956                                 u61 0952  
                               u70 0966                                 u71 0962  
                               u80 0984                                 u81 0980  
                               u90 099C                                 u91 0998  
                              l223 06FE                                l240 088A  
                              l232 084C                                l181 0BF0  
                              l182 0C0E                                l254 09A2  
                              l247 0C7E                                l272 0ADC  
                              l273 0AEC                                l193 0A7E  
                              l194 0A82                                l188 0BD2  
                              l295 092E                                l288 091E  
                              l862 0A0C                                l872 0B48  
                              l869 0A14                                l879 0B50  
                              u400 09BC                                u401 09B8  
                              u410 09DA                                u330 0A7E  
                              u411 09D6                                u331 0A7A  
                              u420 09F6                                u340 0B78  
                              u500 088A                                u421 09F2  
                              u341 0B74                                u325 0BA4  
                              u501 0886                                u350 0AA2  
                              u430 0B00                                u510 07D6  
                              u351 0A9E                                u431 0AFC  
                              u511 07D2                                u360 0ADC  
                              u440 0B1E                                u361 0AD8  
                              u441 0B1A                                u370 08B2  
                              u450 0B34                                u371 08AE  
                              u451 0B30                                u380 08D4  
                              u460 07FC                                u381 08D0  
                              u461 07F8                                u390 08FC  
                              u470 0816                                u391 08F8  
                              u471 0812                                u480 0830  
                              u481 082C                                u490 084A  
                              u491 0846                                _RX9 7D5E  
                              _RPM 0025                                _TX9 7D66  
                              _len 0036                                _key 0035  
                              _rpm 002E                                _ssd 002A  
                              wreg 0FE8                               l1100 0942  
                             l1102 0956                               l1200 0C66  
                             l1104 0966                               l1112 0970  
                             l1050 0BD4                               l1114 0984  
                             l1122 09A0                               l1106 0968  
                             l1060 0BFE                               l1052 0BD8  
                             l1116 098C                               l1046 0C42  
                             l1070 0C0C                               l1062 0C02  
                             l1054 0BDC                               l1400 0B00  
                             l1064 0C06                               l1056 0BDE  
                             l1048 0C78                               l1320 0A1C  
                             l1410 0B3C                               l1402 0B08  
                             l1066 0C08                               l1058 0BF2  
                             l1330 0A56                               l1322 0A28  
                             l1412 0B42                               l1404 0B10  
                             l1340 0B8E                               l1068 0C0A  
                             l1316 0B98                               l1332 0A5A  
                             l1324 0A2C                               l1350 0AB2  
                             l1406 0B1E                               l1334 0B54  
                             l1414 0602                               l1326 0A34  
                             l1318 0A16                               l1430 0816  
                             l1422 07E2                               l1360 08BA  
                             l1352 0ABC                               l1344 0A84  
                             l1408 0B34                               l1336 0B68  
                             l1416 06F4                               l1328 0A3E  
                             l1440 0850                               l1432 081E  
                             l1424 07EA              ??_read_digital_keypad 0001  
                             l1370 090C                               l1362 08C6  
                             l1354 088C                               l1346 0A94  
                             l1338 0B78                               l1418 06F6  
                             l1098 0932                               l1450 0870  
                             l1442 0862                               l1434 0830  
                             l1426 07FC                               l1372 090E  
                             l1364 08D4                               l1356 089C  
                             l1348 0AA2                               l1380 09BC  
                             l1196 0C5E                               l1436 0838  
                             l1428 0804                               l1460 07AE  
                             l1452 0700                               l1374 0918  
                             l1366 08DE                               l1358 08B2  
                             l1390 09F6                               l1382 09C4  
                             l1198 0C62                               l1438 084A  
                             l1470 07D6                               l1454 0704  
                             l1368 08FC                               l1392 09FE  
                             l1384 09CC                               l1376 09A4  
                             l1448 086A                               l1456 079A  
                             l1394 0A00                               l1386 09DA  
                             l1378 09AA                               l1466 07B6  
                             l1458 079C                               l1396 0A06  
                             l1388 09E0                               l1468 07BC  
                             l1398 0AEE                               _ADFM 7E07  
                             _ADON 7E10                               _BRGH 7D62  
                             _CREN 7D5C                               _RCIF 7CF5  
                             _SPEN 7D5F                               _TXEN 7D65  
                             _TXIF 7CF4                               _SYNC 7D64  
                             _main 0700                               fsr2h 0FDA  
                             indf1 0FE7                               indf2 0FDF  
                             fsr1l 0FE1                               fsr2l 0FD9  
                             start 2FFC                       ___param_bank 0000  
                            _ADCS0 7E00                              _ADCS1 7E01  
                            _ADCS2 7E02                              ?_main 0001  
                            _ACQT0 7E03                              _ACQT1 7E04  
                            _ACQT2 7E05                              _BRG16 7DC3  
                  __end_of___lldiv 0930                    __end_of___lwdiv 0A16  
                  __end_of___lwmod 0B52                       ?_init_config 0001  
                            _VCFG0 7E0C                              _VCFG1 7E0D  
                            _RCREG 0FAE                              _SENDB 7D63  
                            _SPBRG 0FAF                              _PORTB 0F81  
                            _PORTC 0F82                              _TRISB 0F93  
                            _TRISC 0F94                              _TXREG 0FAD  
              ___lmul@multiplicand 0005                    __end_of_get_rpm 0700  
                            _digit 0037                              tablat 0FF5  
                            status 0FD8                    __initialization 0C10  
                     __end_of_main 07E2                             ??_main 001C  
                    __activetblptr 0000                             _ADCON0 0FC2  
                           _CANCON 0F6F                             _ADRESH 0FC4  
                           _ADRESL 0FC3                             _GODONE 7E11  
                           _RXB0D0 0F66                             _RXB0IF 7D20  
                           _TXB0D0 0F46                             _TRISB2 7C9A  
                           _TRISB3 7C9B                             _TRISC6 7CA6  
                           _TRISC7 7CA7        __end_of_init_digital_keypad 0C80  
                           ___lmul 0A84                          ??___lldiv 0015  
                    can_transmit@i 000E                          ??___lwdiv 0005  
                        ??___lwmod 000C                   __end_of_init_adc 0C5E  
                 __end_of_init_can 0C10                   __end_of_read_adc 0B98  
                           clear_0 0C36                             _msg_id 0032  
                           isa$std 0001                          ??_get_rpm 001C  
                     __pdataCOMRAM 0037                       __mediumconst 0600  
                           tblptrh 0FF7                             tblptrl 0FF6  
                           tblptru 0FF8                       _can_transmit 0A16  
                       __accesstop 0060            __end_of__initialization 0C3C  
                    ___rparam_used 0001                     __pcstackCOMRAM 0001  
                 set_msg_id_std@id 0001                            ?___lmul 0001  
                          _ECANCON 0F77                     ___lmul@product 0009  
                          _CANSTAT 0F6E                            _BRGCON1 0F70  
                          _BRGCON2 0F71                            _BRGCON3 0F72  
      __end_of_read_digital_keypad 09A4                            _RXB0DLC 0F65  
                          _RXB0CON 0F60                            _RXB0FUL 7B07  
                          _TXB0DLC 0F45                            _TXB0REQ 7A03  
                          _RXFCON0 0DD4                          ?_init_adc 0001  
                        ?_init_can 0001                          ?_read_adc 0001  
                          __Hparam 0000                            __Lparam 0000  
                          ___lldiv 088C                            ___lwdiv 09A4  
                          ___lwmod 0AEE                       __psmallconst 0600  
                          __pcinit 0C10                            __ramtop 0600  
                          __ptext0 0700                            __ptext1 07E2  
                          __ptext2 0930                            __ptext3 0A16  
                          __ptext4 0B98                            __ptext5 0C5E  
                          __ptext6 0C78                            __ptext7 0BD4  
                          __ptext8 0C42                            __ptext9 0602  
                          _get_rpm 0602                            main@RPM 0023  
             end_of_initialization 0C3C                         ??_init_adc 0001  
                       ??_init_can 0001                         ??_read_adc 0003  
                  ___lldiv@divisor 0011                    ___lldiv@counter 0019  
                          postdec1 0FE5                            postinc0 0FEE  
                  read_adc@channel 0007                    read_adc@reg_val 0005  
                   _set_msg_id_std 0B98                     __end_of___lmul 0AEE  
                    __pidataCOMRAM 0C6C                start_initialization 0C10  
           __end_of_set_msg_id_std 0BD4                           ??___lmul 0009  
                    ??_init_config 0001                        __pbssCOMRAM 0025  
                        _adc_value 0030                    ?_set_msg_id_std 0001  
                 ___lwdiv@dividend 0001                   can_transmit@data 0007  
                         ?___lldiv 000D                           ?___lwdiv 0001  
                         ?___lwmod 0008                           ?_get_rpm 001A  
                      __smallconst 0600                 can_transmit@msg_id 0005  
                 ___lwdiv@quotient 0005                __end_of_init_config 0C6C  
                         _RXB0SIDH 0F61                           _RXB0SIDL 0F62  
                         _TXB0EIDH 0F43                           _TXB0EIDL 0F44  
                         _TXB0SIDH 0F41                           _TXB0SIDL 0F42  
           process_indicator@state 0034  read_digital_keypad@detection_type 0001  
                    ?_can_transmit 0005                  _process_indicator 07E2  
                ___lmul@multiplier 0001                          copy_data0 0C24  
              _init_digital_keypad 0C78                 ?_process_indicator 0001  
                         __Hrparam 0000                ??_process_indicator 0010  
                         __Lrparam 0000               ?_init_digital_keypad 0001  
                      _init_config 0C5E                     ??_can_transmit 0009  
        __end_of_process_indicator 088C                    ___lwdiv@divisor 0003  
                  ___lwdiv@counter 0007                           __ptext10 0B52  
                         __ptext11 0AEE                           __ptext12 09A4  
                         __ptext13 0A84                           __ptext14 088C  
                  can_transmit@len 0008                    can_transmit@ptr 000C  
                         _init_adc 0C42                           _init_can 0BD4  
                         _read_adc 0B52            read_digital_keypad@once 0041  
                         isa$xinst 0000              process_indicator@data 0010  
            ??_init_digital_keypad 0001              process_indicator@wait 0011  
                         main@buff 001C                           main@wait 0021  
                      _RXB0CONbits 0F60                   ??_set_msg_id_std 0003  
                 ___lwmod@dividend 0008                   ___lldiv@dividend 000D  
             process_indicator@key 0013                _read_digital_keypad 0930  
                 ___lldiv@quotient 0015                    ___lwmod@divisor 000A  
                  ___lwmod@counter 000C               ?_read_digital_keypad 0001  
             __end_of_can_transmit 0A84  
