

Microchip MPLAB XC8 Assembler V3.10 build 20250813170317 
                                                                                               Sun Apr 19 12:47:06 2026

Microchip MPLAB XC8 C Compiler v3.10 (Free license) build 20250813170317 Og1 
     1                           	processor	18F4580
     2                           	fnconf	rparam,??,?,0
     3                           	pagewidth 120
     4                           	opt	flic
     5                           	psect	idataCOMRAM,global,class=CODE,space=0,delta=1,noexec
     6                           	psect	mediumconst,global,reloc=2,class=MEDIUMCONST,space=0,delta=1,noexec
     7                           	psect	cinit,global,reloc=2,class=CODE,space=0,delta=1
     8                           	psect	bssCOMRAM,global,class=COMRAM,space=1,delta=1,lowdata,noexec
     9                           	psect	dataCOMRAM,global,class=COMRAM,space=1,delta=1,lowdata,noexec
    10                           	psect	cstackCOMRAM,global,class=COMRAM,space=1,delta=1,lowdata,noexec
    11                           	psect	text0,global,reloc=2,class=CODE,space=0,delta=1
    12                           	psect	text1,global,reloc=2,class=CODE,space=0,delta=1
    13                           	psect	text2,global,reloc=2,class=CODE,space=0,delta=1
    14                           	psect	text3,global,reloc=2,class=CODE,space=0,delta=1
    15                           	psect	text4,global,reloc=2,class=CODE,space=0,delta=1
    16                           	psect	text5,global,reloc=2,class=CODE,space=0,delta=1
    17                           	psect	text6,global,reloc=2,class=CODE,space=0,delta=1
    18                           	psect	text7,global,reloc=2,class=CODE,space=0,delta=1
    19                           	psect	text8,global,reloc=2,class=CODE,space=0,delta=1
    20                           	psect	text9,global,reloc=2,class=CODE,space=0,delta=1
    21                           	psect	text10,global,reloc=2,class=CODE,space=0,delta=1
    22                           	psect	text11,global,reloc=2,class=CODE,space=0,delta=1
    23                           	psect	text12,global,reloc=2,class=CODE,space=0,delta=1
    24                           	psect	text13,global,reloc=2,class=CODE,space=0,delta=1
    25                           	psect	text14,global,reloc=2,class=CODE,space=0,delta=1
    26                           	psect	intsave_regs,global,class=BIGRAM,space=1,delta=1,noexec
    27                           	psect	rparam,global,class=COMRAM,space=1,delta=1,noexec
    28                           	psect	idloc,global,abs,ovrld,class=IDLOC,space=5,delta=1,noexec
    29                           	psect	config,global,abs,ovrld,class=CONFIG,space=4,delta=1,noexec
    30   000000                     
    31                           ; Version 2.40
    32                           ; Generated 17/11/2021 GMT
    33                           ; 
    34                           ; Copyright © 2021, Microchip Technology Inc. and its subsidiaries ("Microchip")
    35                           ; All rights reserved.
    36                           ; 
    37                           ; This software is developed by Microchip Technology Inc. and its subsidiaries ("Microch
      +                          ip").
    38                           ; 
    39                           ; Redistribution and use in source and binary forms, with or without modification, are
    40                           ; permitted provided that the following conditions are met:
    41                           ; 
    42                           ;     1. Redistributions of source code must retain the above copyright notice, this lis
      +                          t of
    43                           ;        conditions and the following disclaimer.
    44                           ; 
    45                           ;     2. Redistributions in binary form must reproduce the above copyright notice, this 
      +                          list
    46                           ;        of conditions and the following disclaimer in the documentation and/or other
    47                           ;        materials provided with the distribution. Publication is not required when
    48                           ;        this file is used in an embedded application.
    49                           ; 
    50                           ;     3. Microchip's name may not be used to endorse or promote products derived from th
      +                          is
    51                           ;        software without specific prior written permission.
    52                           ; 
    53                           ; THIS SOFTWARE IS PROVIDED BY MICROCHIP "AS IS" AND ANY EXPRESS OR IMPLIED WARRANTIES,
    54                           ; INCLUDING, BUT NOT LIMITED TO, THE IMPLIED WARRANTIES OF MERCHANTABILITY AND FITNESS F
      +                          OR
    55                           ; PURPOSE ARE DISCLAIMED.  IN NO EVENT SHALL MICROCHIP BE LIABLE FOR ANY DIRECT, INDIREC
      +                          T,
    56                           ; INCIDENTAL, SPECIAL, EXEMPLARY, OR CONSEQUENTIAL DAMAGES (INCLUDING BUT NOT LIMITED TO
    57                           ; PROCUREMENT OF SUBSTITUTE GOODS OR SERVICES; LOSS OF USE, DATA OR PROFITS; OR BUSINESS
    58                           ; INTERRUPTION) HOWSOEVER CAUSED AND ON ANY THEORY OF LIABILITY, WHETHER IN CONTRACT, ST
      +                          RICT
    59                           ; LIABILITY, OR TORT (INCLUDING NEGLIGENCE OR OTHERWISE) ARISING IN ANY WAY OUT OF THE U
      +                          SE OF
    60                           ; THIS SOFTWARE, EVEN IF ADVISED OF THE POSSIBILITY OF SUCH DAMAGE.
    61                           ; 
    62                           ; 
    63                           ; Code-generator required, PIC18F4580 Definitions
    64                           ; 
    65                           ; SFR Addresses
    66   000FE0                     bsr             equ	4064
    67   000FE9                     fsr0            equ	4073
    68   000FEA                     fsr0h           equ	4074
    69   000FE9                     fsr0l           equ	4073
    70   000FE1                     fsr1            equ	4065
    71   000FE2                     fsr1h           equ	4066
    72   000FE1                     fsr1l           equ	4065
    73   000FD9                     fsr2            equ	4057
    74   000FDA                     fsr2h           equ	4058
    75   000FD9                     fsr2l           equ	4057
    76   000FEF                     indf0           equ	4079
    77   000FE7                     indf1           equ	4071
    78   000FDF                     indf2           equ	4063
    79   000FF2                     intcon          equ	4082
    80   000000                     nvmcon          equ	0
    81   000FF9                     pcl             equ	4089
    82   000FFA                     pclath          equ	4090
    83   000FFB                     pclatu          equ	4091
    84   000FEB                     plusw0          equ	4075
    85   000FE3                     plusw1          equ	4067
    86   000FDB                     plusw2          equ	4059
    87   000FED                     postdec0        equ	4077
    88   000FE5                     postdec1        equ	4069
    89   000FDD                     postdec2        equ	4061
    90   000FEE                     postinc0        equ	4078
    91   000FE6                     postinc1        equ	4070
    92   000FDE                     postinc2        equ	4062
    93   000FEC                     preinc0         equ	4076
    94   000FE4                     preinc1         equ	4068
    95   000FDC                     preinc2         equ	4060
    96   000FF3                     prod            equ	4083
    97   000FF4                     prodh           equ	4084
    98   000FF3                     prodl           equ	4083
    99   000FD8                     status          equ	4056
   100   000FF5                     tablat          equ	4085
   101   000FF6                     tblptr          equ	4086
   102   000FF7                     tblptrh         equ	4087
   103   000FF6                     tblptrl         equ	4086
   104   000FF8                     tblptru         equ	4088
   105   000FFD                     tosl            equ	4093
   106   000FE8                     wreg            equ	4072
   107   000D60                     RXF6SIDH        equ	3424	;# 
   108   000D61                     RXF6SIDL        equ	3425	;# 
   109   000D62                     RXF6EIDH        equ	3426	;# 
   110   000D63                     RXF6EIDL        equ	3427	;# 
   111   000D64                     RXF7SIDH        equ	3428	;# 
   112   000D65                     RXF7SIDL        equ	3429	;# 
   113   000D66                     RXF7EIDH        equ	3430	;# 
   114   000D67                     RXF7EIDL        equ	3431	;# 
   115   000D68                     RXF8SIDH        equ	3432	;# 
   116   000D69                     RXF8SIDL        equ	3433	;# 
   117   000D6A                     RXF8EIDH        equ	3434	;# 
   118   000D6B                     RXF8EIDL        equ	3435	;# 
   119   000D70                     RXF9SIDH        equ	3440	;# 
   120   000D71                     RXF9SIDL        equ	3441	;# 
   121   000D72                     RXF9EIDH        equ	3442	;# 
   122   000D73                     RXF9EIDL        equ	3443	;# 
   123   000D74                     RXF10SIDH       equ	3444	;# 
   124   000D75                     RXF10SIDL       equ	3445	;# 
   125   000D76                     RXF10EIDH       equ	3446	;# 
   126   000D77                     RXF10EIDL       equ	3447	;# 
   127   000D78                     RXF11SIDH       equ	3448	;# 
   128   000D79                     RXF11SIDL       equ	3449	;# 
   129   000D7A                     RXF11EIDH       equ	3450	;# 
   130   000D7B                     RXF11EIDL       equ	3451	;# 
   131   000D80                     RXF12SIDH       equ	3456	;# 
   132   000D81                     RXF12SIDL       equ	3457	;# 
   133   000D82                     RXF12EIDH       equ	3458	;# 
   134   000D83                     RXF12EIDL       equ	3459	;# 
   135   000D84                     RXF13SIDH       equ	3460	;# 
   136   000D85                     RXF13SIDL       equ	3461	;# 
   137   000D86                     RXF13EIDH       equ	3462	;# 
   138   000D87                     RXF13EIDL       equ	3463	;# 
   139   000D88                     RXF14SIDH       equ	3464	;# 
   140   000D89                     RXF14SIDL       equ	3465	;# 
   141   000D8A                     RXF14EIDH       equ	3466	;# 
   142   000D8B                     RXF14EIDL       equ	3467	;# 
   143   000D90                     RXF15SIDH       equ	3472	;# 
   144   000D91                     RXF15SIDL       equ	3473	;# 
   145   000D92                     RXF15EIDH       equ	3474	;# 
   146   000D93                     RXF15EIDL       equ	3475	;# 
   147   000DD4                     RXFCON0         equ	3540	;# 
   148   000DD5                     RXFCON1         equ	3541	;# 
   149   000DD8                     SDFLC           equ	3544	;# 
   150   000DE0                     RXFBCON0        equ	3552	;# 
   151   000DE1                     RXFBCON1        equ	3553	;# 
   152   000DE2                     RXFBCON2        equ	3554	;# 
   153   000DE3                     RXFBCON3        equ	3555	;# 
   154   000DE4                     RXFBCON4        equ	3556	;# 
   155   000DE5                     RXFBCON5        equ	3557	;# 
   156   000DE6                     RXFBCON6        equ	3558	;# 
   157   000DE7                     RXFBCON7        equ	3559	;# 
   158   000DF0                     MSEL0           equ	3568	;# 
   159   000DF1                     MSEL1           equ	3569	;# 
   160   000DF2                     MSEL2           equ	3570	;# 
   161   000DF3                     MSEL3           equ	3571	;# 
   162   000DF8                     BSEL0           equ	3576	;# 
   163   000DFA                     BIE0            equ	3578	;# 
   164   000DFC                     TXBIE           equ	3580	;# 
   165   000E20                     B0CON           equ	3616	;# 
   166   000E21                     B0SIDH          equ	3617	;# 
   167   000E22                     B0SIDL          equ	3618	;# 
   168   000E23                     B0EIDH          equ	3619	;# 
   169   000E24                     B0EIDL          equ	3620	;# 
   170   000E25                     B0DLC           equ	3621	;# 
   171   000E26                     B0D0            equ	3622	;# 
   172   000E27                     B0D1            equ	3623	;# 
   173   000E28                     B0D2            equ	3624	;# 
   174   000E29                     B0D3            equ	3625	;# 
   175   000E2A                     B0D4            equ	3626	;# 
   176   000E2B                     B0D5            equ	3627	;# 
   177   000E2C                     B0D6            equ	3628	;# 
   178   000E2D                     B0D7            equ	3629	;# 
   179   000E2E                     CANSTAT_RO9     equ	3630	;# 
   180   000E2F                     CANCON_RO9      equ	3631	;# 
   181   000E30                     B1CON           equ	3632	;# 
   182   000E31                     B1SIDH          equ	3633	;# 
   183   000E32                     B1SIDL          equ	3634	;# 
   184   000E33                     B1EIDH          equ	3635	;# 
   185   000E34                     B1EIDL          equ	3636	;# 
   186   000E35                     B1DLC           equ	3637	;# 
   187   000E36                     B1D0            equ	3638	;# 
   188   000E37                     B1D1            equ	3639	;# 
   189   000E38                     B1D2            equ	3640	;# 
   190   000E39                     B1D3            equ	3641	;# 
   191   000E3A                     B1D4            equ	3642	;# 
   192   000E3B                     B1D5            equ	3643	;# 
   193   000E3C                     B1D6            equ	3644	;# 
   194   000E3D                     B1D7            equ	3645	;# 
   195   000E3E                     CANSTAT_RO8     equ	3646	;# 
   196   000E3F                     CANCON_RO8      equ	3647	;# 
   197   000E40                     B2CON           equ	3648	;# 
   198   000E41                     B2SIDH          equ	3649	;# 
   199   000E42                     B2SIDL          equ	3650	;# 
   200   000E43                     B2EIDH          equ	3651	;# 
   201   000E44                     B2EIDL          equ	3652	;# 
   202   000E45                     B2DLC           equ	3653	;# 
   203   000E46                     B2D0            equ	3654	;# 
   204   000E47                     B2D1            equ	3655	;# 
   205   000E48                     B2D2            equ	3656	;# 
   206   000E49                     B2D3            equ	3657	;# 
   207   000E4A                     B2D4            equ	3658	;# 
   208   000E4B                     B2D5            equ	3659	;# 
   209   000E4C                     B2D6            equ	3660	;# 
   210   000E4D                     B2D7            equ	3661	;# 
   211   000E4E                     CANSTAT_RO7     equ	3662	;# 
   212   000E4F                     CANCON_RO7      equ	3663	;# 
   213   000E50                     B3CON           equ	3664	;# 
   214   000E51                     B3SIDH          equ	3665	;# 
   215   000E52                     B3SIDL          equ	3666	;# 
   216   000E53                     B3EIDH          equ	3667	;# 
   217   000E54                     B3EIDL          equ	3668	;# 
   218   000E55                     B3DLC           equ	3669	;# 
   219   000E56                     B3D0            equ	3670	;# 
   220   000E57                     B3D1            equ	3671	;# 
   221   000E58                     B3D2            equ	3672	;# 
   222   000E59                     B3D3            equ	3673	;# 
   223   000E5A                     B3D4            equ	3674	;# 
   224   000E5B                     B3D5            equ	3675	;# 
   225   000E5C                     B3D6            equ	3676	;# 
   226   000E5D                     B3D7            equ	3677	;# 
   227   000E5E                     CANSTAT_RO6     equ	3678	;# 
   228   000E5F                     CANCON_RO6      equ	3679	;# 
   229   000E60                     B4CON           equ	3680	;# 
   230   000E61                     B4SIDH          equ	3681	;# 
   231   000E62                     B4SIDL          equ	3682	;# 
   232   000E63                     B4EIDH          equ	3683	;# 
   233   000E64                     B4EIDL          equ	3684	;# 
   234   000E65                     B4DLC           equ	3685	;# 
   235   000E66                     B4D0            equ	3686	;# 
   236   000E67                     B4D1            equ	3687	;# 
   237   000E68                     B4D2            equ	3688	;# 
   238   000E69                     B4D3            equ	3689	;# 
   239   000E6A                     B4D4            equ	3690	;# 
   240   000E6B                     B4D5            equ	3691	;# 
   241   000E6C                     B4D6            equ	3692	;# 
   242   000E6D                     B4D7            equ	3693	;# 
   243   000E6E                     CANSTAT_RO5     equ	3694	;# 
   244   000E6F                     CANCON_RO5      equ	3695	;# 
   245   000E70                     B5CON           equ	3696	;# 
   246   000E71                     B5SIDH          equ	3697	;# 
   247   000E72                     B5SIDL          equ	3698	;# 
   248   000E73                     B5EIDH          equ	3699	;# 
   249   000E74                     B5EIDL          equ	3700	;# 
   250   000E75                     B5DLC           equ	3701	;# 
   251   000E76                     B5D0            equ	3702	;# 
   252   000E77                     B5D1            equ	3703	;# 
   253   000E78                     B5D2            equ	3704	;# 
   254   000E79                     B5D3            equ	3705	;# 
   255   000E7A                     B5D4            equ	3706	;# 
   256   000E7B                     B5D5            equ	3707	;# 
   257   000E7C                     B5D6            equ	3708	;# 
   258   000E7D                     B5D7            equ	3709	;# 
   259   000E7E                     CANSTAT_RO4     equ	3710	;# 
   260   000E7F                     CANCON_RO4      equ	3711	;# 
   261   000F00                     RXF0SIDH        equ	3840	;# 
   262   000F01                     RXF0SIDL        equ	3841	;# 
   263   000F02                     RXF0EIDH        equ	3842	;# 
   264   000F03                     RXF0EIDL        equ	3843	;# 
   265   000F04                     RXF1SIDH        equ	3844	;# 
   266   000F05                     RXF1SIDL        equ	3845	;# 
   267   000F06                     RXF1EIDH        equ	3846	;# 
   268   000F07                     RXF1EIDL        equ	3847	;# 
   269   000F08                     RXF2SIDH        equ	3848	;# 
   270   000F09                     RXF2SIDL        equ	3849	;# 
   271   000F0A                     RXF2EIDH        equ	3850	;# 
   272   000F0B                     RXF2EIDL        equ	3851	;# 
   273   000F0C                     RXF3SIDH        equ	3852	;# 
   274   000F0D                     RXF3SIDL        equ	3853	;# 
   275   000F0E                     RXF3EIDH        equ	3854	;# 
   276   000F0F                     RXF3EIDL        equ	3855	;# 
   277   000F10                     RXF4SIDH        equ	3856	;# 
   278   000F11                     RXF4SIDL        equ	3857	;# 
   279   000F12                     RXF4EIDH        equ	3858	;# 
   280   000F13                     RXF4EIDL        equ	3859	;# 
   281   000F14                     RXF5SIDH        equ	3860	;# 
   282   000F15                     RXF5SIDL        equ	3861	;# 
   283   000F16                     RXF5EIDH        equ	3862	;# 
   284   000F17                     RXF5EIDL        equ	3863	;# 
   285   000F18                     RXM0SIDH        equ	3864	;# 
   286   000F19                     RXM0SIDL        equ	3865	;# 
   287   000F1A                     RXM0EIDH        equ	3866	;# 
   288   000F1B                     RXM0EIDL        equ	3867	;# 
   289   000F1C                     RXM1SIDH        equ	3868	;# 
   290   000F1D                     RXM1SIDL        equ	3869	;# 
   291   000F1E                     RXM1EIDH        equ	3870	;# 
   292   000F1F                     RXM1EIDL        equ	3871	;# 
   293   000F20                     TXB2CON         equ	3872	;# 
   294   000F21                     TXB2SIDH        equ	3873	;# 
   295   000F22                     TXB2SIDL        equ	3874	;# 
   296   000F23                     TXB2EIDH        equ	3875	;# 
   297   000F24                     TXB2EIDL        equ	3876	;# 
   298   000F25                     TXB2DLC         equ	3877	;# 
   299   000F26                     TXB2D0          equ	3878	;# 
   300   000F27                     TXB2D1          equ	3879	;# 
   301   000F28                     TXB2D2          equ	3880	;# 
   302   000F29                     TXB2D3          equ	3881	;# 
   303   000F2A                     TXB2D4          equ	3882	;# 
   304   000F2B                     TXB2D5          equ	3883	;# 
   305   000F2C                     TXB2D6          equ	3884	;# 
   306   000F2D                     TXB2D7          equ	3885	;# 
   307   000F2E                     CANSTAT_RO3     equ	3886	;# 
   308   000F2F                     CANCON_RO3      equ	3887	;# 
   309   000F30                     TXB1CON         equ	3888	;# 
   310   000F31                     TXB1SIDH        equ	3889	;# 
   311   000F32                     TXB1SIDL        equ	3890	;# 
   312   000F33                     TXB1EIDH        equ	3891	;# 
   313   000F34                     TXB1EIDL        equ	3892	;# 
   314   000F35                     TXB1DLC         equ	3893	;# 
   315   000F36                     TXB1D0          equ	3894	;# 
   316   000F37                     TXB1D1          equ	3895	;# 
   317   000F38                     TXB1D2          equ	3896	;# 
   318   000F39                     TXB1D3          equ	3897	;# 
   319   000F3A                     TXB1D4          equ	3898	;# 
   320   000F3B                     TXB1D5          equ	3899	;# 
   321   000F3C                     TXB1D6          equ	3900	;# 
   322   000F3D                     TXB1D7          equ	3901	;# 
   323   000F3E                     CANSTAT_RO2     equ	3902	;# 
   324   000F3F                     CANCON_RO2      equ	3903	;# 
   325   000F40                     TXB0CON         equ	3904	;# 
   326   000F41                     TXB0SIDH        equ	3905	;# 
   327   000F42                     TXB0SIDL        equ	3906	;# 
   328   000F43                     TXB0EIDH        equ	3907	;# 
   329   000F44                     TXB0EIDL        equ	3908	;# 
   330   000F45                     TXB0DLC         equ	3909	;# 
   331   000F46                     TXB0D0          equ	3910	;# 
   332   000F47                     TXB0D1          equ	3911	;# 
   333   000F48                     TXB0D2          equ	3912	;# 
   334   000F49                     TXB0D3          equ	3913	;# 
   335   000F4A                     TXB0D4          equ	3914	;# 
   336   000F4B                     TXB0D5          equ	3915	;# 
   337   000F4C                     TXB0D6          equ	3916	;# 
   338   000F4D                     TXB0D7          equ	3917	;# 
   339   000F4E                     CANSTAT_RO1     equ	3918	;# 
   340   000F4F                     CANCON_RO1      equ	3919	;# 
   341   000F50                     RXB1CON         equ	3920	;# 
   342   000F51                     RXB1SIDH        equ	3921	;# 
   343   000F52                     RXB1SIDL        equ	3922	;# 
   344   000F53                     RXB1EIDH        equ	3923	;# 
   345   000F54                     RXB1EIDL        equ	3924	;# 
   346   000F55                     RXB1DLC         equ	3925	;# 
   347   000F56                     RXB1D0          equ	3926	;# 
   348   000F57                     RXB1D1          equ	3927	;# 
   349   000F58                     RXB1D2          equ	3928	;# 
   350   000F59                     RXB1D3          equ	3929	;# 
   351   000F5A                     RXB1D4          equ	3930	;# 
   352   000F5B                     RXB1D5          equ	3931	;# 
   353   000F5C                     RXB1D6          equ	3932	;# 
   354   000F5D                     RXB1D7          equ	3933	;# 
   355   000F5E                     CANSTAT_RO0     equ	3934	;# 
   356   000F5F                     CANCON_RO0      equ	3935	;# 
   357   000F60                     RXB0CON         equ	3936	;# 
   358   000F61                     RXB0SIDH        equ	3937	;# 
   359   000F62                     RXB0SIDL        equ	3938	;# 
   360   000F63                     RXB0EIDH        equ	3939	;# 
   361   000F64                     RXB0EIDL        equ	3940	;# 
   362   000F65                     RXB0DLC         equ	3941	;# 
   363   000F66                     RXB0D0          equ	3942	;# 
   364   000F67                     RXB0D1          equ	3943	;# 
   365   000F68                     RXB0D2          equ	3944	;# 
   366   000F69                     RXB0D3          equ	3945	;# 
   367   000F6A                     RXB0D4          equ	3946	;# 
   368   000F6B                     RXB0D5          equ	3947	;# 
   369   000F6C                     RXB0D6          equ	3948	;# 
   370   000F6D                     RXB0D7          equ	3949	;# 
   371   000F6E                     CANSTAT         equ	3950	;# 
   372   000F6F                     CANCON          equ	3951	;# 
   373   000F70                     BRGCON1         equ	3952	;# 
   374   000F71                     BRGCON2         equ	3953	;# 
   375   000F72                     BRGCON3         equ	3954	;# 
   376   000F73                     CIOCON          equ	3955	;# 
   377   000F74                     COMSTAT         equ	3956	;# 
   378   000F75                     RXERRCNT        equ	3957	;# 
   379   000F76                     TXERRCNT        equ	3958	;# 
   380   000F77                     ECANCON         equ	3959	;# 
   381   000F80                     PORTA           equ	3968	;# 
   382   000F81                     PORTB           equ	3969	;# 
   383   000F82                     PORTC           equ	3970	;# 
   384   000F83                     PORTD           equ	3971	;# 
   385   000F84                     PORTE           equ	3972	;# 
   386   000F89                     LATA            equ	3977	;# 
   387   000F8A                     LATB            equ	3978	;# 
   388   000F8B                     LATC            equ	3979	;# 
   389   000F8C                     LATD            equ	3980	;# 
   390   000F8D                     LATE            equ	3981	;# 
   391   000F92                     TRISA           equ	3986	;# 
   392   000F92                     DDRA            equ	3986	;# 
   393   000F93                     TRISB           equ	3987	;# 
   394   000F93                     DDRB            equ	3987	;# 
   395   000F94                     TRISC           equ	3988	;# 
   396   000F94                     DDRC            equ	3988	;# 
   397   000F95                     TRISD           equ	3989	;# 
   398   000F95                     DDRD            equ	3989	;# 
   399   000F96                     TRISE           equ	3990	;# 
   400   000F96                     DDRE            equ	3990	;# 
   401   000F9B                     OSCTUNE         equ	3995	;# 
   402   000F9D                     PIE1            equ	3997	;# 
   403   000F9E                     PIR1            equ	3998	;# 
   404   000F9F                     IPR1            equ	3999	;# 
   405   000FA0                     PIE2            equ	4000	;# 
   406   000FA1                     PIR2            equ	4001	;# 
   407   000FA2                     IPR2            equ	4002	;# 
   408   000FA3                     PIE3            equ	4003	;# 
   409   000FA4                     PIR3            equ	4004	;# 
   410   000FA5                     IPR3            equ	4005	;# 
   411   000FA6                     EECON1          equ	4006	;# 
   412   000FA7                     EECON2          equ	4007	;# 
   413   000FA8                     EEDATA          equ	4008	;# 
   414   000FA9                     EEADR           equ	4009	;# 
   415   000FAB                     RCSTA           equ	4011	;# 
   416   000FAB                     RCSTA1          equ	4011	;# 
   417   000FAC                     TXSTA           equ	4012	;# 
   418   000FAC                     TXSTA1          equ	4012	;# 
   419   000FAD                     TXREG           equ	4013	;# 
   420   000FAD                     TXREG1          equ	4013	;# 
   421   000FAE                     RCREG           equ	4014	;# 
   422   000FAE                     RCREG1          equ	4014	;# 
   423   000FAF                     SPBRG           equ	4015	;# 
   424   000FAF                     SPBRG1          equ	4015	;# 
   425   000FB0                     SPBRGH          equ	4016	;# 
   426   000FB1                     T3CON           equ	4017	;# 
   427   000FB2                     TMR3            equ	4018	;# 
   428   000FB2                     TMR3L           equ	4018	;# 
   429   000FB3                     TMR3H           equ	4019	;# 
   430   000FB4                     CMCON           equ	4020	;# 
   431   000FB5                     CVRCON          equ	4021	;# 
   432   000FB6                     ECCP1AS         equ	4022	;# 
   433   000FB7                     ECCP1DEL        equ	4023	;# 
   434   000FB8                     BAUDCON         equ	4024	;# 
   435   000FB8                     BAUDCTL         equ	4024	;# 
   436   000FBA                     ECCP1CON        equ	4026	;# 
   437   000FBB                     ECCPR1          equ	4027	;# 
   438   000FBB                     ECCPR1L         equ	4027	;# 
   439   000FBC                     ECCPR1H         equ	4028	;# 
   440   000FBD                     CCP1CON         equ	4029	;# 
   441   000FBE                     CCPR1           equ	4030	;# 
   442   000FBE                     CCPR1L          equ	4030	;# 
   443   000FBF                     CCPR1H          equ	4031	;# 
   444   000FC0                     ADCON2          equ	4032	;# 
   445   000FC1                     ADCON1          equ	4033	;# 
   446   000FC2                     ADCON0          equ	4034	;# 
   447   000FC3                     ADRES           equ	4035	;# 
   448   000FC3                     ADRESL          equ	4035	;# 
   449   000FC4                     ADRESH          equ	4036	;# 
   450   000FC5                     SSPCON2         equ	4037	;# 
   451   000FC6                     SSPCON1         equ	4038	;# 
   452   000FC7                     SSPSTAT         equ	4039	;# 
   453   000FC8                     SSPADD          equ	4040	;# 
   454   000FC9                     SSPBUF          equ	4041	;# 
   455   000FCA                     T2CON           equ	4042	;# 
   456   000FCB                     PR2             equ	4043	;# 
   457   000FCB                     MEMCON          equ	4043	;# 
   458   000FCC                     TMR2            equ	4044	;# 
   459   000FCD                     T1CON           equ	4045	;# 
   460   000FCE                     TMR1            equ	4046	;# 
   461   000FCE                     TMR1L           equ	4046	;# 
   462   000FCF                     TMR1H           equ	4047	;# 
   463   000FD0                     RCON            equ	4048	;# 
   464   000FD1                     WDTCON          equ	4049	;# 
   465   000FD2                     HLVDCON         equ	4050	;# 
   466   000FD2                     LVDCON          equ	4050	;# 
   467   000FD3                     OSCCON          equ	4051	;# 
   468   000FD5                     T0CON           equ	4053	;# 
   469   000FD6                     TMR0            equ	4054	;# 
   470   000FD6                     TMR0L           equ	4054	;# 
   471   000FD7                     TMR0H           equ	4055	;# 
   472   000FD8                     STATUS          equ	4056	;# 
   473   000FD9                     FSR2            equ	4057	;# 
   474   000FD9                     FSR2L           equ	4057	;# 
   475   000FDA                     FSR2H           equ	4058	;# 
   476   000FDB                     PLUSW2          equ	4059	;# 
   477   000FDC                     PREINC2         equ	4060	;# 
   478   000FDD                     POSTDEC2        equ	4061	;# 
   479   000FDE                     POSTINC2        equ	4062	;# 
   480   000FDF                     INDF2           equ	4063	;# 
   481   000FE0                     BSR             equ	4064	;# 
   482   000FE1                     FSR1            equ	4065	;# 
   483   000FE1                     FSR1L           equ	4065	;# 
   484   000FE2                     FSR1H           equ	4066	;# 
   485   000FE3                     PLUSW1          equ	4067	;# 
   486   000FE4                     PREINC1         equ	4068	;# 
   487   000FE5                     POSTDEC1        equ	4069	;# 
   488   000FE6                     POSTINC1        equ	4070	;# 
   489   000FE7                     INDF1           equ	4071	;# 
   490   000FE8                     WREG            equ	4072	;# 
   491   000FE9                     FSR0            equ	4073	;# 
   492   000FE9                     FSR0L           equ	4073	;# 
   493   000FEA                     FSR0H           equ	4074	;# 
   494   000FEB                     PLUSW0          equ	4075	;# 
   495   000FEC                     PREINC0         equ	4076	;# 
   496   000FED                     POSTDEC0        equ	4077	;# 
   497   000FEE                     POSTINC0        equ	4078	;# 
   498   000FEF                     INDF0           equ	4079	;# 
   499   000FF0                     INTCON3         equ	4080	;# 
   500   000FF1                     INTCON2         equ	4081	;# 
   501   000FF2                     INTCON          equ	4082	;# 
   502   000FF3                     PROD            equ	4083	;# 
   503   000FF3                     PRODL           equ	4083	;# 
   504   000FF4                     PRODH           equ	4084	;# 
   505   000FF5                     TABLAT          equ	4085	;# 
   506   000FF6                     TBLPTR          equ	4086	;# 
   507   000FF6                     TBLPTRL         equ	4086	;# 
   508   000FF7                     TBLPTRH         equ	4087	;# 
   509   000FF8                     TBLPTRU         equ	4088	;# 
   510   000FF9                     PCLAT           equ	4089	;# 
   511   000FF9                     PC              equ	4089	;# 
   512   000FF9                     PCL             equ	4089	;# 
   513   000FFA                     PCLATH          equ	4090	;# 
   514   000FFB                     PCLATU          equ	4091	;# 
   515   000FFC                     STKPTR          equ	4092	;# 
   516   000FFD                     TOS             equ	4093	;# 
   517   000FFD                     TOSL            equ	4093	;# 
   518   000FFE                     TOSH            equ	4094	;# 
   519   000FFF                     TOSU            equ	4095	;# 
   520   000D60                     RXF6SIDH        equ	3424	;# 
   521   000D61                     RXF6SIDL        equ	3425	;# 
   522   000D62                     RXF6EIDH        equ	3426	;# 
   523   000D63                     RXF6EIDL        equ	3427	;# 
   524   000D64                     RXF7SIDH        equ	3428	;# 
   525   000D65                     RXF7SIDL        equ	3429	;# 
   526   000D66                     RXF7EIDH        equ	3430	;# 
   527   000D67                     RXF7EIDL        equ	3431	;# 
   528   000D68                     RXF8SIDH        equ	3432	;# 
   529   000D69                     RXF8SIDL        equ	3433	;# 
   530   000D6A                     RXF8EIDH        equ	3434	;# 
   531   000D6B                     RXF8EIDL        equ	3435	;# 
   532   000D70                     RXF9SIDH        equ	3440	;# 
   533   000D71                     RXF9SIDL        equ	3441	;# 
   534   000D72                     RXF9EIDH        equ	3442	;# 
   535   000D73                     RXF9EIDL        equ	3443	;# 
   536   000D74                     RXF10SIDH       equ	3444	;# 
   537   000D75                     RXF10SIDL       equ	3445	;# 
   538   000D76                     RXF10EIDH       equ	3446	;# 
   539   000D77                     RXF10EIDL       equ	3447	;# 
   540   000D78                     RXF11SIDH       equ	3448	;# 
   541   000D79                     RXF11SIDL       equ	3449	;# 
   542   000D7A                     RXF11EIDH       equ	3450	;# 
   543   000D7B                     RXF11EIDL       equ	3451	;# 
   544   000D80                     RXF12SIDH       equ	3456	;# 
   545   000D81                     RXF12SIDL       equ	3457	;# 
   546   000D82                     RXF12EIDH       equ	3458	;# 
   547   000D83                     RXF12EIDL       equ	3459	;# 
   548   000D84                     RXF13SIDH       equ	3460	;# 
   549   000D85                     RXF13SIDL       equ	3461	;# 
   550   000D86                     RXF13EIDH       equ	3462	;# 
   551   000D87                     RXF13EIDL       equ	3463	;# 
   552   000D88                     RXF14SIDH       equ	3464	;# 
   553   000D89                     RXF14SIDL       equ	3465	;# 
   554   000D8A                     RXF14EIDH       equ	3466	;# 
   555   000D8B                     RXF14EIDL       equ	3467	;# 
   556   000D90                     RXF15SIDH       equ	3472	;# 
   557   000D91                     RXF15SIDL       equ	3473	;# 
   558   000D92                     RXF15EIDH       equ	3474	;# 
   559   000D93                     RXF15EIDL       equ	3475	;# 
   560   000DD4                     RXFCON0         equ	3540	;# 
   561   000DD5                     RXFCON1         equ	3541	;# 
   562   000DD8                     SDFLC           equ	3544	;# 
   563   000DE0                     RXFBCON0        equ	3552	;# 
   564   000DE1                     RXFBCON1        equ	3553	;# 
   565   000DE2                     RXFBCON2        equ	3554	;# 
   566   000DE3                     RXFBCON3        equ	3555	;# 
   567   000DE4                     RXFBCON4        equ	3556	;# 
   568   000DE5                     RXFBCON5        equ	3557	;# 
   569   000DE6                     RXFBCON6        equ	3558	;# 
   570   000DE7                     RXFBCON7        equ	3559	;# 
   571   000DF0                     MSEL0           equ	3568	;# 
   572   000DF1                     MSEL1           equ	3569	;# 
   573   000DF2                     MSEL2           equ	3570	;# 
   574   000DF3                     MSEL3           equ	3571	;# 
   575   000DF8                     BSEL0           equ	3576	;# 
   576   000DFA                     BIE0            equ	3578	;# 
   577   000DFC                     TXBIE           equ	3580	;# 
   578   000E20                     B0CON           equ	3616	;# 
   579   000E21                     B0SIDH          equ	3617	;# 
   580   000E22                     B0SIDL          equ	3618	;# 
   581   000E23                     B0EIDH          equ	3619	;# 
   582   000E24                     B0EIDL          equ	3620	;# 
   583   000E25                     B0DLC           equ	3621	;# 
   584   000E26                     B0D0            equ	3622	;# 
   585   000E27                     B0D1            equ	3623	;# 
   586   000E28                     B0D2            equ	3624	;# 
   587   000E29                     B0D3            equ	3625	;# 
   588   000E2A                     B0D4            equ	3626	;# 
   589   000E2B                     B0D5            equ	3627	;# 
   590   000E2C                     B0D6            equ	3628	;# 
   591   000E2D                     B0D7            equ	3629	;# 
   592   000E2E                     CANSTAT_RO9     equ	3630	;# 
   593   000E2F                     CANCON_RO9      equ	3631	;# 
   594   000E30                     B1CON           equ	3632	;# 
   595   000E31                     B1SIDH          equ	3633	;# 
   596   000E32                     B1SIDL          equ	3634	;# 
   597   000E33                     B1EIDH          equ	3635	;# 
   598   000E34                     B1EIDL          equ	3636	;# 
   599   000E35                     B1DLC           equ	3637	;# 
   600   000E36                     B1D0            equ	3638	;# 
   601   000E37                     B1D1            equ	3639	;# 
   602   000E38                     B1D2            equ	3640	;# 
   603   000E39                     B1D3            equ	3641	;# 
   604   000E3A                     B1D4            equ	3642	;# 
   605   000E3B                     B1D5            equ	3643	;# 
   606   000E3C                     B1D6            equ	3644	;# 
   607   000E3D                     B1D7            equ	3645	;# 
   608   000E3E                     CANSTAT_RO8     equ	3646	;# 
   609   000E3F                     CANCON_RO8      equ	3647	;# 
   610   000E40                     B2CON           equ	3648	;# 
   611   000E41                     B2SIDH          equ	3649	;# 
   612   000E42                     B2SIDL          equ	3650	;# 
   613   000E43                     B2EIDH          equ	3651	;# 
   614   000E44                     B2EIDL          equ	3652	;# 
   615   000E45                     B2DLC           equ	3653	;# 
   616   000E46                     B2D0            equ	3654	;# 
   617   000E47                     B2D1            equ	3655	;# 
   618   000E48                     B2D2            equ	3656	;# 
   619   000E49                     B2D3            equ	3657	;# 
   620   000E4A                     B2D4            equ	3658	;# 
   621   000E4B                     B2D5            equ	3659	;# 
   622   000E4C                     B2D6            equ	3660	;# 
   623   000E4D                     B2D7            equ	3661	;# 
   624   000E4E                     CANSTAT_RO7     equ	3662	;# 
   625   000E4F                     CANCON_RO7      equ	3663	;# 
   626   000E50                     B3CON           equ	3664	;# 
   627   000E51                     B3SIDH          equ	3665	;# 
   628   000E52                     B3SIDL          equ	3666	;# 
   629   000E53                     B3EIDH          equ	3667	;# 
   630   000E54                     B3EIDL          equ	3668	;# 
   631   000E55                     B3DLC           equ	3669	;# 
   632   000E56                     B3D0            equ	3670	;# 
   633   000E57                     B3D1            equ	3671	;# 
   634   000E58                     B3D2            equ	3672	;# 
   635   000E59                     B3D3            equ	3673	;# 
   636   000E5A                     B3D4            equ	3674	;# 
   637   000E5B                     B3D5            equ	3675	;# 
   638   000E5C                     B3D6            equ	3676	;# 
   639   000E5D                     B3D7            equ	3677	;# 
   640   000E5E                     CANSTAT_RO6     equ	3678	;# 
   641   000E5F                     CANCON_RO6      equ	3679	;# 
   642   000E60                     B4CON           equ	3680	;# 
   643   000E61                     B4SIDH          equ	3681	;# 
   644   000E62                     B4SIDL          equ	3682	;# 
   645   000E63                     B4EIDH          equ	3683	;# 
   646   000E64                     B4EIDL          equ	3684	;# 
   647   000E65                     B4DLC           equ	3685	;# 
   648   000E66                     B4D0            equ	3686	;# 
   649   000E67                     B4D1            equ	3687	;# 
   650   000E68                     B4D2            equ	3688	;# 
   651   000E69                     B4D3            equ	3689	;# 
   652   000E6A                     B4D4            equ	3690	;# 
   653   000E6B                     B4D5            equ	3691	;# 
   654   000E6C                     B4D6            equ	3692	;# 
   655   000E6D                     B4D7            equ	3693	;# 
   656   000E6E                     CANSTAT_RO5     equ	3694	;# 
   657   000E6F                     CANCON_RO5      equ	3695	;# 
   658   000E70                     B5CON           equ	3696	;# 
   659   000E71                     B5SIDH          equ	3697	;# 
   660   000E72                     B5SIDL          equ	3698	;# 
   661   000E73                     B5EIDH          equ	3699	;# 
   662   000E74                     B5EIDL          equ	3700	;# 
   663   000E75                     B5DLC           equ	3701	;# 
   664   000E76                     B5D0            equ	3702	;# 
   665   000E77                     B5D1            equ	3703	;# 
   666   000E78                     B5D2            equ	3704	;# 
   667   000E79                     B5D3            equ	3705	;# 
   668   000E7A                     B5D4            equ	3706	;# 
   669   000E7B                     B5D5            equ	3707	;# 
   670   000E7C                     B5D6            equ	3708	;# 
   671   000E7D                     B5D7            equ	3709	;# 
   672   000E7E                     CANSTAT_RO4     equ	3710	;# 
   673   000E7F                     CANCON_RO4      equ	3711	;# 
   674   000F00                     RXF0SIDH        equ	3840	;# 
   675   000F01                     RXF0SIDL        equ	3841	;# 
   676   000F02                     RXF0EIDH        equ	3842	;# 
   677   000F03                     RXF0EIDL        equ	3843	;# 
   678   000F04                     RXF1SIDH        equ	3844	;# 
   679   000F05                     RXF1SIDL        equ	3845	;# 
   680   000F06                     RXF1EIDH        equ	3846	;# 
   681   000F07                     RXF1EIDL        equ	3847	;# 
   682   000F08                     RXF2SIDH        equ	3848	;# 
   683   000F09                     RXF2SIDL        equ	3849	;# 
   684   000F0A                     RXF2EIDH        equ	3850	;# 
   685   000F0B                     RXF2EIDL        equ	3851	;# 
   686   000F0C                     RXF3SIDH        equ	3852	;# 
   687   000F0D                     RXF3SIDL        equ	3853	;# 
   688   000F0E                     RXF3EIDH        equ	3854	;# 
   689   000F0F                     RXF3EIDL        equ	3855	;# 
   690   000F10                     RXF4SIDH        equ	3856	;# 
   691   000F11                     RXF4SIDL        equ	3857	;# 
   692   000F12                     RXF4EIDH        equ	3858	;# 
   693   000F13                     RXF4EIDL        equ	3859	;# 
   694   000F14                     RXF5SIDH        equ	3860	;# 
   695   000F15                     RXF5SIDL        equ	3861	;# 
   696   000F16                     RXF5EIDH        equ	3862	;# 
   697   000F17                     RXF5EIDL        equ	3863	;# 
   698   000F18                     RXM0SIDH        equ	3864	;# 
   699   000F19                     RXM0SIDL        equ	3865	;# 
   700   000F1A                     RXM0EIDH        equ	3866	;# 
   701   000F1B                     RXM0EIDL        equ	3867	;# 
   702   000F1C                     RXM1SIDH        equ	3868	;# 
   703   000F1D                     RXM1SIDL        equ	3869	;# 
   704   000F1E                     RXM1EIDH        equ	3870	;# 
   705   000F1F                     RXM1EIDL        equ	3871	;# 
   706   000F20                     TXB2CON         equ	3872	;# 
   707   000F21                     TXB2SIDH        equ	3873	;# 
   708   000F22                     TXB2SIDL        equ	3874	;# 
   709   000F23                     TXB2EIDH        equ	3875	;# 
   710   000F24                     TXB2EIDL        equ	3876	;# 
   711   000F25                     TXB2DLC         equ	3877	;# 
   712   000F26                     TXB2D0          equ	3878	;# 
   713   000F27                     TXB2D1          equ	3879	;# 
   714   000F28                     TXB2D2          equ	3880	;# 
   715   000F29                     TXB2D3          equ	3881	;# 
   716   000F2A                     TXB2D4          equ	3882	;# 
   717   000F2B                     TXB2D5          equ	3883	;# 
   718   000F2C                     TXB2D6          equ	3884	;# 
   719   000F2D                     TXB2D7          equ	3885	;# 
   720   000F2E                     CANSTAT_RO3     equ	3886	;# 
   721   000F2F                     CANCON_RO3      equ	3887	;# 
   722   000F30                     TXB1CON         equ	3888	;# 
   723   000F31                     TXB1SIDH        equ	3889	;# 
   724   000F32                     TXB1SIDL        equ	3890	;# 
   725   000F33                     TXB1EIDH        equ	3891	;# 
   726   000F34                     TXB1EIDL        equ	3892	;# 
   727   000F35                     TXB1DLC         equ	3893	;# 
   728   000F36                     TXB1D0          equ	3894	;# 
   729   000F37                     TXB1D1          equ	3895	;# 
   730   000F38                     TXB1D2          equ	3896	;# 
   731   000F39                     TXB1D3          equ	3897	;# 
   732   000F3A                     TXB1D4          equ	3898	;# 
   733   000F3B                     TXB1D5          equ	3899	;# 
   734   000F3C                     TXB1D6          equ	3900	;# 
   735   000F3D                     TXB1D7          equ	3901	;# 
   736   000F3E                     CANSTAT_RO2     equ	3902	;# 
   737   000F3F                     CANCON_RO2      equ	3903	;# 
   738   000F40                     TXB0CON         equ	3904	;# 
   739   000F41                     TXB0SIDH        equ	3905	;# 
   740   000F42                     TXB0SIDL        equ	3906	;# 
   741   000F43                     TXB0EIDH        equ	3907	;# 
   742   000F44                     TXB0EIDL        equ	3908	;# 
   743   000F45                     TXB0DLC         equ	3909	;# 
   744   000F46                     TXB0D0          equ	3910	;# 
   745   000F47                     TXB0D1          equ	3911	;# 
   746   000F48                     TXB0D2          equ	3912	;# 
   747   000F49                     TXB0D3          equ	3913	;# 
   748   000F4A                     TXB0D4          equ	3914	;# 
   749   000F4B                     TXB0D5          equ	3915	;# 
   750   000F4C                     TXB0D6          equ	3916	;# 
   751   000F4D                     TXB0D7          equ	3917	;# 
   752   000F4E                     CANSTAT_RO1     equ	3918	;# 
   753   000F4F                     CANCON_RO1      equ	3919	;# 
   754   000F50                     RXB1CON         equ	3920	;# 
   755   000F51                     RXB1SIDH        equ	3921	;# 
   756   000F52                     RXB1SIDL        equ	3922	;# 
   757   000F53                     RXB1EIDH        equ	3923	;# 
   758   000F54                     RXB1EIDL        equ	3924	;# 
   759   000F55                     RXB1DLC         equ	3925	;# 
   760   000F56                     RXB1D0          equ	3926	;# 
   761   000F57                     RXB1D1          equ	3927	;# 
   762   000F58                     RXB1D2          equ	3928	;# 
   763   000F59                     RXB1D3          equ	3929	;# 
   764   000F5A                     RXB1D4          equ	3930	;# 
   765   000F5B                     RXB1D5          equ	3931	;# 
   766   000F5C                     RXB1D6          equ	3932	;# 
   767   000F5D                     RXB1D7          equ	3933	;# 
   768   000F5E                     CANSTAT_RO0     equ	3934	;# 
   769   000F5F                     CANCON_RO0      equ	3935	;# 
   770   000F60                     RXB0CON         equ	3936	;# 
   771   000F61                     RXB0SIDH        equ	3937	;# 
   772   000F62                     RXB0SIDL        equ	3938	;# 
   773   000F63                     RXB0EIDH        equ	3939	;# 
   774   000F64                     RXB0EIDL        equ	3940	;# 
   775   000F65                     RXB0DLC         equ	3941	;# 
   776   000F66                     RXB0D0          equ	3942	;# 
   777   000F67                     RXB0D1          equ	3943	;# 
   778   000F68                     RXB0D2          equ	3944	;# 
   779   000F69                     RXB0D3          equ	3945	;# 
   780   000F6A                     RXB0D4          equ	3946	;# 
   781   000F6B                     RXB0D5          equ	3947	;# 
   782   000F6C                     RXB0D6          equ	3948	;# 
   783   000F6D                     RXB0D7          equ	3949	;# 
   784   000F6E                     CANSTAT         equ	3950	;# 
   785   000F6F                     CANCON          equ	3951	;# 
   786   000F70                     BRGCON1         equ	3952	;# 
   787   000F71                     BRGCON2         equ	3953	;# 
   788   000F72                     BRGCON3         equ	3954	;# 
   789   000F73                     CIOCON          equ	3955	;# 
   790   000F74                     COMSTAT         equ	3956	;# 
   791   000F75                     RXERRCNT        equ	3957	;# 
   792   000F76                     TXERRCNT        equ	3958	;# 
   793   000F77                     ECANCON         equ	3959	;# 
   794   000F80                     PORTA           equ	3968	;# 
   795   000F81                     PORTB           equ	3969	;# 
   796   000F82                     PORTC           equ	3970	;# 
   797   000F83                     PORTD           equ	3971	;# 
   798   000F84                     PORTE           equ	3972	;# 
   799   000F89                     LATA            equ	3977	;# 
   800   000F8A                     LATB            equ	3978	;# 
   801   000F8B                     LATC            equ	3979	;# 
   802   000F8C                     LATD            equ	3980	;# 
   803   000F8D                     LATE            equ	3981	;# 
   804   000F92                     TRISA           equ	3986	;# 
   805   000F92                     DDRA            equ	3986	;# 
   806   000F93                     TRISB           equ	3987	;# 
   807   000F93                     DDRB            equ	3987	;# 
   808   000F94                     TRISC           equ	3988	;# 
   809   000F94                     DDRC            equ	3988	;# 
   810   000F95                     TRISD           equ	3989	;# 
   811   000F95                     DDRD            equ	3989	;# 
   812   000F96                     TRISE           equ	3990	;# 
   813   000F96                     DDRE            equ	3990	;# 
   814   000F9B                     OSCTUNE         equ	3995	;# 
   815   000F9D                     PIE1            equ	3997	;# 
   816   000F9E                     PIR1            equ	3998	;# 
   817   000F9F                     IPR1            equ	3999	;# 
   818   000FA0                     PIE2            equ	4000	;# 
   819   000FA1                     PIR2            equ	4001	;# 
   820   000FA2                     IPR2            equ	4002	;# 
   821   000FA3                     PIE3            equ	4003	;# 
   822   000FA4                     PIR3            equ	4004	;# 
   823   000FA5                     IPR3            equ	4005	;# 
   824   000FA6                     EECON1          equ	4006	;# 
   825   000FA7                     EECON2          equ	4007	;# 
   826   000FA8                     EEDATA          equ	4008	;# 
   827   000FA9                     EEADR           equ	4009	;# 
   828   000FAB                     RCSTA           equ	4011	;# 
   829   000FAB                     RCSTA1          equ	4011	;# 
   830   000FAC                     TXSTA           equ	4012	;# 
   831   000FAC                     TXSTA1          equ	4012	;# 
   832   000FAD                     TXREG           equ	4013	;# 
   833   000FAD                     TXREG1          equ	4013	;# 
   834   000FAE                     RCREG           equ	4014	;# 
   835   000FAE                     RCREG1          equ	4014	;# 
   836   000FAF                     SPBRG           equ	4015	;# 
   837   000FAF                     SPBRG1          equ	4015	;# 
   838   000FB0                     SPBRGH          equ	4016	;# 
   839   000FB1                     T3CON           equ	4017	;# 
   840   000FB2                     TMR3            equ	4018	;# 
   841   000FB2                     TMR3L           equ	4018	;# 
   842   000FB3                     TMR3H           equ	4019	;# 
   843   000FB4                     CMCON           equ	4020	;# 
   844   000FB5                     CVRCON          equ	4021	;# 
   845   000FB6                     ECCP1AS         equ	4022	;# 
   846   000FB7                     ECCP1DEL        equ	4023	;# 
   847   000FB8                     BAUDCON         equ	4024	;# 
   848   000FB8                     BAUDCTL         equ	4024	;# 
   849   000FBA                     ECCP1CON        equ	4026	;# 
   850   000FBB                     ECCPR1          equ	4027	;# 
   851   000FBB                     ECCPR1L         equ	4027	;# 
   852   000FBC                     ECCPR1H         equ	4028	;# 
   853   000FBD                     CCP1CON         equ	4029	;# 
   854   000FBE                     CCPR1           equ	4030	;# 
   855   000FBE                     CCPR1L          equ	4030	;# 
   856   000FBF                     CCPR1H          equ	4031	;# 
   857   000FC0                     ADCON2          equ	4032	;# 
   858   000FC1                     ADCON1          equ	4033	;# 
   859   000FC2                     ADCON0          equ	4034	;# 
   860   000FC3                     ADRES           equ	4035	;# 
   861   000FC3                     ADRESL          equ	4035	;# 
   862   000FC4                     ADRESH          equ	4036	;# 
   863   000FC5                     SSPCON2         equ	4037	;# 
   864   000FC6                     SSPCON1         equ	4038	;# 
   865   000FC7                     SSPSTAT         equ	4039	;# 
   866   000FC8                     SSPADD          equ	4040	;# 
   867   000FC9                     SSPBUF          equ	4041	;# 
   868   000FCA                     T2CON           equ	4042	;# 
   869   000FCB                     PR2             equ	4043	;# 
   870   000FCB                     MEMCON          equ	4043	;# 
   871   000FCC                     TMR2            equ	4044	;# 
   872   000FCD                     T1CON           equ	4045	;# 
   873   000FCE                     TMR1            equ	4046	;# 
   874   000FCE                     TMR1L           equ	4046	;# 
   875   000FCF                     TMR1H           equ	4047	;# 
   876   000FD0                     RCON            equ	4048	;# 
   877   000FD1                     WDTCON          equ	4049	;# 
   878   000FD2                     HLVDCON         equ	4050	;# 
   879   000FD2                     LVDCON          equ	4050	;# 
   880   000FD3                     OSCCON          equ	4051	;# 
   881   000FD5                     T0CON           equ	4053	;# 
   882   000FD6                     TMR0            equ	4054	;# 
   883   000FD6                     TMR0L           equ	4054	;# 
   884   000FD7                     TMR0H           equ	4055	;# 
   885   000FD8                     STATUS          equ	4056	;# 
   886   000FD9                     FSR2            equ	4057	;# 
   887   000FD9                     FSR2L           equ	4057	;# 
   888   000FDA                     FSR2H           equ	4058	;# 
   889   000FDB                     PLUSW2          equ	4059	;# 
   890   000FDC                     PREINC2         equ	4060	;# 
   891   000FDD                     POSTDEC2        equ	4061	;# 
   892   000FDE                     POSTINC2        equ	4062	;# 
   893   000FDF                     INDF2           equ	4063	;# 
   894   000FE0                     BSR             equ	4064	;# 
   895   000FE1                     FSR1            equ	4065	;# 
   896   000FE1                     FSR1L           equ	4065	;# 
   897   000FE2                     FSR1H           equ	4066	;# 
   898   000FE3                     PLUSW1          equ	4067	;# 
   899   000FE4                     PREINC1         equ	4068	;# 
   900   000FE5                     POSTDEC1        equ	4069	;# 
   901   000FE6                     POSTINC1        equ	4070	;# 
   902   000FE7                     INDF1           equ	4071	;# 
   903   000FE8                     WREG            equ	4072	;# 
   904   000FE9                     FSR0            equ	4073	;# 
   905   000FE9                     FSR0L           equ	4073	;# 
   906   000FEA                     FSR0H           equ	4074	;# 
   907   000FEB                     PLUSW0          equ	4075	;# 
   908   000FEC                     PREINC0         equ	4076	;# 
   909   000FED                     POSTDEC0        equ	4077	;# 
   910   000FEE                     POSTINC0        equ	4078	;# 
   911   000FEF                     INDF0           equ	4079	;# 
   912   000FF0                     INTCON3         equ	4080	;# 
   913   000FF1                     INTCON2         equ	4081	;# 
   914   000FF2                     INTCON          equ	4082	;# 
   915   000FF3                     PROD            equ	4083	;# 
   916   000FF3                     PRODL           equ	4083	;# 
   917   000FF4                     PRODH           equ	4084	;# 
   918   000FF5                     TABLAT          equ	4085	;# 
   919   000FF6                     TBLPTR          equ	4086	;# 
   920   000FF6                     TBLPTRL         equ	4086	;# 
   921   000FF7                     TBLPTRH         equ	4087	;# 
   922   000FF8                     TBLPTRU         equ	4088	;# 
   923   000FF9                     PCLAT           equ	4089	;# 
   924   000FF9                     PC              equ	4089	;# 
   925   000FF9                     PCL             equ	4089	;# 
   926   000FFA                     PCLATH          equ	4090	;# 
   927   000FFB                     PCLATU          equ	4091	;# 
   928   000FFC                     STKPTR          equ	4092	;# 
   929   000FFD                     TOS             equ	4093	;# 
   930   000FFD                     TOSL            equ	4093	;# 
   931   000FFE                     TOSH            equ	4094	;# 
   932   000FFF                     TOSU            equ	4095	;# 
   933   000D60                     RXF6SIDH        equ	3424	;# 
   934   000D61                     RXF6SIDL        equ	3425	;# 
   935   000D62                     RXF6EIDH        equ	3426	;# 
   936   000D63                     RXF6EIDL        equ	3427	;# 
   937   000D64                     RXF7SIDH        equ	3428	;# 
   938   000D65                     RXF7SIDL        equ	3429	;# 
   939   000D66                     RXF7EIDH        equ	3430	;# 
   940   000D67                     RXF7EIDL        equ	3431	;# 
   941   000D68                     RXF8SIDH        equ	3432	;# 
   942   000D69                     RXF8SIDL        equ	3433	;# 
   943   000D6A                     RXF8EIDH        equ	3434	;# 
   944   000D6B                     RXF8EIDL        equ	3435	;# 
   945   000D70                     RXF9SIDH        equ	3440	;# 
   946   000D71                     RXF9SIDL        equ	3441	;# 
   947   000D72                     RXF9EIDH        equ	3442	;# 
   948   000D73                     RXF9EIDL        equ	3443	;# 
   949   000D74                     RXF10SIDH       equ	3444	;# 
   950   000D75                     RXF10SIDL       equ	3445	;# 
   951   000D76                     RXF10EIDH       equ	3446	;# 
   952   000D77                     RXF10EIDL       equ	3447	;# 
   953   000D78                     RXF11SIDH       equ	3448	;# 
   954   000D79                     RXF11SIDL       equ	3449	;# 
   955   000D7A                     RXF11EIDH       equ	3450	;# 
   956   000D7B                     RXF11EIDL       equ	3451	;# 
   957   000D80                     RXF12SIDH       equ	3456	;# 
   958   000D81                     RXF12SIDL       equ	3457	;# 
   959   000D82                     RXF12EIDH       equ	3458	;# 
   960   000D83                     RXF12EIDL       equ	3459	;# 
   961   000D84                     RXF13SIDH       equ	3460	;# 
   962   000D85                     RXF13SIDL       equ	3461	;# 
   963   000D86                     RXF13EIDH       equ	3462	;# 
   964   000D87                     RXF13EIDL       equ	3463	;# 
   965   000D88                     RXF14SIDH       equ	3464	;# 
   966   000D89                     RXF14SIDL       equ	3465	;# 
   967   000D8A                     RXF14EIDH       equ	3466	;# 
   968   000D8B                     RXF14EIDL       equ	3467	;# 
   969   000D90                     RXF15SIDH       equ	3472	;# 
   970   000D91                     RXF15SIDL       equ	3473	;# 
   971   000D92                     RXF15EIDH       equ	3474	;# 
   972   000D93                     RXF15EIDL       equ	3475	;# 
   973   000DD4                     RXFCON0         equ	3540	;# 
   974   000DD5                     RXFCON1         equ	3541	;# 
   975   000DD8                     SDFLC           equ	3544	;# 
   976   000DE0                     RXFBCON0        equ	3552	;# 
   977   000DE1                     RXFBCON1        equ	3553	;# 
   978   000DE2                     RXFBCON2        equ	3554	;# 
   979   000DE3                     RXFBCON3        equ	3555	;# 
   980   000DE4                     RXFBCON4        equ	3556	;# 
   981   000DE5                     RXFBCON5        equ	3557	;# 
   982   000DE6                     RXFBCON6        equ	3558	;# 
   983   000DE7                     RXFBCON7        equ	3559	;# 
   984   000DF0                     MSEL0           equ	3568	;# 
   985   000DF1                     MSEL1           equ	3569	;# 
   986   000DF2                     MSEL2           equ	3570	;# 
   987   000DF3                     MSEL3           equ	3571	;# 
   988   000DF8                     BSEL0           equ	3576	;# 
   989   000DFA                     BIE0            equ	3578	;# 
   990   000DFC                     TXBIE           equ	3580	;# 
   991   000E20                     B0CON           equ	3616	;# 
   992   000E21                     B0SIDH          equ	3617	;# 
   993   000E22                     B0SIDL          equ	3618	;# 
   994   000E23                     B0EIDH          equ	3619	;# 
   995   000E24                     B0EIDL          equ	3620	;# 
   996   000E25                     B0DLC           equ	3621	;# 
   997   000E26                     B0D0            equ	3622	;# 
   998   000E27                     B0D1            equ	3623	;# 
   999   000E28                     B0D2            equ	3624	;# 
  1000   000E29                     B0D3            equ	3625	;# 
  1001   000E2A                     B0D4            equ	3626	;# 
  1002   000E2B                     B0D5            equ	3627	;# 
  1003   000E2C                     B0D6            equ	3628	;# 
  1004   000E2D                     B0D7            equ	3629	;# 
  1005   000E2E                     CANSTAT_RO9     equ	3630	;# 
  1006   000E2F                     CANCON_RO9      equ	3631	;# 
  1007   000E30                     B1CON           equ	3632	;# 
  1008   000E31                     B1SIDH          equ	3633	;# 
  1009   000E32                     B1SIDL          equ	3634	;# 
  1010   000E33                     B1EIDH          equ	3635	;# 
  1011   000E34                     B1EIDL          equ	3636	;# 
  1012   000E35                     B1DLC           equ	3637	;# 
  1013   000E36                     B1D0            equ	3638	;# 
  1014   000E37                     B1D1            equ	3639	;# 
  1015   000E38                     B1D2            equ	3640	;# 
  1016   000E39                     B1D3            equ	3641	;# 
  1017   000E3A                     B1D4            equ	3642	;# 
  1018   000E3B                     B1D5            equ	3643	;# 
  1019   000E3C                     B1D6            equ	3644	;# 
  1020   000E3D                     B1D7            equ	3645	;# 
  1021   000E3E                     CANSTAT_RO8     equ	3646	;# 
  1022   000E3F                     CANCON_RO8      equ	3647	;# 
  1023   000E40                     B2CON           equ	3648	;# 
  1024   000E41                     B2SIDH          equ	3649	;# 
  1025   000E42                     B2SIDL          equ	3650	;# 
  1026   000E43                     B2EIDH          equ	3651	;# 
  1027   000E44                     B2EIDL          equ	3652	;# 
  1028   000E45                     B2DLC           equ	3653	;# 
  1029   000E46                     B2D0            equ	3654	;# 
  1030   000E47                     B2D1            equ	3655	;# 
  1031   000E48                     B2D2            equ	3656	;# 
  1032   000E49                     B2D3            equ	3657	;# 
  1033   000E4A                     B2D4            equ	3658	;# 
  1034   000E4B                     B2D5            equ	3659	;# 
  1035   000E4C                     B2D6            equ	3660	;# 
  1036   000E4D                     B2D7            equ	3661	;# 
  1037   000E4E                     CANSTAT_RO7     equ	3662	;# 
  1038   000E4F                     CANCON_RO7      equ	3663	;# 
  1039   000E50                     B3CON           equ	3664	;# 
  1040   000E51                     B3SIDH          equ	3665	;# 
  1041   000E52                     B3SIDL          equ	3666	;# 
  1042   000E53                     B3EIDH          equ	3667	;# 
  1043   000E54                     B3EIDL          equ	3668	;# 
  1044   000E55                     B3DLC           equ	3669	;# 
  1045   000E56                     B3D0            equ	3670	;# 
  1046   000E57                     B3D1            equ	3671	;# 
  1047   000E58                     B3D2            equ	3672	;# 
  1048   000E59                     B3D3            equ	3673	;# 
  1049   000E5A                     B3D4            equ	3674	;# 
  1050   000E5B                     B3D5            equ	3675	;# 
  1051   000E5C                     B3D6            equ	3676	;# 
  1052   000E5D                     B3D7            equ	3677	;# 
  1053   000E5E                     CANSTAT_RO6     equ	3678	;# 
  1054   000E5F                     CANCON_RO6      equ	3679	;# 
  1055   000E60                     B4CON           equ	3680	;# 
  1056   000E61                     B4SIDH          equ	3681	;# 
  1057   000E62                     B4SIDL          equ	3682	;# 
  1058   000E63                     B4EIDH          equ	3683	;# 
  1059   000E64                     B4EIDL          equ	3684	;# 
  1060   000E65                     B4DLC           equ	3685	;# 
  1061   000E66                     B4D0            equ	3686	;# 
  1062   000E67                     B4D1            equ	3687	;# 
  1063   000E68                     B4D2            equ	3688	;# 
  1064   000E69                     B4D3            equ	3689	;# 
  1065   000E6A                     B4D4            equ	3690	;# 
  1066   000E6B                     B4D5            equ	3691	;# 
  1067   000E6C                     B4D6            equ	3692	;# 
  1068   000E6D                     B4D7            equ	3693	;# 
  1069   000E6E                     CANSTAT_RO5     equ	3694	;# 
  1070   000E6F                     CANCON_RO5      equ	3695	;# 
  1071   000E70                     B5CON           equ	3696	;# 
  1072   000E71                     B5SIDH          equ	3697	;# 
  1073   000E72                     B5SIDL          equ	3698	;# 
  1074   000E73                     B5EIDH          equ	3699	;# 
  1075   000E74                     B5EIDL          equ	3700	;# 
  1076   000E75                     B5DLC           equ	3701	;# 
  1077   000E76                     B5D0            equ	3702	;# 
  1078   000E77                     B5D1            equ	3703	;# 
  1079   000E78                     B5D2            equ	3704	;# 
  1080   000E79                     B5D3            equ	3705	;# 
  1081   000E7A                     B5D4            equ	3706	;# 
  1082   000E7B                     B5D5            equ	3707	;# 
  1083   000E7C                     B5D6            equ	3708	;# 
  1084   000E7D                     B5D7            equ	3709	;# 
  1085   000E7E                     CANSTAT_RO4     equ	3710	;# 
  1086   000E7F                     CANCON_RO4      equ	3711	;# 
  1087   000F00                     RXF0SIDH        equ	3840	;# 
  1088   000F01                     RXF0SIDL        equ	3841	;# 
  1089   000F02                     RXF0EIDH        equ	3842	;# 
  1090   000F03                     RXF0EIDL        equ	3843	;# 
  1091   000F04                     RXF1SIDH        equ	3844	;# 
  1092   000F05                     RXF1SIDL        equ	3845	;# 
  1093   000F06                     RXF1EIDH        equ	3846	;# 
  1094   000F07                     RXF1EIDL        equ	3847	;# 
  1095   000F08                     RXF2SIDH        equ	3848	;# 
  1096   000F09                     RXF2SIDL        equ	3849	;# 
  1097   000F0A                     RXF2EIDH        equ	3850	;# 
  1098   000F0B                     RXF2EIDL        equ	3851	;# 
  1099   000F0C                     RXF3SIDH        equ	3852	;# 
  1100   000F0D                     RXF3SIDL        equ	3853	;# 
  1101   000F0E                     RXF3EIDH        equ	3854	;# 
  1102   000F0F                     RXF3EIDL        equ	3855	;# 
  1103   000F10                     RXF4SIDH        equ	3856	;# 
  1104   000F11                     RXF4SIDL        equ	3857	;# 
  1105   000F12                     RXF4EIDH        equ	3858	;# 
  1106   000F13                     RXF4EIDL        equ	3859	;# 
  1107   000F14                     RXF5SIDH        equ	3860	;# 
  1108   000F15                     RXF5SIDL        equ	3861	;# 
  1109   000F16                     RXF5EIDH        equ	3862	;# 
  1110   000F17                     RXF5EIDL        equ	3863	;# 
  1111   000F18                     RXM0SIDH        equ	3864	;# 
  1112   000F19                     RXM0SIDL        equ	3865	;# 
  1113   000F1A                     RXM0EIDH        equ	3866	;# 
  1114   000F1B                     RXM0EIDL        equ	3867	;# 
  1115   000F1C                     RXM1SIDH        equ	3868	;# 
  1116   000F1D                     RXM1SIDL        equ	3869	;# 
  1117   000F1E                     RXM1EIDH        equ	3870	;# 
  1118   000F1F                     RXM1EIDL        equ	3871	;# 
  1119   000F20                     TXB2CON         equ	3872	;# 
  1120   000F21                     TXB2SIDH        equ	3873	;# 
  1121   000F22                     TXB2SIDL        equ	3874	;# 
  1122   000F23                     TXB2EIDH        equ	3875	;# 
  1123   000F24                     TXB2EIDL        equ	3876	;# 
  1124   000F25                     TXB2DLC         equ	3877	;# 
  1125   000F26                     TXB2D0          equ	3878	;# 
  1126   000F27                     TXB2D1          equ	3879	;# 
  1127   000F28                     TXB2D2          equ	3880	;# 
  1128   000F29                     TXB2D3          equ	3881	;# 
  1129   000F2A                     TXB2D4          equ	3882	;# 
  1130   000F2B                     TXB2D5          equ	3883	;# 
  1131   000F2C                     TXB2D6          equ	3884	;# 
  1132   000F2D                     TXB2D7          equ	3885	;# 
  1133   000F2E                     CANSTAT_RO3     equ	3886	;# 
  1134   000F2F                     CANCON_RO3      equ	3887	;# 
  1135   000F30                     TXB1CON         equ	3888	;# 
  1136   000F31                     TXB1SIDH        equ	3889	;# 
  1137   000F32                     TXB1SIDL        equ	3890	;# 
  1138   000F33                     TXB1EIDH        equ	3891	;# 
  1139   000F34                     TXB1EIDL        equ	3892	;# 
  1140   000F35                     TXB1DLC         equ	3893	;# 
  1141   000F36                     TXB1D0          equ	3894	;# 
  1142   000F37                     TXB1D1          equ	3895	;# 
  1143   000F38                     TXB1D2          equ	3896	;# 
  1144   000F39                     TXB1D3          equ	3897	;# 
  1145   000F3A                     TXB1D4          equ	3898	;# 
  1146   000F3B                     TXB1D5          equ	3899	;# 
  1147   000F3C                     TXB1D6          equ	3900	;# 
  1148   000F3D                     TXB1D7          equ	3901	;# 
  1149   000F3E                     CANSTAT_RO2     equ	3902	;# 
  1150   000F3F                     CANCON_RO2      equ	3903	;# 
  1151   000F40                     TXB0CON         equ	3904	;# 
  1152   000F41                     TXB0SIDH        equ	3905	;# 
  1153   000F42                     TXB0SIDL        equ	3906	;# 
  1154   000F43                     TXB0EIDH        equ	3907	;# 
  1155   000F44                     TXB0EIDL        equ	3908	;# 
  1156   000F45                     TXB0DLC         equ	3909	;# 
  1157   000F46                     TXB0D0          equ	3910	;# 
  1158   000F47                     TXB0D1          equ	3911	;# 
  1159   000F48                     TXB0D2          equ	3912	;# 
  1160   000F49                     TXB0D3          equ	3913	;# 
  1161   000F4A                     TXB0D4          equ	3914	;# 
  1162   000F4B                     TXB0D5          equ	3915	;# 
  1163   000F4C                     TXB0D6          equ	3916	;# 
  1164   000F4D                     TXB0D7          equ	3917	;# 
  1165   000F4E                     CANSTAT_RO1     equ	3918	;# 
  1166   000F4F                     CANCON_RO1      equ	3919	;# 
  1167   000F50                     RXB1CON         equ	3920	;# 
  1168   000F51                     RXB1SIDH        equ	3921	;# 
  1169   000F52                     RXB1SIDL        equ	3922	;# 
  1170   000F53                     RXB1EIDH        equ	3923	;# 
  1171   000F54                     RXB1EIDL        equ	3924	;# 
  1172   000F55                     RXB1DLC         equ	3925	;# 
  1173   000F56                     RXB1D0          equ	3926	;# 
  1174   000F57                     RXB1D1          equ	3927	;# 
  1175   000F58                     RXB1D2          equ	3928	;# 
  1176   000F59                     RXB1D3          equ	3929	;# 
  1177   000F5A                     RXB1D4          equ	3930	;# 
  1178   000F5B                     RXB1D5          equ	3931	;# 
  1179   000F5C                     RXB1D6          equ	3932	;# 
  1180   000F5D                     RXB1D7          equ	3933	;# 
  1181   000F5E                     CANSTAT_RO0     equ	3934	;# 
  1182   000F5F                     CANCON_RO0      equ	3935	;# 
  1183   000F60                     RXB0CON         equ	3936	;# 
  1184   000F61                     RXB0SIDH        equ	3937	;# 
  1185   000F62                     RXB0SIDL        equ	3938	;# 
  1186   000F63                     RXB0EIDH        equ	3939	;# 
  1187   000F64                     RXB0EIDL        equ	3940	;# 
  1188   000F65                     RXB0DLC         equ	3941	;# 
  1189   000F66                     RXB0D0          equ	3942	;# 
  1190   000F67                     RXB0D1          equ	3943	;# 
  1191   000F68                     RXB0D2          equ	3944	;# 
  1192   000F69                     RXB0D3          equ	3945	;# 
  1193   000F6A                     RXB0D4          equ	3946	;# 
  1194   000F6B                     RXB0D5          equ	3947	;# 
  1195   000F6C                     RXB0D6          equ	3948	;# 
  1196   000F6D                     RXB0D7          equ	3949	;# 
  1197   000F6E                     CANSTAT         equ	3950	;# 
  1198   000F6F                     CANCON          equ	3951	;# 
  1199   000F70                     BRGCON1         equ	3952	;# 
  1200   000F71                     BRGCON2         equ	3953	;# 
  1201   000F72                     BRGCON3         equ	3954	;# 
  1202   000F73                     CIOCON          equ	3955	;# 
  1203   000F74                     COMSTAT         equ	3956	;# 
  1204   000F75                     RXERRCNT        equ	3957	;# 
  1205   000F76                     TXERRCNT        equ	3958	;# 
  1206   000F77                     ECANCON         equ	3959	;# 
  1207   000F80                     PORTA           equ	3968	;# 
  1208   000F81                     PORTB           equ	3969	;# 
  1209   000F82                     PORTC           equ	3970	;# 
  1210   000F83                     PORTD           equ	3971	;# 
  1211   000F84                     PORTE           equ	3972	;# 
  1212   000F89                     LATA            equ	3977	;# 
  1213   000F8A                     LATB            equ	3978	;# 
  1214   000F8B                     LATC            equ	3979	;# 
  1215   000F8C                     LATD            equ	3980	;# 
  1216   000F8D                     LATE            equ	3981	;# 
  1217   000F92                     TRISA           equ	3986	;# 
  1218   000F92                     DDRA            equ	3986	;# 
  1219   000F93                     TRISB           equ	3987	;# 
  1220   000F93                     DDRB            equ	3987	;# 
  1221   000F94                     TRISC           equ	3988	;# 
  1222   000F94                     DDRC            equ	3988	;# 
  1223   000F95                     TRISD           equ	3989	;# 
  1224   000F95                     DDRD            equ	3989	;# 
  1225   000F96                     TRISE           equ	3990	;# 
  1226   000F96                     DDRE            equ	3990	;# 
  1227   000F9B                     OSCTUNE         equ	3995	;# 
  1228   000F9D                     PIE1            equ	3997	;# 
  1229   000F9E                     PIR1            equ	3998	;# 
  1230   000F9F                     IPR1            equ	3999	;# 
  1231   000FA0                     PIE2            equ	4000	;# 
  1232   000FA1                     PIR2            equ	4001	;# 
  1233   000FA2                     IPR2            equ	4002	;# 
  1234   000FA3                     PIE3            equ	4003	;# 
  1235   000FA4                     PIR3            equ	4004	;# 
  1236   000FA5                     IPR3            equ	4005	;# 
  1237   000FA6                     EECON1          equ	4006	;# 
  1238   000FA7                     EECON2          equ	4007	;# 
  1239   000FA8                     EEDATA          equ	4008	;# 
  1240   000FA9                     EEADR           equ	4009	;# 
  1241   000FAB                     RCSTA           equ	4011	;# 
  1242   000FAB                     RCSTA1          equ	4011	;# 
  1243   000FAC                     TXSTA           equ	4012	;# 
  1244   000FAC                     TXSTA1          equ	4012	;# 
  1245   000FAD                     TXREG           equ	4013	;# 
  1246   000FAD                     TXREG1          equ	4013	;# 
  1247   000FAE                     RCREG           equ	4014	;# 
  1248   000FAE                     RCREG1          equ	4014	;# 
  1249   000FAF                     SPBRG           equ	4015	;# 
  1250   000FAF                     SPBRG1          equ	4015	;# 
  1251   000FB0                     SPBRGH          equ	4016	;# 
  1252   000FB1                     T3CON           equ	4017	;# 
  1253   000FB2                     TMR3            equ	4018	;# 
  1254   000FB2                     TMR3L           equ	4018	;# 
  1255   000FB3                     TMR3H           equ	4019	;# 
  1256   000FB4                     CMCON           equ	4020	;# 
  1257   000FB5                     CVRCON          equ	4021	;# 
  1258   000FB6                     ECCP1AS         equ	4022	;# 
  1259   000FB7                     ECCP1DEL        equ	4023	;# 
  1260   000FB8                     BAUDCON         equ	4024	;# 
  1261   000FB8                     BAUDCTL         equ	4024	;# 
  1262   000FBA                     ECCP1CON        equ	4026	;# 
  1263   000FBB                     ECCPR1          equ	4027	;# 
  1264   000FBB                     ECCPR1L         equ	4027	;# 
  1265   000FBC                     ECCPR1H         equ	4028	;# 
  1266   000FBD                     CCP1CON         equ	4029	;# 
  1267   000FBE                     CCPR1           equ	4030	;# 
  1268   000FBE                     CCPR1L          equ	4030	;# 
  1269   000FBF                     CCPR1H          equ	4031	;# 
  1270   000FC0                     ADCON2          equ	4032	;# 
  1271   000FC1                     ADCON1          equ	4033	;# 
  1272   000FC2                     ADCON0          equ	4034	;# 
  1273   000FC3                     ADRES           equ	4035	;# 
  1274   000FC3                     ADRESL          equ	4035	;# 
  1275   000FC4                     ADRESH          equ	4036	;# 
  1276   000FC5                     SSPCON2         equ	4037	;# 
  1277   000FC6                     SSPCON1         equ	4038	;# 
  1278   000FC7                     SSPSTAT         equ	4039	;# 
  1279   000FC8                     SSPADD          equ	4040	;# 
  1280   000FC9                     SSPBUF          equ	4041	;# 
  1281   000FCA                     T2CON           equ	4042	;# 
  1282   000FCB                     PR2             equ	4043	;# 
  1283   000FCB                     MEMCON          equ	4043	;# 
  1284   000FCC                     TMR2            equ	4044	;# 
  1285   000FCD                     T1CON           equ	4045	;# 
  1286   000FCE                     TMR1            equ	4046	;# 
  1287   000FCE                     TMR1L           equ	4046	;# 
  1288   000FCF                     TMR1H           equ	4047	;# 
  1289   000FD0                     RCON            equ	4048	;# 
  1290   000FD1                     WDTCON          equ	4049	;# 
  1291   000FD2                     HLVDCON         equ	4050	;# 
  1292   000FD2                     LVDCON          equ	4050	;# 
  1293   000FD3                     OSCCON          equ	4051	;# 
  1294   000FD5                     T0CON           equ	4053	;# 
  1295   000FD6                     TMR0            equ	4054	;# 
  1296   000FD6                     TMR0L           equ	4054	;# 
  1297   000FD7                     TMR0H           equ	4055	;# 
  1298   000FD8                     STATUS          equ	4056	;# 
  1299   000FD9                     FSR2            equ	4057	;# 
  1300   000FD9                     FSR2L           equ	4057	;# 
  1301   000FDA                     FSR2H           equ	4058	;# 
  1302   000FDB                     PLUSW2          equ	4059	;# 
  1303   000FDC                     PREINC2         equ	4060	;# 
  1304   000FDD                     POSTDEC2        equ	4061	;# 
  1305   000FDE                     POSTINC2        equ	4062	;# 
  1306   000FDF                     INDF2           equ	4063	;# 
  1307   000FE0                     BSR             equ	4064	;# 
  1308   000FE1                     FSR1            equ	4065	;# 
  1309   000FE1                     FSR1L           equ	4065	;# 
  1310   000FE2                     FSR1H           equ	4066	;# 
  1311   000FE3                     PLUSW1          equ	4067	;# 
  1312   000FE4                     PREINC1         equ	4068	;# 
  1313   000FE5                     POSTDEC1        equ	4069	;# 
  1314   000FE6                     POSTINC1        equ	4070	;# 
  1315   000FE7                     INDF1           equ	4071	;# 
  1316   000FE8                     WREG            equ	4072	;# 
  1317   000FE9                     FSR0            equ	4073	;# 
  1318   000FE9                     FSR0L           equ	4073	;# 
  1319   000FEA                     FSR0H           equ	4074	;# 
  1320   000FEB                     PLUSW0          equ	4075	;# 
  1321   000FEC                     PREINC0         equ	4076	;# 
  1322   000FED                     POSTDEC0        equ	4077	;# 
  1323   000FEE                     POSTINC0        equ	4078	;# 
  1324   000FEF                     INDF0           equ	4079	;# 
  1325   000FF0                     INTCON3         equ	4080	;# 
  1326   000FF1                     INTCON2         equ	4081	;# 
  1327   000FF2                     INTCON          equ	4082	;# 
  1328   000FF3                     PROD            equ	4083	;# 
  1329   000FF3                     PRODL           equ	4083	;# 
  1330   000FF4                     PRODH           equ	4084	;# 
  1331   000FF5                     TABLAT          equ	4085	;# 
  1332   000FF6                     TBLPTR          equ	4086	;# 
  1333   000FF6                     TBLPTRL         equ	4086	;# 
  1334   000FF7                     TBLPTRH         equ	4087	;# 
  1335   000FF8                     TBLPTRU         equ	4088	;# 
  1336   000FF9                     PCLAT           equ	4089	;# 
  1337   000FF9                     PC              equ	4089	;# 
  1338   000FF9                     PCL             equ	4089	;# 
  1339   000FFA                     PCLATH          equ	4090	;# 
  1340   000FFB                     PCLATU          equ	4091	;# 
  1341   000FFC                     STKPTR          equ	4092	;# 
  1342   000FFD                     TOS             equ	4093	;# 
  1343   000FFD                     TOSL            equ	4093	;# 
  1344   000FFE                     TOSH            equ	4094	;# 
  1345   000FFF                     TOSU            equ	4095	;# 
  1346   000D60                     RXF6SIDH        equ	3424	;# 
  1347   000D61                     RXF6SIDL        equ	3425	;# 
  1348   000D62                     RXF6EIDH        equ	3426	;# 
  1349   000D63                     RXF6EIDL        equ	3427	;# 
  1350   000D64                     RXF7SIDH        equ	3428	;# 
  1351   000D65                     RXF7SIDL        equ	3429	;# 
  1352   000D66                     RXF7EIDH        equ	3430	;# 
  1353   000D67                     RXF7EIDL        equ	3431	;# 
  1354   000D68                     RXF8SIDH        equ	3432	;# 
  1355   000D69                     RXF8SIDL        equ	3433	;# 
  1356   000D6A                     RXF8EIDH        equ	3434	;# 
  1357   000D6B                     RXF8EIDL        equ	3435	;# 
  1358   000D70                     RXF9SIDH        equ	3440	;# 
  1359   000D71                     RXF9SIDL        equ	3441	;# 
  1360   000D72                     RXF9EIDH        equ	3442	;# 
  1361   000D73                     RXF9EIDL        equ	3443	;# 
  1362   000D74                     RXF10SIDH       equ	3444	;# 
  1363   000D75                     RXF10SIDL       equ	3445	;# 
  1364   000D76                     RXF10EIDH       equ	3446	;# 
  1365   000D77                     RXF10EIDL       equ	3447	;# 
  1366   000D78                     RXF11SIDH       equ	3448	;# 
  1367   000D79                     RXF11SIDL       equ	3449	;# 
  1368   000D7A                     RXF11EIDH       equ	3450	;# 
  1369   000D7B                     RXF11EIDL       equ	3451	;# 
  1370   000D80                     RXF12SIDH       equ	3456	;# 
  1371   000D81                     RXF12SIDL       equ	3457	;# 
  1372   000D82                     RXF12EIDH       equ	3458	;# 
  1373   000D83                     RXF12EIDL       equ	3459	;# 
  1374   000D84                     RXF13SIDH       equ	3460	;# 
  1375   000D85                     RXF13SIDL       equ	3461	;# 
  1376   000D86                     RXF13EIDH       equ	3462	;# 
  1377   000D87                     RXF13EIDL       equ	3463	;# 
  1378   000D88                     RXF14SIDH       equ	3464	;# 
  1379   000D89                     RXF14SIDL       equ	3465	;# 
  1380   000D8A                     RXF14EIDH       equ	3466	;# 
  1381   000D8B                     RXF14EIDL       equ	3467	;# 
  1382   000D90                     RXF15SIDH       equ	3472	;# 
  1383   000D91                     RXF15SIDL       equ	3473	;# 
  1384   000D92                     RXF15EIDH       equ	3474	;# 
  1385   000D93                     RXF15EIDL       equ	3475	;# 
  1386   000DD4                     RXFCON0         equ	3540	;# 
  1387   000DD5                     RXFCON1         equ	3541	;# 
  1388   000DD8                     SDFLC           equ	3544	;# 
  1389   000DE0                     RXFBCON0        equ	3552	;# 
  1390   000DE1                     RXFBCON1        equ	3553	;# 
  1391   000DE2                     RXFBCON2        equ	3554	;# 
  1392   000DE3                     RXFBCON3        equ	3555	;# 
  1393   000DE4                     RXFBCON4        equ	3556	;# 
  1394   000DE5                     RXFBCON5        equ	3557	;# 
  1395   000DE6                     RXFBCON6        equ	3558	;# 
  1396   000DE7                     RXFBCON7        equ	3559	;# 
  1397   000DF0                     MSEL0           equ	3568	;# 
  1398   000DF1                     MSEL1           equ	3569	;# 
  1399   000DF2                     MSEL2           equ	3570	;# 
  1400   000DF3                     MSEL3           equ	3571	;# 
  1401   000DF8                     BSEL0           equ	3576	;# 
  1402   000DFA                     BIE0            equ	3578	;# 
  1403   000DFC                     TXBIE           equ	3580	;# 
  1404   000E20                     B0CON           equ	3616	;# 
  1405   000E21                     B0SIDH          equ	3617	;# 
  1406   000E22                     B0SIDL          equ	3618	;# 
  1407   000E23                     B0EIDH          equ	3619	;# 
  1408   000E24                     B0EIDL          equ	3620	;# 
  1409   000E25                     B0DLC           equ	3621	;# 
  1410   000E26                     B0D0            equ	3622	;# 
  1411   000E27                     B0D1            equ	3623	;# 
  1412   000E28                     B0D2            equ	3624	;# 
  1413   000E29                     B0D3            equ	3625	;# 
  1414   000E2A                     B0D4            equ	3626	;# 
  1415   000E2B                     B0D5            equ	3627	;# 
  1416   000E2C                     B0D6            equ	3628	;# 
  1417   000E2D                     B0D7            equ	3629	;# 
  1418   000E2E                     CANSTAT_RO9     equ	3630	;# 
  1419   000E2F                     CANCON_RO9      equ	3631	;# 
  1420   000E30                     B1CON           equ	3632	;# 
  1421   000E31                     B1SIDH          equ	3633	;# 
  1422   000E32                     B1SIDL          equ	3634	;# 
  1423   000E33                     B1EIDH          equ	3635	;# 
  1424   000E34                     B1EIDL          equ	3636	;# 
  1425   000E35                     B1DLC           equ	3637	;# 
  1426   000E36                     B1D0            equ	3638	;# 
  1427   000E37                     B1D1            equ	3639	;# 
  1428   000E38                     B1D2            equ	3640	;# 
  1429   000E39                     B1D3            equ	3641	;# 
  1430   000E3A                     B1D4            equ	3642	;# 
  1431   000E3B                     B1D5            equ	3643	;# 
  1432   000E3C                     B1D6            equ	3644	;# 
  1433   000E3D                     B1D7            equ	3645	;# 
  1434   000E3E                     CANSTAT_RO8     equ	3646	;# 
  1435   000E3F                     CANCON_RO8      equ	3647	;# 
  1436   000E40                     B2CON           equ	3648	;# 
  1437   000E41                     B2SIDH          equ	3649	;# 
  1438   000E42                     B2SIDL          equ	3650	;# 
  1439   000E43                     B2EIDH          equ	3651	;# 
  1440   000E44                     B2EIDL          equ	3652	;# 
  1441   000E45                     B2DLC           equ	3653	;# 
  1442   000E46                     B2D0            equ	3654	;# 
  1443   000E47                     B2D1            equ	3655	;# 
  1444   000E48                     B2D2            equ	3656	;# 
  1445   000E49                     B2D3            equ	3657	;# 
  1446   000E4A                     B2D4            equ	3658	;# 
  1447   000E4B                     B2D5            equ	3659	;# 
  1448   000E4C                     B2D6            equ	3660	;# 
  1449   000E4D                     B2D7            equ	3661	;# 
  1450   000E4E                     CANSTAT_RO7     equ	3662	;# 
  1451   000E4F                     CANCON_RO7      equ	3663	;# 
  1452   000E50                     B3CON           equ	3664	;# 
  1453   000E51                     B3SIDH          equ	3665	;# 
  1454   000E52                     B3SIDL          equ	3666	;# 
  1455   000E53                     B3EIDH          equ	3667	;# 
  1456   000E54                     B3EIDL          equ	3668	;# 
  1457   000E55                     B3DLC           equ	3669	;# 
  1458   000E56                     B3D0            equ	3670	;# 
  1459   000E57                     B3D1            equ	3671	;# 
  1460   000E58                     B3D2            equ	3672	;# 
  1461   000E59                     B3D3            equ	3673	;# 
  1462   000E5A                     B3D4            equ	3674	;# 
  1463   000E5B                     B3D5            equ	3675	;# 
  1464   000E5C                     B3D6            equ	3676	;# 
  1465   000E5D                     B3D7            equ	3677	;# 
  1466   000E5E                     CANSTAT_RO6     equ	3678	;# 
  1467   000E5F                     CANCON_RO6      equ	3679	;# 
  1468   000E60                     B4CON           equ	3680	;# 
  1469   000E61                     B4SIDH          equ	3681	;# 
  1470   000E62                     B4SIDL          equ	3682	;# 
  1471   000E63                     B4EIDH          equ	3683	;# 
  1472   000E64                     B4EIDL          equ	3684	;# 
  1473   000E65                     B4DLC           equ	3685	;# 
  1474   000E66                     B4D0            equ	3686	;# 
  1475   000E67                     B4D1            equ	3687	;# 
  1476   000E68                     B4D2            equ	3688	;# 
  1477   000E69                     B4D3            equ	3689	;# 
  1478   000E6A                     B4D4            equ	3690	;# 
  1479   000E6B                     B4D5            equ	3691	;# 
  1480   000E6C                     B4D6            equ	3692	;# 
  1481   000E6D                     B4D7            equ	3693	;# 
  1482   000E6E                     CANSTAT_RO5     equ	3694	;# 
  1483   000E6F                     CANCON_RO5      equ	3695	;# 
  1484   000E70                     B5CON           equ	3696	;# 
  1485   000E71                     B5SIDH          equ	3697	;# 
  1486   000E72                     B5SIDL          equ	3698	;# 
  1487   000E73                     B5EIDH          equ	3699	;# 
  1488   000E74                     B5EIDL          equ	3700	;# 
  1489   000E75                     B5DLC           equ	3701	;# 
  1490   000E76                     B5D0            equ	3702	;# 
  1491   000E77                     B5D1            equ	3703	;# 
  1492   000E78                     B5D2            equ	3704	;# 
  1493   000E79                     B5D3            equ	3705	;# 
  1494   000E7A                     B5D4            equ	3706	;# 
  1495   000E7B                     B5D5            equ	3707	;# 
  1496   000E7C                     B5D6            equ	3708	;# 
  1497   000E7D                     B5D7            equ	3709	;# 
  1498   000E7E                     CANSTAT_RO4     equ	3710	;# 
  1499   000E7F                     CANCON_RO4      equ	3711	;# 
  1500   000F00                     RXF0SIDH        equ	3840	;# 
  1501   000F01                     RXF0SIDL        equ	3841	;# 
  1502   000F02                     RXF0EIDH        equ	3842	;# 
  1503   000F03                     RXF0EIDL        equ	3843	;# 
  1504   000F04                     RXF1SIDH        equ	3844	;# 
  1505   000F05                     RXF1SIDL        equ	3845	;# 
  1506   000F06                     RXF1EIDH        equ	3846	;# 
  1507   000F07                     RXF1EIDL        equ	3847	;# 
  1508   000F08                     RXF2SIDH        equ	3848	;# 
  1509   000F09                     RXF2SIDL        equ	3849	;# 
  1510   000F0A                     RXF2EIDH        equ	3850	;# 
  1511   000F0B                     RXF2EIDL        equ	3851	;# 
  1512   000F0C                     RXF3SIDH        equ	3852	;# 
  1513   000F0D                     RXF3SIDL        equ	3853	;# 
  1514   000F0E                     RXF3EIDH        equ	3854	;# 
  1515   000F0F                     RXF3EIDL        equ	3855	;# 
  1516   000F10                     RXF4SIDH        equ	3856	;# 
  1517   000F11                     RXF4SIDL        equ	3857	;# 
  1518   000F12                     RXF4EIDH        equ	3858	;# 
  1519   000F13                     RXF4EIDL        equ	3859	;# 
  1520   000F14                     RXF5SIDH        equ	3860	;# 
  1521   000F15                     RXF5SIDL        equ	3861	;# 
  1522   000F16                     RXF5EIDH        equ	3862	;# 
  1523   000F17                     RXF5EIDL        equ	3863	;# 
  1524   000F18                     RXM0SIDH        equ	3864	;# 
  1525   000F19                     RXM0SIDL        equ	3865	;# 
  1526   000F1A                     RXM0EIDH        equ	3866	;# 
  1527   000F1B                     RXM0EIDL        equ	3867	;# 
  1528   000F1C                     RXM1SIDH        equ	3868	;# 
  1529   000F1D                     RXM1SIDL        equ	3869	;# 
  1530   000F1E                     RXM1EIDH        equ	3870	;# 
  1531   000F1F                     RXM1EIDL        equ	3871	;# 
  1532   000F20                     TXB2CON         equ	3872	;# 
  1533   000F21                     TXB2SIDH        equ	3873	;# 
  1534   000F22                     TXB2SIDL        equ	3874	;# 
  1535   000F23                     TXB2EIDH        equ	3875	;# 
  1536   000F24                     TXB2EIDL        equ	3876	;# 
  1537   000F25                     TXB2DLC         equ	3877	;# 
  1538   000F26                     TXB2D0          equ	3878	;# 
  1539   000F27                     TXB2D1          equ	3879	;# 
  1540   000F28                     TXB2D2          equ	3880	;# 
  1541   000F29                     TXB2D3          equ	3881	;# 
  1542   000F2A                     TXB2D4          equ	3882	;# 
  1543   000F2B                     TXB2D5          equ	3883	;# 
  1544   000F2C                     TXB2D6          equ	3884	;# 
  1545   000F2D                     TXB2D7          equ	3885	;# 
  1546   000F2E                     CANSTAT_RO3     equ	3886	;# 
  1547   000F2F                     CANCON_RO3      equ	3887	;# 
  1548   000F30                     TXB1CON         equ	3888	;# 
  1549   000F31                     TXB1SIDH        equ	3889	;# 
  1550   000F32                     TXB1SIDL        equ	3890	;# 
  1551   000F33                     TXB1EIDH        equ	3891	;# 
  1552   000F34                     TXB1EIDL        equ	3892	;# 
  1553   000F35                     TXB1DLC         equ	3893	;# 
  1554   000F36                     TXB1D0          equ	3894	;# 
  1555   000F37                     TXB1D1          equ	3895	;# 
  1556   000F38                     TXB1D2          equ	3896	;# 
  1557   000F39                     TXB1D3          equ	3897	;# 
  1558   000F3A                     TXB1D4          equ	3898	;# 
  1559   000F3B                     TXB1D5          equ	3899	;# 
  1560   000F3C                     TXB1D6          equ	3900	;# 
  1561   000F3D                     TXB1D7          equ	3901	;# 
  1562   000F3E                     CANSTAT_RO2     equ	3902	;# 
  1563   000F3F                     CANCON_RO2      equ	3903	;# 
  1564   000F40                     TXB0CON         equ	3904	;# 
  1565   000F41                     TXB0SIDH        equ	3905	;# 
  1566   000F42                     TXB0SIDL        equ	3906	;# 
  1567   000F43                     TXB0EIDH        equ	3907	;# 
  1568   000F44                     TXB0EIDL        equ	3908	;# 
  1569   000F45                     TXB0DLC         equ	3909	;# 
  1570   000F46                     TXB0D0          equ	3910	;# 
  1571   000F47                     TXB0D1          equ	3911	;# 
  1572   000F48                     TXB0D2          equ	3912	;# 
  1573   000F49                     TXB0D3          equ	3913	;# 
  1574   000F4A                     TXB0D4          equ	3914	;# 
  1575   000F4B                     TXB0D5          equ	3915	;# 
  1576   000F4C                     TXB0D6          equ	3916	;# 
  1577   000F4D                     TXB0D7          equ	3917	;# 
  1578   000F4E                     CANSTAT_RO1     equ	3918	;# 
  1579   000F4F                     CANCON_RO1      equ	3919	;# 
  1580   000F50                     RXB1CON         equ	3920	;# 
  1581   000F51                     RXB1SIDH        equ	3921	;# 
  1582   000F52                     RXB1SIDL        equ	3922	;# 
  1583   000F53                     RXB1EIDH        equ	3923	;# 
  1584   000F54                     RXB1EIDL        equ	3924	;# 
  1585   000F55                     RXB1DLC         equ	3925	;# 
  1586   000F56                     RXB1D0          equ	3926	;# 
  1587   000F57                     RXB1D1          equ	3927	;# 
  1588   000F58                     RXB1D2          equ	3928	;# 
  1589   000F59                     RXB1D3          equ	3929	;# 
  1590   000F5A                     RXB1D4          equ	3930	;# 
  1591   000F5B                     RXB1D5          equ	3931	;# 
  1592   000F5C                     RXB1D6          equ	3932	;# 
  1593   000F5D                     RXB1D7          equ	3933	;# 
  1594   000F5E                     CANSTAT_RO0     equ	3934	;# 
  1595   000F5F                     CANCON_RO0      equ	3935	;# 
  1596   000F60                     RXB0CON         equ	3936	;# 
  1597   000F61                     RXB0SIDH        equ	3937	;# 
  1598   000F62                     RXB0SIDL        equ	3938	;# 
  1599   000F63                     RXB0EIDH        equ	3939	;# 
  1600   000F64                     RXB0EIDL        equ	3940	;# 
  1601   000F65                     RXB0DLC         equ	3941	;# 
  1602   000F66                     RXB0D0          equ	3942	;# 
  1603   000F67                     RXB0D1          equ	3943	;# 
  1604   000F68                     RXB0D2          equ	3944	;# 
  1605   000F69                     RXB0D3          equ	3945	;# 
  1606   000F6A                     RXB0D4          equ	3946	;# 
  1607   000F6B                     RXB0D5          equ	3947	;# 
  1608   000F6C                     RXB0D6          equ	3948	;# 
  1609   000F6D                     RXB0D7          equ	3949	;# 
  1610   000F6E                     CANSTAT         equ	3950	;# 
  1611   000F6F                     CANCON          equ	3951	;# 
  1612   000F70                     BRGCON1         equ	3952	;# 
  1613   000F71                     BRGCON2         equ	3953	;# 
  1614   000F72                     BRGCON3         equ	3954	;# 
  1615   000F73                     CIOCON          equ	3955	;# 
  1616   000F74                     COMSTAT         equ	3956	;# 
  1617   000F75                     RXERRCNT        equ	3957	;# 
  1618   000F76                     TXERRCNT        equ	3958	;# 
  1619   000F77                     ECANCON         equ	3959	;# 
  1620   000F80                     PORTA           equ	3968	;# 
  1621   000F81                     PORTB           equ	3969	;# 
  1622   000F82                     PORTC           equ	3970	;# 
  1623   000F83                     PORTD           equ	3971	;# 
  1624   000F84                     PORTE           equ	3972	;# 
  1625   000F89                     LATA            equ	3977	;# 
  1626   000F8A                     LATB            equ	3978	;# 
  1627   000F8B                     LATC            equ	3979	;# 
  1628   000F8C                     LATD            equ	3980	;# 
  1629   000F8D                     LATE            equ	3981	;# 
  1630   000F92                     TRISA           equ	3986	;# 
  1631   000F92                     DDRA            equ	3986	;# 
  1632   000F93                     TRISB           equ	3987	;# 
  1633   000F93                     DDRB            equ	3987	;# 
  1634   000F94                     TRISC           equ	3988	;# 
  1635   000F94                     DDRC            equ	3988	;# 
  1636   000F95                     TRISD           equ	3989	;# 
  1637   000F95                     DDRD            equ	3989	;# 
  1638   000F96                     TRISE           equ	3990	;# 
  1639   000F96                     DDRE            equ	3990	;# 
  1640   000F9B                     OSCTUNE         equ	3995	;# 
  1641   000F9D                     PIE1            equ	3997	;# 
  1642   000F9E                     PIR1            equ	3998	;# 
  1643   000F9F                     IPR1            equ	3999	;# 
  1644   000FA0                     PIE2            equ	4000	;# 
  1645   000FA1                     PIR2            equ	4001	;# 
  1646   000FA2                     IPR2            equ	4002	;# 
  1647   000FA3                     PIE3            equ	4003	;# 
  1648   000FA4                     PIR3            equ	4004	;# 
  1649   000FA5                     IPR3            equ	4005	;# 
  1650   000FA6                     EECON1          equ	4006	;# 
  1651   000FA7                     EECON2          equ	4007	;# 
  1652   000FA8                     EEDATA          equ	4008	;# 
  1653   000FA9                     EEADR           equ	4009	;# 
  1654   000FAB                     RCSTA           equ	4011	;# 
  1655   000FAB                     RCSTA1          equ	4011	;# 
  1656   000FAC                     TXSTA           equ	4012	;# 
  1657   000FAC                     TXSTA1          equ	4012	;# 
  1658   000FAD                     TXREG           equ	4013	;# 
  1659   000FAD                     TXREG1          equ	4013	;# 
  1660   000FAE                     RCREG           equ	4014	;# 
  1661   000FAE                     RCREG1          equ	4014	;# 
  1662   000FAF                     SPBRG           equ	4015	;# 
  1663   000FAF                     SPBRG1          equ	4015	;# 
  1664   000FB0                     SPBRGH          equ	4016	;# 
  1665   000FB1                     T3CON           equ	4017	;# 
  1666   000FB2                     TMR3            equ	4018	;# 
  1667   000FB2                     TMR3L           equ	4018	;# 
  1668   000FB3                     TMR3H           equ	4019	;# 
  1669   000FB4                     CMCON           equ	4020	;# 
  1670   000FB5                     CVRCON          equ	4021	;# 
  1671   000FB6                     ECCP1AS         equ	4022	;# 
  1672   000FB7                     ECCP1DEL        equ	4023	;# 
  1673   000FB8                     BAUDCON         equ	4024	;# 
  1674   000FB8                     BAUDCTL         equ	4024	;# 
  1675   000FBA                     ECCP1CON        equ	4026	;# 
  1676   000FBB                     ECCPR1          equ	4027	;# 
  1677   000FBB                     ECCPR1L         equ	4027	;# 
  1678   000FBC                     ECCPR1H         equ	4028	;# 
  1679   000FBD                     CCP1CON         equ	4029	;# 
  1680   000FBE                     CCPR1           equ	4030	;# 
  1681   000FBE                     CCPR1L          equ	4030	;# 
  1682   000FBF                     CCPR1H          equ	4031	;# 
  1683   000FC0                     ADCON2          equ	4032	;# 
  1684   000FC1                     ADCON1          equ	4033	;# 
  1685   000FC2                     ADCON0          equ	4034	;# 
  1686   000FC3                     ADRES           equ	4035	;# 
  1687   000FC3                     ADRESL          equ	4035	;# 
  1688   000FC4                     ADRESH          equ	4036	;# 
  1689   000FC5                     SSPCON2         equ	4037	;# 
  1690   000FC6                     SSPCON1         equ	4038	;# 
  1691   000FC7                     SSPSTAT         equ	4039	;# 
  1692   000FC8                     SSPADD          equ	4040	;# 
  1693   000FC9                     SSPBUF          equ	4041	;# 
  1694   000FCA                     T2CON           equ	4042	;# 
  1695   000FCB                     PR2             equ	4043	;# 
  1696   000FCB                     MEMCON          equ	4043	;# 
  1697   000FCC                     TMR2            equ	4044	;# 
  1698   000FCD                     T1CON           equ	4045	;# 
  1699   000FCE                     TMR1            equ	4046	;# 
  1700   000FCE                     TMR1L           equ	4046	;# 
  1701   000FCF                     TMR1H           equ	4047	;# 
  1702   000FD0                     RCON            equ	4048	;# 
  1703   000FD1                     WDTCON          equ	4049	;# 
  1704   000FD2                     HLVDCON         equ	4050	;# 
  1705   000FD2                     LVDCON          equ	4050	;# 
  1706   000FD3                     OSCCON          equ	4051	;# 
  1707   000FD5                     T0CON           equ	4053	;# 
  1708   000FD6                     TMR0            equ	4054	;# 
  1709   000FD6                     TMR0L           equ	4054	;# 
  1710   000FD7                     TMR0H           equ	4055	;# 
  1711   000FD8                     STATUS          equ	4056	;# 
  1712   000FD9                     FSR2            equ	4057	;# 
  1713   000FD9                     FSR2L           equ	4057	;# 
  1714   000FDA                     FSR2H           equ	4058	;# 
  1715   000FDB                     PLUSW2          equ	4059	;# 
  1716   000FDC                     PREINC2         equ	4060	;# 
  1717   000FDD                     POSTDEC2        equ	4061	;# 
  1718   000FDE                     POSTINC2        equ	4062	;# 
  1719   000FDF                     INDF2           equ	4063	;# 
  1720   000FE0                     BSR             equ	4064	;# 
  1721   000FE1                     FSR1            equ	4065	;# 
  1722   000FE1                     FSR1L           equ	4065	;# 
  1723   000FE2                     FSR1H           equ	4066	;# 
  1724   000FE3                     PLUSW1          equ	4067	;# 
  1725   000FE4                     PREINC1         equ	4068	;# 
  1726   000FE5                     POSTDEC1        equ	4069	;# 
  1727   000FE6                     POSTINC1        equ	4070	;# 
  1728   000FE7                     INDF1           equ	4071	;# 
  1729   000FE8                     WREG            equ	4072	;# 
  1730   000FE9                     FSR0            equ	4073	;# 
  1731   000FE9                     FSR0L           equ	4073	;# 
  1732   000FEA                     FSR0H           equ	4074	;# 
  1733   000FEB                     PLUSW0          equ	4075	;# 
  1734   000FEC                     PREINC0         equ	4076	;# 
  1735   000FED                     POSTDEC0        equ	4077	;# 
  1736   000FEE                     POSTINC0        equ	4078	;# 
  1737   000FEF                     INDF0           equ	4079	;# 
  1738   000FF0                     INTCON3         equ	4080	;# 
  1739   000FF1                     INTCON2         equ	4081	;# 
  1740   000FF2                     INTCON          equ	4082	;# 
  1741   000FF3                     PROD            equ	4083	;# 
  1742   000FF3                     PRODL           equ	4083	;# 
  1743   000FF4                     PRODH           equ	4084	;# 
  1744   000FF5                     TABLAT          equ	4085	;# 
  1745   000FF6                     TBLPTR          equ	4086	;# 
  1746   000FF6                     TBLPTRL         equ	4086	;# 
  1747   000FF7                     TBLPTRH         equ	4087	;# 
  1748   000FF8                     TBLPTRU         equ	4088	;# 
  1749   000FF9                     PCLAT           equ	4089	;# 
  1750   000FF9                     PC              equ	4089	;# 
  1751   000FF9                     PCL             equ	4089	;# 
  1752   000FFA                     PCLATH          equ	4090	;# 
  1753   000FFB                     PCLATU          equ	4091	;# 
  1754   000FFC                     STKPTR          equ	4092	;# 
  1755   000FFD                     TOS             equ	4093	;# 
  1756   000FFD                     TOSL            equ	4093	;# 
  1757   000FFE                     TOSH            equ	4094	;# 
  1758   000FFF                     TOSU            equ	4095	;# 
  1759   000D60                     RXF6SIDH        equ	3424	;# 
  1760   000D61                     RXF6SIDL        equ	3425	;# 
  1761   000D62                     RXF6EIDH        equ	3426	;# 
  1762   000D63                     RXF6EIDL        equ	3427	;# 
  1763   000D64                     RXF7SIDH        equ	3428	;# 
  1764   000D65                     RXF7SIDL        equ	3429	;# 
  1765   000D66                     RXF7EIDH        equ	3430	;# 
  1766   000D67                     RXF7EIDL        equ	3431	;# 
  1767   000D68                     RXF8SIDH        equ	3432	;# 
  1768   000D69                     RXF8SIDL        equ	3433	;# 
  1769   000D6A                     RXF8EIDH        equ	3434	;# 
  1770   000D6B                     RXF8EIDL        equ	3435	;# 
  1771   000D70                     RXF9SIDH        equ	3440	;# 
  1772   000D71                     RXF9SIDL        equ	3441	;# 
  1773   000D72                     RXF9EIDH        equ	3442	;# 
  1774   000D73                     RXF9EIDL        equ	3443	;# 
  1775   000D74                     RXF10SIDH       equ	3444	;# 
  1776   000D75                     RXF10SIDL       equ	3445	;# 
  1777   000D76                     RXF10EIDH       equ	3446	;# 
  1778   000D77                     RXF10EIDL       equ	3447	;# 
  1779   000D78                     RXF11SIDH       equ	3448	;# 
  1780   000D79                     RXF11SIDL       equ	3449	;# 
  1781   000D7A                     RXF11EIDH       equ	3450	;# 
  1782   000D7B                     RXF11EIDL       equ	3451	;# 
  1783   000D80                     RXF12SIDH       equ	3456	;# 
  1784   000D81                     RXF12SIDL       equ	3457	;# 
  1785   000D82                     RXF12EIDH       equ	3458	;# 
  1786   000D83                     RXF12EIDL       equ	3459	;# 
  1787   000D84                     RXF13SIDH       equ	3460	;# 
  1788   000D85                     RXF13SIDL       equ	3461	;# 
  1789   000D86                     RXF13EIDH       equ	3462	;# 
  1790   000D87                     RXF13EIDL       equ	3463	;# 
  1791   000D88                     RXF14SIDH       equ	3464	;# 
  1792   000D89                     RXF14SIDL       equ	3465	;# 
  1793   000D8A                     RXF14EIDH       equ	3466	;# 
  1794   000D8B                     RXF14EIDL       equ	3467	;# 
  1795   000D90                     RXF15SIDH       equ	3472	;# 
  1796   000D91                     RXF15SIDL       equ	3473	;# 
  1797   000D92                     RXF15EIDH       equ	3474	;# 
  1798   000D93                     RXF15EIDL       equ	3475	;# 
  1799   000DD4                     RXFCON0         equ	3540	;# 
  1800   000DD5                     RXFCON1         equ	3541	;# 
  1801   000DD8                     SDFLC           equ	3544	;# 
  1802   000DE0                     RXFBCON0        equ	3552	;# 
  1803   000DE1                     RXFBCON1        equ	3553	;# 
  1804   000DE2                     RXFBCON2        equ	3554	;# 
  1805   000DE3                     RXFBCON3        equ	3555	;# 
  1806   000DE4                     RXFBCON4        equ	3556	;# 
  1807   000DE5                     RXFBCON5        equ	3557	;# 
  1808   000DE6                     RXFBCON6        equ	3558	;# 
  1809   000DE7                     RXFBCON7        equ	3559	;# 
  1810   000DF0                     MSEL0           equ	3568	;# 
  1811   000DF1                     MSEL1           equ	3569	;# 
  1812   000DF2                     MSEL2           equ	3570	;# 
  1813   000DF3                     MSEL3           equ	3571	;# 
  1814   000DF8                     BSEL0           equ	3576	;# 
  1815   000DFA                     BIE0            equ	3578	;# 
  1816   000DFC                     TXBIE           equ	3580	;# 
  1817   000E20                     B0CON           equ	3616	;# 
  1818   000E21                     B0SIDH          equ	3617	;# 
  1819   000E22                     B0SIDL          equ	3618	;# 
  1820   000E23                     B0EIDH          equ	3619	;# 
  1821   000E24                     B0EIDL          equ	3620	;# 
  1822   000E25                     B0DLC           equ	3621	;# 
  1823   000E26                     B0D0            equ	3622	;# 
  1824   000E27                     B0D1            equ	3623	;# 
  1825   000E28                     B0D2            equ	3624	;# 
  1826   000E29                     B0D3            equ	3625	;# 
  1827   000E2A                     B0D4            equ	3626	;# 
  1828   000E2B                     B0D5            equ	3627	;# 
  1829   000E2C                     B0D6            equ	3628	;# 
  1830   000E2D                     B0D7            equ	3629	;# 
  1831   000E2E                     CANSTAT_RO9     equ	3630	;# 
  1832   000E2F                     CANCON_RO9      equ	3631	;# 
  1833   000E30                     B1CON           equ	3632	;# 
  1834   000E31                     B1SIDH          equ	3633	;# 
  1835   000E32                     B1SIDL          equ	3634	;# 
  1836   000E33                     B1EIDH          equ	3635	;# 
  1837   000E34                     B1EIDL          equ	3636	;# 
  1838   000E35                     B1DLC           equ	3637	;# 
  1839   000E36                     B1D0            equ	3638	;# 
  1840   000E37                     B1D1            equ	3639	;# 
  1841   000E38                     B1D2            equ	3640	;# 
  1842   000E39                     B1D3            equ	3641	;# 
  1843   000E3A                     B1D4            equ	3642	;# 
  1844   000E3B                     B1D5            equ	3643	;# 
  1845   000E3C                     B1D6            equ	3644	;# 
  1846   000E3D                     B1D7            equ	3645	;# 
  1847   000E3E                     CANSTAT_RO8     equ	3646	;# 
  1848   000E3F                     CANCON_RO8      equ	3647	;# 
  1849   000E40                     B2CON           equ	3648	;# 
  1850   000E41                     B2SIDH          equ	3649	;# 
  1851   000E42                     B2SIDL          equ	3650	;# 
  1852   000E43                     B2EIDH          equ	3651	;# 
  1853   000E44                     B2EIDL          equ	3652	;# 
  1854   000E45                     B2DLC           equ	3653	;# 
  1855   000E46                     B2D0            equ	3654	;# 
  1856   000E47                     B2D1            equ	3655	;# 
  1857   000E48                     B2D2            equ	3656	;# 
  1858   000E49                     B2D3            equ	3657	;# 
  1859   000E4A                     B2D4            equ	3658	;# 
  1860   000E4B                     B2D5            equ	3659	;# 
  1861   000E4C                     B2D6            equ	3660	;# 
  1862   000E4D                     B2D7            equ	3661	;# 
  1863   000E4E                     CANSTAT_RO7     equ	3662	;# 
  1864   000E4F                     CANCON_RO7      equ	3663	;# 
  1865   000E50                     B3CON           equ	3664	;# 
  1866   000E51                     B3SIDH          equ	3665	;# 
  1867   000E52                     B3SIDL          equ	3666	;# 
  1868   000E53                     B3EIDH          equ	3667	;# 
  1869   000E54                     B3EIDL          equ	3668	;# 
  1870   000E55                     B3DLC           equ	3669	;# 
  1871   000E56                     B3D0            equ	3670	;# 
  1872   000E57                     B3D1            equ	3671	;# 
  1873   000E58                     B3D2            equ	3672	;# 
  1874   000E59                     B3D3            equ	3673	;# 
  1875   000E5A                     B3D4            equ	3674	;# 
  1876   000E5B                     B3D5            equ	3675	;# 
  1877   000E5C                     B3D6            equ	3676	;# 
  1878   000E5D                     B3D7            equ	3677	;# 
  1879   000E5E                     CANSTAT_RO6     equ	3678	;# 
  1880   000E5F                     CANCON_RO6      equ	3679	;# 
  1881   000E60                     B4CON           equ	3680	;# 
  1882   000E61                     B4SIDH          equ	3681	;# 
  1883   000E62                     B4SIDL          equ	3682	;# 
  1884   000E63                     B4EIDH          equ	3683	;# 
  1885   000E64                     B4EIDL          equ	3684	;# 
  1886   000E65                     B4DLC           equ	3685	;# 
  1887   000E66                     B4D0            equ	3686	;# 
  1888   000E67                     B4D1            equ	3687	;# 
  1889   000E68                     B4D2            equ	3688	;# 
  1890   000E69                     B4D3            equ	3689	;# 
  1891   000E6A                     B4D4            equ	3690	;# 
  1892   000E6B                     B4D5            equ	3691	;# 
  1893   000E6C                     B4D6            equ	3692	;# 
  1894   000E6D                     B4D7            equ	3693	;# 
  1895   000E6E                     CANSTAT_RO5     equ	3694	;# 
  1896   000E6F                     CANCON_RO5      equ	3695	;# 
  1897   000E70                     B5CON           equ	3696	;# 
  1898   000E71                     B5SIDH          equ	3697	;# 
  1899   000E72                     B5SIDL          equ	3698	;# 
  1900   000E73                     B5EIDH          equ	3699	;# 
  1901   000E74                     B5EIDL          equ	3700	;# 
  1902   000E75                     B5DLC           equ	3701	;# 
  1903   000E76                     B5D0            equ	3702	;# 
  1904   000E77                     B5D1            equ	3703	;# 
  1905   000E78                     B5D2            equ	3704	;# 
  1906   000E79                     B5D3            equ	3705	;# 
  1907   000E7A                     B5D4            equ	3706	;# 
  1908   000E7B                     B5D5            equ	3707	;# 
  1909   000E7C                     B5D6            equ	3708	;# 
  1910   000E7D                     B5D7            equ	3709	;# 
  1911   000E7E                     CANSTAT_RO4     equ	3710	;# 
  1912   000E7F                     CANCON_RO4      equ	3711	;# 
  1913   000F00                     RXF0SIDH        equ	3840	;# 
  1914   000F01                     RXF0SIDL        equ	3841	;# 
  1915   000F02                     RXF0EIDH        equ	3842	;# 
  1916   000F03                     RXF0EIDL        equ	3843	;# 
  1917   000F04                     RXF1SIDH        equ	3844	;# 
  1918   000F05                     RXF1SIDL        equ	3845	;# 
  1919   000F06                     RXF1EIDH        equ	3846	;# 
  1920   000F07                     RXF1EIDL        equ	3847	;# 
  1921   000F08                     RXF2SIDH        equ	3848	;# 
  1922   000F09                     RXF2SIDL        equ	3849	;# 
  1923   000F0A                     RXF2EIDH        equ	3850	;# 
  1924   000F0B                     RXF2EIDL        equ	3851	;# 
  1925   000F0C                     RXF3SIDH        equ	3852	;# 
  1926   000F0D                     RXF3SIDL        equ	3853	;# 
  1927   000F0E                     RXF3EIDH        equ	3854	;# 
  1928   000F0F                     RXF3EIDL        equ	3855	;# 
  1929   000F10                     RXF4SIDH        equ	3856	;# 
  1930   000F11                     RXF4SIDL        equ	3857	;# 
  1931   000F12                     RXF4EIDH        equ	3858	;# 
  1932   000F13                     RXF4EIDL        equ	3859	;# 
  1933   000F14                     RXF5SIDH        equ	3860	;# 
  1934   000F15                     RXF5SIDL        equ	3861	;# 
  1935   000F16                     RXF5EIDH        equ	3862	;# 
  1936   000F17                     RXF5EIDL        equ	3863	;# 
  1937   000F18                     RXM0SIDH        equ	3864	;# 
  1938   000F19                     RXM0SIDL        equ	3865	;# 
  1939   000F1A                     RXM0EIDH        equ	3866	;# 
  1940   000F1B                     RXM0EIDL        equ	3867	;# 
  1941   000F1C                     RXM1SIDH        equ	3868	;# 
  1942   000F1D                     RXM1SIDL        equ	3869	;# 
  1943   000F1E                     RXM1EIDH        equ	3870	;# 
  1944   000F1F                     RXM1EIDL        equ	3871	;# 
  1945   000F20                     TXB2CON         equ	3872	;# 
  1946   000F21                     TXB2SIDH        equ	3873	;# 
  1947   000F22                     TXB2SIDL        equ	3874	;# 
  1948   000F23                     TXB2EIDH        equ	3875	;# 
  1949   000F24                     TXB2EIDL        equ	3876	;# 
  1950   000F25                     TXB2DLC         equ	3877	;# 
  1951   000F26                     TXB2D0          equ	3878	;# 
  1952   000F27                     TXB2D1          equ	3879	;# 
  1953   000F28                     TXB2D2          equ	3880	;# 
  1954   000F29                     TXB2D3          equ	3881	;# 
  1955   000F2A                     TXB2D4          equ	3882	;# 
  1956   000F2B                     TXB2D5          equ	3883	;# 
  1957   000F2C                     TXB2D6          equ	3884	;# 
  1958   000F2D                     TXB2D7          equ	3885	;# 
  1959   000F2E                     CANSTAT_RO3     equ	3886	;# 
  1960   000F2F                     CANCON_RO3      equ	3887	;# 
  1961   000F30                     TXB1CON         equ	3888	;# 
  1962   000F31                     TXB1SIDH        equ	3889	;# 
  1963   000F32                     TXB1SIDL        equ	3890	;# 
  1964   000F33                     TXB1EIDH        equ	3891	;# 
  1965   000F34                     TXB1EIDL        equ	3892	;# 
  1966   000F35                     TXB1DLC         equ	3893	;# 
  1967   000F36                     TXB1D0          equ	3894	;# 
  1968   000F37                     TXB1D1          equ	3895	;# 
  1969   000F38                     TXB1D2          equ	3896	;# 
  1970   000F39                     TXB1D3          equ	3897	;# 
  1971   000F3A                     TXB1D4          equ	3898	;# 
  1972   000F3B                     TXB1D5          equ	3899	;# 
  1973   000F3C                     TXB1D6          equ	3900	;# 
  1974   000F3D                     TXB1D7          equ	3901	;# 
  1975   000F3E                     CANSTAT_RO2     equ	3902	;# 
  1976   000F3F                     CANCON_RO2      equ	3903	;# 
  1977   000F40                     TXB0CON         equ	3904	;# 
  1978   000F41                     TXB0SIDH        equ	3905	;# 
  1979   000F42                     TXB0SIDL        equ	3906	;# 
  1980   000F43                     TXB0EIDH        equ	3907	;# 
  1981   000F44                     TXB0EIDL        equ	3908	;# 
  1982   000F45                     TXB0DLC         equ	3909	;# 
  1983   000F46                     TXB0D0          equ	3910	;# 
  1984   000F47                     TXB0D1          equ	3911	;# 
  1985   000F48                     TXB0D2          equ	3912	;# 
  1986   000F49                     TXB0D3          equ	3913	;# 
  1987   000F4A                     TXB0D4          equ	3914	;# 
  1988   000F4B                     TXB0D5          equ	3915	;# 
  1989   000F4C                     TXB0D6          equ	3916	;# 
  1990   000F4D                     TXB0D7          equ	3917	;# 
  1991   000F4E                     CANSTAT_RO1     equ	3918	;# 
  1992   000F4F                     CANCON_RO1      equ	3919	;# 
  1993   000F50                     RXB1CON         equ	3920	;# 
  1994   000F51                     RXB1SIDH        equ	3921	;# 
  1995   000F52                     RXB1SIDL        equ	3922	;# 
  1996   000F53                     RXB1EIDH        equ	3923	;# 
  1997   000F54                     RXB1EIDL        equ	3924	;# 
  1998   000F55                     RXB1DLC         equ	3925	;# 
  1999   000F56                     RXB1D0          equ	3926	;# 
  2000   000F57                     RXB1D1          equ	3927	;# 
  2001   000F58                     RXB1D2          equ	3928	;# 
  2002   000F59                     RXB1D3          equ	3929	;# 
  2003   000F5A                     RXB1D4          equ	3930	;# 
  2004   000F5B                     RXB1D5          equ	3931	;# 
  2005   000F5C                     RXB1D6          equ	3932	;# 
  2006   000F5D                     RXB1D7          equ	3933	;# 
  2007   000F5E                     CANSTAT_RO0     equ	3934	;# 
  2008   000F5F                     CANCON_RO0      equ	3935	;# 
  2009   000F60                     RXB0CON         equ	3936	;# 
  2010   000F61                     RXB0SIDH        equ	3937	;# 
  2011   000F62                     RXB0SIDL        equ	3938	;# 
  2012   000F63                     RXB0EIDH        equ	3939	;# 
  2013   000F64                     RXB0EIDL        equ	3940	;# 
  2014   000F65                     RXB0DLC         equ	3941	;# 
  2015   000F66                     RXB0D0          equ	3942	;# 
  2016   000F67                     RXB0D1          equ	3943	;# 
  2017   000F68                     RXB0D2          equ	3944	;# 
  2018   000F69                     RXB0D3          equ	3945	;# 
  2019   000F6A                     RXB0D4          equ	3946	;# 
  2020   000F6B                     RXB0D5          equ	3947	;# 
  2021   000F6C                     RXB0D6          equ	3948	;# 
  2022   000F6D                     RXB0D7          equ	3949	;# 
  2023   000F6E                     CANSTAT         equ	3950	;# 
  2024   000F6F                     CANCON          equ	3951	;# 
  2025   000F70                     BRGCON1         equ	3952	;# 
  2026   000F71                     BRGCON2         equ	3953	;# 
  2027   000F72                     BRGCON3         equ	3954	;# 
  2028   000F73                     CIOCON          equ	3955	;# 
  2029   000F74                     COMSTAT         equ	3956	;# 
  2030   000F75                     RXERRCNT        equ	3957	;# 
  2031   000F76                     TXERRCNT        equ	3958	;# 
  2032   000F77                     ECANCON         equ	3959	;# 
  2033   000F80                     PORTA           equ	3968	;# 
  2034   000F81                     PORTB           equ	3969	;# 
  2035   000F82                     PORTC           equ	3970	;# 
  2036   000F83                     PORTD           equ	3971	;# 
  2037   000F84                     PORTE           equ	3972	;# 
  2038   000F89                     LATA            equ	3977	;# 
  2039   000F8A                     LATB            equ	3978	;# 
  2040   000F8B                     LATC            equ	3979	;# 
  2041   000F8C                     LATD            equ	3980	;# 
  2042   000F8D                     LATE            equ	3981	;# 
  2043   000F92                     TRISA           equ	3986	;# 
  2044   000F92                     DDRA            equ	3986	;# 
  2045   000F93                     TRISB           equ	3987	;# 
  2046   000F93                     DDRB            equ	3987	;# 
  2047   000F94                     TRISC           equ	3988	;# 
  2048   000F94                     DDRC            equ	3988	;# 
  2049   000F95                     TRISD           equ	3989	;# 
  2050   000F95                     DDRD            equ	3989	;# 
  2051   000F96                     TRISE           equ	3990	;# 
  2052   000F96                     DDRE            equ	3990	;# 
  2053   000F9B                     OSCTUNE         equ	3995	;# 
  2054   000F9D                     PIE1            equ	3997	;# 
  2055   000F9E                     PIR1            equ	3998	;# 
  2056   000F9F                     IPR1            equ	3999	;# 
  2057   000FA0                     PIE2            equ	4000	;# 
  2058   000FA1                     PIR2            equ	4001	;# 
  2059   000FA2                     IPR2            equ	4002	;# 
  2060   000FA3                     PIE3            equ	4003	;# 
  2061   000FA4                     PIR3            equ	4004	;# 
  2062   000FA5                     IPR3            equ	4005	;# 
  2063   000FA6                     EECON1          equ	4006	;# 
  2064   000FA7                     EECON2          equ	4007	;# 
  2065   000FA8                     EEDATA          equ	4008	;# 
  2066   000FA9                     EEADR           equ	4009	;# 
  2067   000FAB                     RCSTA           equ	4011	;# 
  2068   000FAB                     RCSTA1          equ	4011	;# 
  2069   000FAC                     TXSTA           equ	4012	;# 
  2070   000FAC                     TXSTA1          equ	4012	;# 
  2071   000FAD                     TXREG           equ	4013	;# 
  2072   000FAD                     TXREG1          equ	4013	;# 
  2073   000FAE                     RCREG           equ	4014	;# 
  2074   000FAE                     RCREG1          equ	4014	;# 
  2075   000FAF                     SPBRG           equ	4015	;# 
  2076   000FAF                     SPBRG1          equ	4015	;# 
  2077   000FB0                     SPBRGH          equ	4016	;# 
  2078   000FB1                     T3CON           equ	4017	;# 
  2079   000FB2                     TMR3            equ	4018	;# 
  2080   000FB2                     TMR3L           equ	4018	;# 
  2081   000FB3                     TMR3H           equ	4019	;# 
  2082   000FB4                     CMCON           equ	4020	;# 
  2083   000FB5                     CVRCON          equ	4021	;# 
  2084   000FB6                     ECCP1AS         equ	4022	;# 
  2085   000FB7                     ECCP1DEL        equ	4023	;# 
  2086   000FB8                     BAUDCON         equ	4024	;# 
  2087   000FB8                     BAUDCTL         equ	4024	;# 
  2088   000FBA                     ECCP1CON        equ	4026	;# 
  2089   000FBB                     ECCPR1          equ	4027	;# 
  2090   000FBB                     ECCPR1L         equ	4027	;# 
  2091   000FBC                     ECCPR1H         equ	4028	;# 
  2092   000FBD                     CCP1CON         equ	4029	;# 
  2093   000FBE                     CCPR1           equ	4030	;# 
  2094   000FBE                     CCPR1L          equ	4030	;# 
  2095   000FBF                     CCPR1H          equ	4031	;# 
  2096   000FC0                     ADCON2          equ	4032	;# 
  2097   000FC1                     ADCON1          equ	4033	;# 
  2098   000FC2                     ADCON0          equ	4034	;# 
  2099   000FC3                     ADRES           equ	4035	;# 
  2100   000FC3                     ADRESL          equ	4035	;# 
  2101   000FC4                     ADRESH          equ	4036	;# 
  2102   000FC5                     SSPCON2         equ	4037	;# 
  2103   000FC6                     SSPCON1         equ	4038	;# 
  2104   000FC7                     SSPSTAT         equ	4039	;# 
  2105   000FC8                     SSPADD          equ	4040	;# 
  2106   000FC9                     SSPBUF          equ	4041	;# 
  2107   000FCA                     T2CON           equ	4042	;# 
  2108   000FCB                     PR2             equ	4043	;# 
  2109   000FCB                     MEMCON          equ	4043	;# 
  2110   000FCC                     TMR2            equ	4044	;# 
  2111   000FCD                     T1CON           equ	4045	;# 
  2112   000FCE                     TMR1            equ	4046	;# 
  2113   000FCE                     TMR1L           equ	4046	;# 
  2114   000FCF                     TMR1H           equ	4047	;# 
  2115   000FD0                     RCON            equ	4048	;# 
  2116   000FD1                     WDTCON          equ	4049	;# 
  2117   000FD2                     HLVDCON         equ	4050	;# 
  2118   000FD2                     LVDCON          equ	4050	;# 
  2119   000FD3                     OSCCON          equ	4051	;# 
  2120   000FD5                     T0CON           equ	4053	;# 
  2121   000FD6                     TMR0            equ	4054	;# 
  2122   000FD6                     TMR0L           equ	4054	;# 
  2123   000FD7                     TMR0H           equ	4055	;# 
  2124   000FD8                     STATUS          equ	4056	;# 
  2125   000FD9                     FSR2            equ	4057	;# 
  2126   000FD9                     FSR2L           equ	4057	;# 
  2127   000FDA                     FSR2H           equ	4058	;# 
  2128   000FDB                     PLUSW2          equ	4059	;# 
  2129   000FDC                     PREINC2         equ	4060	;# 
  2130   000FDD                     POSTDEC2        equ	4061	;# 
  2131   000FDE                     POSTINC2        equ	4062	;# 
  2132   000FDF                     INDF2           equ	4063	;# 
  2133   000FE0                     BSR             equ	4064	;# 
  2134   000FE1                     FSR1            equ	4065	;# 
  2135   000FE1                     FSR1L           equ	4065	;# 
  2136   000FE2                     FSR1H           equ	4066	;# 
  2137   000FE3                     PLUSW1          equ	4067	;# 
  2138   000FE4                     PREINC1         equ	4068	;# 
  2139   000FE5                     POSTDEC1        equ	4069	;# 
  2140   000FE6                     POSTINC1        equ	4070	;# 
  2141   000FE7                     INDF1           equ	4071	;# 
  2142   000FE8                     WREG            equ	4072	;# 
  2143   000FE9                     FSR0            equ	4073	;# 
  2144   000FE9                     FSR0L           equ	4073	;# 
  2145   000FEA                     FSR0H           equ	4074	;# 
  2146   000FEB                     PLUSW0          equ	4075	;# 
  2147   000FEC                     PREINC0         equ	4076	;# 
  2148   000FED                     POSTDEC0        equ	4077	;# 
  2149   000FEE                     POSTINC0        equ	4078	;# 
  2150   000FEF                     INDF0           equ	4079	;# 
  2151   000FF0                     INTCON3         equ	4080	;# 
  2152   000FF1                     INTCON2         equ	4081	;# 
  2153   000FF2                     INTCON          equ	4082	;# 
  2154   000FF3                     PROD            equ	4083	;# 
  2155   000FF3                     PRODL           equ	4083	;# 
  2156   000FF4                     PRODH           equ	4084	;# 
  2157   000FF5                     TABLAT          equ	4085	;# 
  2158   000FF6                     TBLPTR          equ	4086	;# 
  2159   000FF6                     TBLPTRL         equ	4086	;# 
  2160   000FF7                     TBLPTRH         equ	4087	;# 
  2161   000FF8                     TBLPTRU         equ	4088	;# 
  2162   000FF9                     PCLAT           equ	4089	;# 
  2163   000FF9                     PC              equ	4089	;# 
  2164   000FF9                     PCL             equ	4089	;# 
  2165   000FFA                     PCLATH          equ	4090	;# 
  2166   000FFB                     PCLATU          equ	4091	;# 
  2167   000FFC                     STKPTR          equ	4092	;# 
  2168   000FFD                     TOS             equ	4093	;# 
  2169   000FFD                     TOSL            equ	4093	;# 
  2170   000FFE                     TOSH            equ	4094	;# 
  2171   000FFF                     TOSU            equ	4095	;# 
  2172   000D60                     RXF6SIDH        equ	3424	;# 
  2173   000D61                     RXF6SIDL        equ	3425	;# 
  2174   000D62                     RXF6EIDH        equ	3426	;# 
  2175   000D63                     RXF6EIDL        equ	3427	;# 
  2176   000D64                     RXF7SIDH        equ	3428	;# 
  2177   000D65                     RXF7SIDL        equ	3429	;# 
  2178   000D66                     RXF7EIDH        equ	3430	;# 
  2179   000D67                     RXF7EIDL        equ	3431	;# 
  2180   000D68                     RXF8SIDH        equ	3432	;# 
  2181   000D69                     RXF8SIDL        equ	3433	;# 
  2182   000D6A                     RXF8EIDH        equ	3434	;# 
  2183   000D6B                     RXF8EIDL        equ	3435	;# 
  2184   000D70                     RXF9SIDH        equ	3440	;# 
  2185   000D71                     RXF9SIDL        equ	3441	;# 
  2186   000D72                     RXF9EIDH        equ	3442	;# 
  2187   000D73                     RXF9EIDL        equ	3443	;# 
  2188   000D74                     RXF10SIDH       equ	3444	;# 
  2189   000D75                     RXF10SIDL       equ	3445	;# 
  2190   000D76                     RXF10EIDH       equ	3446	;# 
  2191   000D77                     RXF10EIDL       equ	3447	;# 
  2192   000D78                     RXF11SIDH       equ	3448	;# 
  2193   000D79                     RXF11SIDL       equ	3449	;# 
  2194   000D7A                     RXF11EIDH       equ	3450	;# 
  2195   000D7B                     RXF11EIDL       equ	3451	;# 
  2196   000D80                     RXF12SIDH       equ	3456	;# 
  2197   000D81                     RXF12SIDL       equ	3457	;# 
  2198   000D82                     RXF12EIDH       equ	3458	;# 
  2199   000D83                     RXF12EIDL       equ	3459	;# 
  2200   000D84                     RXF13SIDH       equ	3460	;# 
  2201   000D85                     RXF13SIDL       equ	3461	;# 
  2202   000D86                     RXF13EIDH       equ	3462	;# 
  2203   000D87                     RXF13EIDL       equ	3463	;# 
  2204   000D88                     RXF14SIDH       equ	3464	;# 
  2205   000D89                     RXF14SIDL       equ	3465	;# 
  2206   000D8A                     RXF14EIDH       equ	3466	;# 
  2207   000D8B                     RXF14EIDL       equ	3467	;# 
  2208   000D90                     RXF15SIDH       equ	3472	;# 
  2209   000D91                     RXF15SIDL       equ	3473	;# 
  2210   000D92                     RXF15EIDH       equ	3474	;# 
  2211   000D93                     RXF15EIDL       equ	3475	;# 
  2212   000DD4                     RXFCON0         equ	3540	;# 
  2213   000DD5                     RXFCON1         equ	3541	;# 
  2214   000DD8                     SDFLC           equ	3544	;# 
  2215   000DE0                     RXFBCON0        equ	3552	;# 
  2216   000DE1                     RXFBCON1        equ	3553	;# 
  2217   000DE2                     RXFBCON2        equ	3554	;# 
  2218   000DE3                     RXFBCON3        equ	3555	;# 
  2219   000DE4                     RXFBCON4        equ	3556	;# 
  2220   000DE5                     RXFBCON5        equ	3557	;# 
  2221   000DE6                     RXFBCON6        equ	3558	;# 
  2222   000DE7                     RXFBCON7        equ	3559	;# 
  2223   000DF0                     MSEL0           equ	3568	;# 
  2224   000DF1                     MSEL1           equ	3569	;# 
  2225   000DF2                     MSEL2           equ	3570	;# 
  2226   000DF3                     MSEL3           equ	3571	;# 
  2227   000DF8                     BSEL0           equ	3576	;# 
  2228   000DFA                     BIE0            equ	3578	;# 
  2229   000DFC                     TXBIE           equ	3580	;# 
  2230   000E20                     B0CON           equ	3616	;# 
  2231   000E21                     B0SIDH          equ	3617	;# 
  2232   000E22                     B0SIDL          equ	3618	;# 
  2233   000E23                     B0EIDH          equ	3619	;# 
  2234   000E24                     B0EIDL          equ	3620	;# 
  2235   000E25                     B0DLC           equ	3621	;# 
  2236   000E26                     B0D0            equ	3622	;# 
  2237   000E27                     B0D1            equ	3623	;# 
  2238   000E28                     B0D2            equ	3624	;# 
  2239   000E29                     B0D3            equ	3625	;# 
  2240   000E2A                     B0D4            equ	3626	;# 
  2241   000E2B                     B0D5            equ	3627	;# 
  2242   000E2C                     B0D6            equ	3628	;# 
  2243   000E2D                     B0D7            equ	3629	;# 
  2244   000E2E                     CANSTAT_RO9     equ	3630	;# 
  2245   000E2F                     CANCON_RO9      equ	3631	;# 
  2246   000E30                     B1CON           equ	3632	;# 
  2247   000E31                     B1SIDH          equ	3633	;# 
  2248   000E32                     B1SIDL          equ	3634	;# 
  2249   000E33                     B1EIDH          equ	3635	;# 
  2250   000E34                     B1EIDL          equ	3636	;# 
  2251   000E35                     B1DLC           equ	3637	;# 
  2252   000E36                     B1D0            equ	3638	;# 
  2253   000E37                     B1D1            equ	3639	;# 
  2254   000E38                     B1D2            equ	3640	;# 
  2255   000E39                     B1D3            equ	3641	;# 
  2256   000E3A                     B1D4            equ	3642	;# 
  2257   000E3B                     B1D5            equ	3643	;# 
  2258   000E3C                     B1D6            equ	3644	;# 
  2259   000E3D                     B1D7            equ	3645	;# 
  2260   000E3E                     CANSTAT_RO8     equ	3646	;# 
  2261   000E3F                     CANCON_RO8      equ	3647	;# 
  2262   000E40                     B2CON           equ	3648	;# 
  2263   000E41                     B2SIDH          equ	3649	;# 
  2264   000E42                     B2SIDL          equ	3650	;# 
  2265   000E43                     B2EIDH          equ	3651	;# 
  2266   000E44                     B2EIDL          equ	3652	;# 
  2267   000E45                     B2DLC           equ	3653	;# 
  2268   000E46                     B2D0            equ	3654	;# 
  2269   000E47                     B2D1            equ	3655	;# 
  2270   000E48                     B2D2            equ	3656	;# 
  2271   000E49                     B2D3            equ	3657	;# 
  2272   000E4A                     B2D4            equ	3658	;# 
  2273   000E4B                     B2D5            equ	3659	;# 
  2274   000E4C                     B2D6            equ	3660	;# 
  2275   000E4D                     B2D7            equ	3661	;# 
  2276   000E4E                     CANSTAT_RO7     equ	3662	;# 
  2277   000E4F                     CANCON_RO7      equ	3663	;# 
  2278   000E50                     B3CON           equ	3664	;# 
  2279   000E51                     B3SIDH          equ	3665	;# 
  2280   000E52                     B3SIDL          equ	3666	;# 
  2281   000E53                     B3EIDH          equ	3667	;# 
  2282   000E54                     B3EIDL          equ	3668	;# 
  2283   000E55                     B3DLC           equ	3669	;# 
  2284   000E56                     B3D0            equ	3670	;# 
  2285   000E57                     B3D1            equ	3671	;# 
  2286   000E58                     B3D2            equ	3672	;# 
  2287   000E59                     B3D3            equ	3673	;# 
  2288   000E5A                     B3D4            equ	3674	;# 
  2289   000E5B                     B3D5            equ	3675	;# 
  2290   000E5C                     B3D6            equ	3676	;# 
  2291   000E5D                     B3D7            equ	3677	;# 
  2292   000E5E                     CANSTAT_RO6     equ	3678	;# 
  2293   000E5F                     CANCON_RO6      equ	3679	;# 
  2294   000E60                     B4CON           equ	3680	;# 
  2295   000E61                     B4SIDH          equ	3681	;# 
  2296   000E62                     B4SIDL          equ	3682	;# 
  2297   000E63                     B4EIDH          equ	3683	;# 
  2298   000E64                     B4EIDL          equ	3684	;# 
  2299   000E65                     B4DLC           equ	3685	;# 
  2300   000E66                     B4D0            equ	3686	;# 
  2301   000E67                     B4D1            equ	3687	;# 
  2302   000E68                     B4D2            equ	3688	;# 
  2303   000E69                     B4D3            equ	3689	;# 
  2304   000E6A                     B4D4            equ	3690	;# 
  2305   000E6B                     B4D5            equ	3691	;# 
  2306   000E6C                     B4D6            equ	3692	;# 
  2307   000E6D                     B4D7            equ	3693	;# 
  2308   000E6E                     CANSTAT_RO5     equ	3694	;# 
  2309   000E6F                     CANCON_RO5      equ	3695	;# 
  2310   000E70                     B5CON           equ	3696	;# 
  2311   000E71                     B5SIDH          equ	3697	;# 
  2312   000E72                     B5SIDL          equ	3698	;# 
  2313   000E73                     B5EIDH          equ	3699	;# 
  2314   000E74                     B5EIDL          equ	3700	;# 
  2315   000E75                     B5DLC           equ	3701	;# 
  2316   000E76                     B5D0            equ	3702	;# 
  2317   000E77                     B5D1            equ	3703	;# 
  2318   000E78                     B5D2            equ	3704	;# 
  2319   000E79                     B5D3            equ	3705	;# 
  2320   000E7A                     B5D4            equ	3706	;# 
  2321   000E7B                     B5D5            equ	3707	;# 
  2322   000E7C                     B5D6            equ	3708	;# 
  2323   000E7D                     B5D7            equ	3709	;# 
  2324   000E7E                     CANSTAT_RO4     equ	3710	;# 
  2325   000E7F                     CANCON_RO4      equ	3711	;# 
  2326   000F00                     RXF0SIDH        equ	3840	;# 
  2327   000F01                     RXF0SIDL        equ	3841	;# 
  2328   000F02                     RXF0EIDH        equ	3842	;# 
  2329   000F03                     RXF0EIDL        equ	3843	;# 
  2330   000F04                     RXF1SIDH        equ	3844	;# 
  2331   000F05                     RXF1SIDL        equ	3845	;# 
  2332   000F06                     RXF1EIDH        equ	3846	;# 
  2333   000F07                     RXF1EIDL        equ	3847	;# 
  2334   000F08                     RXF2SIDH        equ	3848	;# 
  2335   000F09                     RXF2SIDL        equ	3849	;# 
  2336   000F0A                     RXF2EIDH        equ	3850	;# 
  2337   000F0B                     RXF2EIDL        equ	3851	;# 
  2338   000F0C                     RXF3SIDH        equ	3852	;# 
  2339   000F0D                     RXF3SIDL        equ	3853	;# 
  2340   000F0E                     RXF3EIDH        equ	3854	;# 
  2341   000F0F                     RXF3EIDL        equ	3855	;# 
  2342   000F10                     RXF4SIDH        equ	3856	;# 
  2343   000F11                     RXF4SIDL        equ	3857	;# 
  2344   000F12                     RXF4EIDH        equ	3858	;# 
  2345   000F13                     RXF4EIDL        equ	3859	;# 
  2346   000F14                     RXF5SIDH        equ	3860	;# 
  2347   000F15                     RXF5SIDL        equ	3861	;# 
  2348   000F16                     RXF5EIDH        equ	3862	;# 
  2349   000F17                     RXF5EIDL        equ	3863	;# 
  2350   000F18                     RXM0SIDH        equ	3864	;# 
  2351   000F19                     RXM0SIDL        equ	3865	;# 
  2352   000F1A                     RXM0EIDH        equ	3866	;# 
  2353   000F1B                     RXM0EIDL        equ	3867	;# 
  2354   000F1C                     RXM1SIDH        equ	3868	;# 
  2355   000F1D                     RXM1SIDL        equ	3869	;# 
  2356   000F1E                     RXM1EIDH        equ	3870	;# 
  2357   000F1F                     RXM1EIDL        equ	3871	;# 
  2358   000F20                     TXB2CON         equ	3872	;# 
  2359   000F21                     TXB2SIDH        equ	3873	;# 
  2360   000F22                     TXB2SIDL        equ	3874	;# 
  2361   000F23                     TXB2EIDH        equ	3875	;# 
  2362   000F24                     TXB2EIDL        equ	3876	;# 
  2363   000F25                     TXB2DLC         equ	3877	;# 
  2364   000F26                     TXB2D0          equ	3878	;# 
  2365   000F27                     TXB2D1          equ	3879	;# 
  2366   000F28                     TXB2D2          equ	3880	;# 
  2367   000F29                     TXB2D3          equ	3881	;# 
  2368   000F2A                     TXB2D4          equ	3882	;# 
  2369   000F2B                     TXB2D5          equ	3883	;# 
  2370   000F2C                     TXB2D6          equ	3884	;# 
  2371   000F2D                     TXB2D7          equ	3885	;# 
  2372   000F2E                     CANSTAT_RO3     equ	3886	;# 
  2373   000F2F                     CANCON_RO3      equ	3887	;# 
  2374   000F30                     TXB1CON         equ	3888	;# 
  2375   000F31                     TXB1SIDH        equ	3889	;# 
  2376   000F32                     TXB1SIDL        equ	3890	;# 
  2377   000F33                     TXB1EIDH        equ	3891	;# 
  2378   000F34                     TXB1EIDL        equ	3892	;# 
  2379   000F35                     TXB1DLC         equ	3893	;# 
  2380   000F36                     TXB1D0          equ	3894	;# 
  2381   000F37                     TXB1D1          equ	3895	;# 
  2382   000F38                     TXB1D2          equ	3896	;# 
  2383   000F39                     TXB1D3          equ	3897	;# 
  2384   000F3A                     TXB1D4          equ	3898	;# 
  2385   000F3B                     TXB1D5          equ	3899	;# 
  2386   000F3C                     TXB1D6          equ	3900	;# 
  2387   000F3D                     TXB1D7          equ	3901	;# 
  2388   000F3E                     CANSTAT_RO2     equ	3902	;# 
  2389   000F3F                     CANCON_RO2      equ	3903	;# 
  2390   000F40                     TXB0CON         equ	3904	;# 
  2391   000F41                     TXB0SIDH        equ	3905	;# 
  2392   000F42                     TXB0SIDL        equ	3906	;# 
  2393   000F43                     TXB0EIDH        equ	3907	;# 
  2394   000F44                     TXB0EIDL        equ	3908	;# 
  2395   000F45                     TXB0DLC         equ	3909	;# 
  2396   000F46                     TXB0D0          equ	3910	;# 
  2397   000F47                     TXB0D1          equ	3911	;# 
  2398   000F48                     TXB0D2          equ	3912	;# 
  2399   000F49                     TXB0D3          equ	3913	;# 
  2400   000F4A                     TXB0D4          equ	3914	;# 
  2401   000F4B                     TXB0D5          equ	3915	;# 
  2402   000F4C                     TXB0D6          equ	3916	;# 
  2403   000F4D                     TXB0D7          equ	3917	;# 
  2404   000F4E                     CANSTAT_RO1     equ	3918	;# 
  2405   000F4F                     CANCON_RO1      equ	3919	;# 
  2406   000F50                     RXB1CON         equ	3920	;# 
  2407   000F51                     RXB1SIDH        equ	3921	;# 
  2408   000F52                     RXB1SIDL        equ	3922	;# 
  2409   000F53                     RXB1EIDH        equ	3923	;# 
  2410   000F54                     RXB1EIDL        equ	3924	;# 
  2411   000F55                     RXB1DLC         equ	3925	;# 
  2412   000F56                     RXB1D0          equ	3926	;# 
  2413   000F57                     RXB1D1          equ	3927	;# 
  2414   000F58                     RXB1D2          equ	3928	;# 
  2415   000F59                     RXB1D3          equ	3929	;# 
  2416   000F5A                     RXB1D4          equ	3930	;# 
  2417   000F5B                     RXB1D5          equ	3931	;# 
  2418   000F5C                     RXB1D6          equ	3932	;# 
  2419   000F5D                     RXB1D7          equ	3933	;# 
  2420   000F5E                     CANSTAT_RO0     equ	3934	;# 
  2421   000F5F                     CANCON_RO0      equ	3935	;# 
  2422   000F60                     RXB0CON         equ	3936	;# 
  2423   000F61                     RXB0SIDH        equ	3937	;# 
  2424   000F62                     RXB0SIDL        equ	3938	;# 
  2425   000F63                     RXB0EIDH        equ	3939	;# 
  2426   000F64                     RXB0EIDL        equ	3940	;# 
  2427   000F65                     RXB0DLC         equ	3941	;# 
  2428   000F66                     RXB0D0          equ	3942	;# 
  2429   000F67                     RXB0D1          equ	3943	;# 
  2430   000F68                     RXB0D2          equ	3944	;# 
  2431   000F69                     RXB0D3          equ	3945	;# 
  2432   000F6A                     RXB0D4          equ	3946	;# 
  2433   000F6B                     RXB0D5          equ	3947	;# 
  2434   000F6C                     RXB0D6          equ	3948	;# 
  2435   000F6D                     RXB0D7          equ	3949	;# 
  2436   000F6E                     CANSTAT         equ	3950	;# 
  2437   000F6F                     CANCON          equ	3951	;# 
  2438   000F70                     BRGCON1         equ	3952	;# 
  2439   000F71                     BRGCON2         equ	3953	;# 
  2440   000F72                     BRGCON3         equ	3954	;# 
  2441   000F73                     CIOCON          equ	3955	;# 
  2442   000F74                     COMSTAT         equ	3956	;# 
  2443   000F75                     RXERRCNT        equ	3957	;# 
  2444   000F76                     TXERRCNT        equ	3958	;# 
  2445   000F77                     ECANCON         equ	3959	;# 
  2446   000F80                     PORTA           equ	3968	;# 
  2447   000F81                     PORTB           equ	3969	;# 
  2448   000F82                     PORTC           equ	3970	;# 
  2449   000F83                     PORTD           equ	3971	;# 
  2450   000F84                     PORTE           equ	3972	;# 
  2451   000F89                     LATA            equ	3977	;# 
  2452   000F8A                     LATB            equ	3978	;# 
  2453   000F8B                     LATC            equ	3979	;# 
  2454   000F8C                     LATD            equ	3980	;# 
  2455   000F8D                     LATE            equ	3981	;# 
  2456   000F92                     TRISA           equ	3986	;# 
  2457   000F92                     DDRA            equ	3986	;# 
  2458   000F93                     TRISB           equ	3987	;# 
  2459   000F93                     DDRB            equ	3987	;# 
  2460   000F94                     TRISC           equ	3988	;# 
  2461   000F94                     DDRC            equ	3988	;# 
  2462   000F95                     TRISD           equ	3989	;# 
  2463   000F95                     DDRD            equ	3989	;# 
  2464   000F96                     TRISE           equ	3990	;# 
  2465   000F96                     DDRE            equ	3990	;# 
  2466   000F9B                     OSCTUNE         equ	3995	;# 
  2467   000F9D                     PIE1            equ	3997	;# 
  2468   000F9E                     PIR1            equ	3998	;# 
  2469   000F9F                     IPR1            equ	3999	;# 
  2470   000FA0                     PIE2            equ	4000	;# 
  2471   000FA1                     PIR2            equ	4001	;# 
  2472   000FA2                     IPR2            equ	4002	;# 
  2473   000FA3                     PIE3            equ	4003	;# 
  2474   000FA4                     PIR3            equ	4004	;# 
  2475   000FA5                     IPR3            equ	4005	;# 
  2476   000FA6                     EECON1          equ	4006	;# 
  2477   000FA7                     EECON2          equ	4007	;# 
  2478   000FA8                     EEDATA          equ	4008	;# 
  2479   000FA9                     EEADR           equ	4009	;# 
  2480   000FAB                     RCSTA           equ	4011	;# 
  2481   000FAB                     RCSTA1          equ	4011	;# 
  2482   000FAC                     TXSTA           equ	4012	;# 
  2483   000FAC                     TXSTA1          equ	4012	;# 
  2484   000FAD                     TXREG           equ	4013	;# 
  2485   000FAD                     TXREG1          equ	4013	;# 
  2486   000FAE                     RCREG           equ	4014	;# 
  2487   000FAE                     RCREG1          equ	4014	;# 
  2488   000FAF                     SPBRG           equ	4015	;# 
  2489   000FAF                     SPBRG1          equ	4015	;# 
  2490   000FB0                     SPBRGH          equ	4016	;# 
  2491   000FB1                     T3CON           equ	4017	;# 
  2492   000FB2                     TMR3            equ	4018	;# 
  2493   000FB2                     TMR3L           equ	4018	;# 
  2494   000FB3                     TMR3H           equ	4019	;# 
  2495   000FB4                     CMCON           equ	4020	;# 
  2496   000FB5                     CVRCON          equ	4021	;# 
  2497   000FB6                     ECCP1AS         equ	4022	;# 
  2498   000FB7                     ECCP1DEL        equ	4023	;# 
  2499   000FB8                     BAUDCON         equ	4024	;# 
  2500   000FB8                     BAUDCTL         equ	4024	;# 
  2501   000FBA                     ECCP1CON        equ	4026	;# 
  2502   000FBB                     ECCPR1          equ	4027	;# 
  2503   000FBB                     ECCPR1L         equ	4027	;# 
  2504   000FBC                     ECCPR1H         equ	4028	;# 
  2505   000FBD                     CCP1CON         equ	4029	;# 
  2506   000FBE                     CCPR1           equ	4030	;# 
  2507   000FBE                     CCPR1L          equ	4030	;# 
  2508   000FBF                     CCPR1H          equ	4031	;# 
  2509   000FC0                     ADCON2          equ	4032	;# 
  2510   000FC1                     ADCON1          equ	4033	;# 
  2511   000FC2                     ADCON0          equ	4034	;# 
  2512   000FC3                     ADRES           equ	4035	;# 
  2513   000FC3                     ADRESL          equ	4035	;# 
  2514   000FC4                     ADRESH          equ	4036	;# 
  2515   000FC5                     SSPCON2         equ	4037	;# 
  2516   000FC6                     SSPCON1         equ	4038	;# 
  2517   000FC7                     SSPSTAT         equ	4039	;# 
  2518   000FC8                     SSPADD          equ	4040	;# 
  2519   000FC9                     SSPBUF          equ	4041	;# 
  2520   000FCA                     T2CON           equ	4042	;# 
  2521   000FCB                     PR2             equ	4043	;# 
  2522   000FCB                     MEMCON          equ	4043	;# 
  2523   000FCC                     TMR2            equ	4044	;# 
  2524   000FCD                     T1CON           equ	4045	;# 
  2525   000FCE                     TMR1            equ	4046	;# 
  2526   000FCE                     TMR1L           equ	4046	;# 
  2527   000FCF                     TMR1H           equ	4047	;# 
  2528   000FD0                     RCON            equ	4048	;# 
  2529   000FD1                     WDTCON          equ	4049	;# 
  2530   000FD2                     HLVDCON         equ	4050	;# 
  2531   000FD2                     LVDCON          equ	4050	;# 
  2532   000FD3                     OSCCON          equ	4051	;# 
  2533   000FD5                     T0CON           equ	4053	;# 
  2534   000FD6                     TMR0            equ	4054	;# 
  2535   000FD6                     TMR0L           equ	4054	;# 
  2536   000FD7                     TMR0H           equ	4055	;# 
  2537   000FD8                     STATUS          equ	4056	;# 
  2538   000FD9                     FSR2            equ	4057	;# 
  2539   000FD9                     FSR2L           equ	4057	;# 
  2540   000FDA                     FSR2H           equ	4058	;# 
  2541   000FDB                     PLUSW2          equ	4059	;# 
  2542   000FDC                     PREINC2         equ	4060	;# 
  2543   000FDD                     POSTDEC2        equ	4061	;# 
  2544   000FDE                     POSTINC2        equ	4062	;# 
  2545   000FDF                     INDF2           equ	4063	;# 
  2546   000FE0                     BSR             equ	4064	;# 
  2547   000FE1                     FSR1            equ	4065	;# 
  2548   000FE1                     FSR1L           equ	4065	;# 
  2549   000FE2                     FSR1H           equ	4066	;# 
  2550   000FE3                     PLUSW1          equ	4067	;# 
  2551   000FE4                     PREINC1         equ	4068	;# 
  2552   000FE5                     POSTDEC1        equ	4069	;# 
  2553   000FE6                     POSTINC1        equ	4070	;# 
  2554   000FE7                     INDF1           equ	4071	;# 
  2555   000FE8                     WREG            equ	4072	;# 
  2556   000FE9                     FSR0            equ	4073	;# 
  2557   000FE9                     FSR0L           equ	4073	;# 
  2558   000FEA                     FSR0H           equ	4074	;# 
  2559   000FEB                     PLUSW0          equ	4075	;# 
  2560   000FEC                     PREINC0         equ	4076	;# 
  2561   000FED                     POSTDEC0        equ	4077	;# 
  2562   000FEE                     POSTINC0        equ	4078	;# 
  2563   000FEF                     INDF0           equ	4079	;# 
  2564   000FF0                     INTCON3         equ	4080	;# 
  2565   000FF1                     INTCON2         equ	4081	;# 
  2566   000FF2                     INTCON          equ	4082	;# 
  2567   000FF3                     PROD            equ	4083	;# 
  2568   000FF3                     PRODL           equ	4083	;# 
  2569   000FF4                     PRODH           equ	4084	;# 
  2570   000FF5                     TABLAT          equ	4085	;# 
  2571   000FF6                     TBLPTR          equ	4086	;# 
  2572   000FF6                     TBLPTRL         equ	4086	;# 
  2573   000FF7                     TBLPTRH         equ	4087	;# 
  2574   000FF8                     TBLPTRU         equ	4088	;# 
  2575   000FF9                     PCLAT           equ	4089	;# 
  2576   000FF9                     PC              equ	4089	;# 
  2577   000FF9                     PCL             equ	4089	;# 
  2578   000FFA                     PCLATH          equ	4090	;# 
  2579   000FFB                     PCLATU          equ	4091	;# 
  2580   000FFC                     STKPTR          equ	4092	;# 
  2581   000FFD                     TOS             equ	4093	;# 
  2582   000FFD                     TOSL            equ	4093	;# 
  2583   000FFE                     TOSH            equ	4094	;# 
  2584   000FFF                     TOSU            equ	4095	;# 
  2585   000D60                     RXF6SIDH        equ	3424	;# 
  2586   000D61                     RXF6SIDL        equ	3425	;# 
  2587   000D62                     RXF6EIDH        equ	3426	;# 
  2588   000D63                     RXF6EIDL        equ	3427	;# 
  2589   000D64                     RXF7SIDH        equ	3428	;# 
  2590   000D65                     RXF7SIDL        equ	3429	;# 
  2591   000D66                     RXF7EIDH        equ	3430	;# 
  2592   000D67                     RXF7EIDL        equ	3431	;# 
  2593   000D68                     RXF8SIDH        equ	3432	;# 
  2594   000D69                     RXF8SIDL        equ	3433	;# 
  2595   000D6A                     RXF8EIDH        equ	3434	;# 
  2596   000D6B                     RXF8EIDL        equ	3435	;# 
  2597   000D70                     RXF9SIDH        equ	3440	;# 
  2598   000D71                     RXF9SIDL        equ	3441	;# 
  2599   000D72                     RXF9EIDH        equ	3442	;# 
  2600   000D73                     RXF9EIDL        equ	3443	;# 
  2601   000D74                     RXF10SIDH       equ	3444	;# 
  2602   000D75                     RXF10SIDL       equ	3445	;# 
  2603   000D76                     RXF10EIDH       equ	3446	;# 
  2604   000D77                     RXF10EIDL       equ	3447	;# 
  2605   000D78                     RXF11SIDH       equ	3448	;# 
  2606   000D79                     RXF11SIDL       equ	3449	;# 
  2607   000D7A                     RXF11EIDH       equ	3450	;# 
  2608   000D7B                     RXF11EIDL       equ	3451	;# 
  2609   000D80                     RXF12SIDH       equ	3456	;# 
  2610   000D81                     RXF12SIDL       equ	3457	;# 
  2611   000D82                     RXF12EIDH       equ	3458	;# 
  2612   000D83                     RXF12EIDL       equ	3459	;# 
  2613   000D84                     RXF13SIDH       equ	3460	;# 
  2614   000D85                     RXF13SIDL       equ	3461	;# 
  2615   000D86                     RXF13EIDH       equ	3462	;# 
  2616   000D87                     RXF13EIDL       equ	3463	;# 
  2617   000D88                     RXF14SIDH       equ	3464	;# 
  2618   000D89                     RXF14SIDL       equ	3465	;# 
  2619   000D8A                     RXF14EIDH       equ	3466	;# 
  2620   000D8B                     RXF14EIDL       equ	3467	;# 
  2621   000D90                     RXF15SIDH       equ	3472	;# 
  2622   000D91                     RXF15SIDL       equ	3473	;# 
  2623   000D92                     RXF15EIDH       equ	3474	;# 
  2624   000D93                     RXF15EIDL       equ	3475	;# 
  2625   000DD4                     RXFCON0         equ	3540	;# 
  2626   000DD5                     RXFCON1         equ	3541	;# 
  2627   000DD8                     SDFLC           equ	3544	;# 
  2628   000DE0                     RXFBCON0        equ	3552	;# 
  2629   000DE1                     RXFBCON1        equ	3553	;# 
  2630   000DE2                     RXFBCON2        equ	3554	;# 
  2631   000DE3                     RXFBCON3        equ	3555	;# 
  2632   000DE4                     RXFBCON4        equ	3556	;# 
  2633   000DE5                     RXFBCON5        equ	3557	;# 
  2634   000DE6                     RXFBCON6        equ	3558	;# 
  2635   000DE7                     RXFBCON7        equ	3559	;# 
  2636   000DF0                     MSEL0           equ	3568	;# 
  2637   000DF1                     MSEL1           equ	3569	;# 
  2638   000DF2                     MSEL2           equ	3570	;# 
  2639   000DF3                     MSEL3           equ	3571	;# 
  2640   000DF8                     BSEL0           equ	3576	;# 
  2641   000DFA                     BIE0            equ	3578	;# 
  2642   000DFC                     TXBIE           equ	3580	;# 
  2643   000E20                     B0CON           equ	3616	;# 
  2644   000E21                     B0SIDH          equ	3617	;# 
  2645   000E22                     B0SIDL          equ	3618	;# 
  2646   000E23                     B0EIDH          equ	3619	;# 
  2647   000E24                     B0EIDL          equ	3620	;# 
  2648   000E25                     B0DLC           equ	3621	;# 
  2649   000E26                     B0D0            equ	3622	;# 
  2650   000E27                     B0D1            equ	3623	;# 
  2651   000E28                     B0D2            equ	3624	;# 
  2652   000E29                     B0D3            equ	3625	;# 
  2653   000E2A                     B0D4            equ	3626	;# 
  2654   000E2B                     B0D5            equ	3627	;# 
  2655   000E2C                     B0D6            equ	3628	;# 
  2656   000E2D                     B0D7            equ	3629	;# 
  2657   000E2E                     CANSTAT_RO9     equ	3630	;# 
  2658   000E2F                     CANCON_RO9      equ	3631	;# 
  2659   000E30                     B1CON           equ	3632	;# 
  2660   000E31                     B1SIDH          equ	3633	;# 
  2661   000E32                     B1SIDL          equ	3634	;# 
  2662   000E33                     B1EIDH          equ	3635	;# 
  2663   000E34                     B1EIDL          equ	3636	;# 
  2664   000E35                     B1DLC           equ	3637	;# 
  2665   000E36                     B1D0            equ	3638	;# 
  2666   000E37                     B1D1            equ	3639	;# 
  2667   000E38                     B1D2            equ	3640	;# 
  2668   000E39                     B1D3            equ	3641	;# 
  2669   000E3A                     B1D4            equ	3642	;# 
  2670   000E3B                     B1D5            equ	3643	;# 
  2671   000E3C                     B1D6            equ	3644	;# 
  2672   000E3D                     B1D7            equ	3645	;# 
  2673   000E3E                     CANSTAT_RO8     equ	3646	;# 
  2674   000E3F                     CANCON_RO8      equ	3647	;# 
  2675   000E40                     B2CON           equ	3648	;# 
  2676   000E41                     B2SIDH          equ	3649	;# 
  2677   000E42                     B2SIDL          equ	3650	;# 
  2678   000E43                     B2EIDH          equ	3651	;# 
  2679   000E44                     B2EIDL          equ	3652	;# 
  2680   000E45                     B2DLC           equ	3653	;# 
  2681   000E46                     B2D0            equ	3654	;# 
  2682   000E47                     B2D1            equ	3655	;# 
  2683   000E48                     B2D2            equ	3656	;# 
  2684   000E49                     B2D3            equ	3657	;# 
  2685   000E4A                     B2D4            equ	3658	;# 
  2686   000E4B                     B2D5            equ	3659	;# 
  2687   000E4C                     B2D6            equ	3660	;# 
  2688   000E4D                     B2D7            equ	3661	;# 
  2689   000E4E                     CANSTAT_RO7     equ	3662	;# 
  2690   000E4F                     CANCON_RO7      equ	3663	;# 
  2691   000E50                     B3CON           equ	3664	;# 
  2692   000E51                     B3SIDH          equ	3665	;# 
  2693   000E52                     B3SIDL          equ	3666	;# 
  2694   000E53                     B3EIDH          equ	3667	;# 
  2695   000E54                     B3EIDL          equ	3668	;# 
  2696   000E55                     B3DLC           equ	3669	;# 
  2697   000E56                     B3D0            equ	3670	;# 
  2698   000E57                     B3D1            equ	3671	;# 
  2699   000E58                     B3D2            equ	3672	;# 
  2700   000E59                     B3D3            equ	3673	;# 
  2701   000E5A                     B3D4            equ	3674	;# 
  2702   000E5B                     B3D5            equ	3675	;# 
  2703   000E5C                     B3D6            equ	3676	;# 
  2704   000E5D                     B3D7            equ	3677	;# 
  2705   000E5E                     CANSTAT_RO6     equ	3678	;# 
  2706   000E5F                     CANCON_RO6      equ	3679	;# 
  2707   000E60                     B4CON           equ	3680	;# 
  2708   000E61                     B4SIDH          equ	3681	;# 
  2709   000E62                     B4SIDL          equ	3682	;# 
  2710   000E63                     B4EIDH          equ	3683	;# 
  2711   000E64                     B4EIDL          equ	3684	;# 
  2712   000E65                     B4DLC           equ	3685	;# 
  2713   000E66                     B4D0            equ	3686	;# 
  2714   000E67                     B4D1            equ	3687	;# 
  2715   000E68                     B4D2            equ	3688	;# 
  2716   000E69                     B4D3            equ	3689	;# 
  2717   000E6A                     B4D4            equ	3690	;# 
  2718   000E6B                     B4D5            equ	3691	;# 
  2719   000E6C                     B4D6            equ	3692	;# 
  2720   000E6D                     B4D7            equ	3693	;# 
  2721   000E6E                     CANSTAT_RO5     equ	3694	;# 
  2722   000E6F                     CANCON_RO5      equ	3695	;# 
  2723   000E70                     B5CON           equ	3696	;# 
  2724   000E71                     B5SIDH          equ	3697	;# 
  2725   000E72                     B5SIDL          equ	3698	;# 
  2726   000E73                     B5EIDH          equ	3699	;# 
  2727   000E74                     B5EIDL          equ	3700	;# 
  2728   000E75                     B5DLC           equ	3701	;# 
  2729   000E76                     B5D0            equ	3702	;# 
  2730   000E77                     B5D1            equ	3703	;# 
  2731   000E78                     B5D2            equ	3704	;# 
  2732   000E79                     B5D3            equ	3705	;# 
  2733   000E7A                     B5D4            equ	3706	;# 
  2734   000E7B                     B5D5            equ	3707	;# 
  2735   000E7C                     B5D6            equ	3708	;# 
  2736   000E7D                     B5D7            equ	3709	;# 
  2737   000E7E                     CANSTAT_RO4     equ	3710	;# 
  2738   000E7F                     CANCON_RO4      equ	3711	;# 
  2739   000F00                     RXF0SIDH        equ	3840	;# 
  2740   000F01                     RXF0SIDL        equ	3841	;# 
  2741   000F02                     RXF0EIDH        equ	3842	;# 
  2742   000F03                     RXF0EIDL        equ	3843	;# 
  2743   000F04                     RXF1SIDH        equ	3844	;# 
  2744   000F05                     RXF1SIDL        equ	3845	;# 
  2745   000F06                     RXF1EIDH        equ	3846	;# 
  2746   000F07                     RXF1EIDL        equ	3847	;# 
  2747   000F08                     RXF2SIDH        equ	3848	;# 
  2748   000F09                     RXF2SIDL        equ	3849	;# 
  2749   000F0A                     RXF2EIDH        equ	3850	;# 
  2750   000F0B                     RXF2EIDL        equ	3851	;# 
  2751   000F0C                     RXF3SIDH        equ	3852	;# 
  2752   000F0D                     RXF3SIDL        equ	3853	;# 
  2753   000F0E                     RXF3EIDH        equ	3854	;# 
  2754   000F0F                     RXF3EIDL        equ	3855	;# 
  2755   000F10                     RXF4SIDH        equ	3856	;# 
  2756   000F11                     RXF4SIDL        equ	3857	;# 
  2757   000F12                     RXF4EIDH        equ	3858	;# 
  2758   000F13                     RXF4EIDL        equ	3859	;# 
  2759   000F14                     RXF5SIDH        equ	3860	;# 
  2760   000F15                     RXF5SIDL        equ	3861	;# 
  2761   000F16                     RXF5EIDH        equ	3862	;# 
  2762   000F17                     RXF5EIDL        equ	3863	;# 
  2763   000F18                     RXM0SIDH        equ	3864	;# 
  2764   000F19                     RXM0SIDL        equ	3865	;# 
  2765   000F1A                     RXM0EIDH        equ	3866	;# 
  2766   000F1B                     RXM0EIDL        equ	3867	;# 
  2767   000F1C                     RXM1SIDH        equ	3868	;# 
  2768   000F1D                     RXM1SIDL        equ	3869	;# 
  2769   000F1E                     RXM1EIDH        equ	3870	;# 
  2770   000F1F                     RXM1EIDL        equ	3871	;# 
  2771   000F20                     TXB2CON         equ	3872	;# 
  2772   000F21                     TXB2SIDH        equ	3873	;# 
  2773   000F22                     TXB2SIDL        equ	3874	;# 
  2774   000F23                     TXB2EIDH        equ	3875	;# 
  2775   000F24                     TXB2EIDL        equ	3876	;# 
  2776   000F25                     TXB2DLC         equ	3877	;# 
  2777   000F26                     TXB2D0          equ	3878	;# 
  2778   000F27                     TXB2D1          equ	3879	;# 
  2779   000F28                     TXB2D2          equ	3880	;# 
  2780   000F29                     TXB2D3          equ	3881	;# 
  2781   000F2A                     TXB2D4          equ	3882	;# 
  2782   000F2B                     TXB2D5          equ	3883	;# 
  2783   000F2C                     TXB2D6          equ	3884	;# 
  2784   000F2D                     TXB2D7          equ	3885	;# 
  2785   000F2E                     CANSTAT_RO3     equ	3886	;# 
  2786   000F2F                     CANCON_RO3      equ	3887	;# 
  2787   000F30                     TXB1CON         equ	3888	;# 
  2788   000F31                     TXB1SIDH        equ	3889	;# 
  2789   000F32                     TXB1SIDL        equ	3890	;# 
  2790   000F33                     TXB1EIDH        equ	3891	;# 
  2791   000F34                     TXB1EIDL        equ	3892	;# 
  2792   000F35                     TXB1DLC         equ	3893	;# 
  2793   000F36                     TXB1D0          equ	3894	;# 
  2794   000F37                     TXB1D1          equ	3895	;# 
  2795   000F38                     TXB1D2          equ	3896	;# 
  2796   000F39                     TXB1D3          equ	3897	;# 
  2797   000F3A                     TXB1D4          equ	3898	;# 
  2798   000F3B                     TXB1D5          equ	3899	;# 
  2799   000F3C                     TXB1D6          equ	3900	;# 
  2800   000F3D                     TXB1D7          equ	3901	;# 
  2801   000F3E                     CANSTAT_RO2     equ	3902	;# 
  2802   000F3F                     CANCON_RO2      equ	3903	;# 
  2803   000F40                     TXB0CON         equ	3904	;# 
  2804   000F41                     TXB0SIDH        equ	3905	;# 
  2805   000F42                     TXB0SIDL        equ	3906	;# 
  2806   000F43                     TXB0EIDH        equ	3907	;# 
  2807   000F44                     TXB0EIDL        equ	3908	;# 
  2808   000F45                     TXB0DLC         equ	3909	;# 
  2809   000F46                     TXB0D0          equ	3910	;# 
  2810   000F47                     TXB0D1          equ	3911	;# 
  2811   000F48                     TXB0D2          equ	3912	;# 
  2812   000F49                     TXB0D3          equ	3913	;# 
  2813   000F4A                     TXB0D4          equ	3914	;# 
  2814   000F4B                     TXB0D5          equ	3915	;# 
  2815   000F4C                     TXB0D6          equ	3916	;# 
  2816   000F4D                     TXB0D7          equ	3917	;# 
  2817   000F4E                     CANSTAT_RO1     equ	3918	;# 
  2818   000F4F                     CANCON_RO1      equ	3919	;# 
  2819   000F50                     RXB1CON         equ	3920	;# 
  2820   000F51                     RXB1SIDH        equ	3921	;# 
  2821   000F52                     RXB1SIDL        equ	3922	;# 
  2822   000F53                     RXB1EIDH        equ	3923	;# 
  2823   000F54                     RXB1EIDL        equ	3924	;# 
  2824   000F55                     RXB1DLC         equ	3925	;# 
  2825   000F56                     RXB1D0          equ	3926	;# 
  2826   000F57                     RXB1D1          equ	3927	;# 
  2827   000F58                     RXB1D2          equ	3928	;# 
  2828   000F59                     RXB1D3          equ	3929	;# 
  2829   000F5A                     RXB1D4          equ	3930	;# 
  2830   000F5B                     RXB1D5          equ	3931	;# 
  2831   000F5C                     RXB1D6          equ	3932	;# 
  2832   000F5D                     RXB1D7          equ	3933	;# 
  2833   000F5E                     CANSTAT_RO0     equ	3934	;# 
  2834   000F5F                     CANCON_RO0      equ	3935	;# 
  2835   000F60                     RXB0CON         equ	3936	;# 
  2836   000F61                     RXB0SIDH        equ	3937	;# 
  2837   000F62                     RXB0SIDL        equ	3938	;# 
  2838   000F63                     RXB0EIDH        equ	3939	;# 
  2839   000F64                     RXB0EIDL        equ	3940	;# 
  2840   000F65                     RXB0DLC         equ	3941	;# 
  2841   000F66                     RXB0D0          equ	3942	;# 
  2842   000F67                     RXB0D1          equ	3943	;# 
  2843   000F68                     RXB0D2          equ	3944	;# 
  2844   000F69                     RXB0D3          equ	3945	;# 
  2845   000F6A                     RXB0D4          equ	3946	;# 
  2846   000F6B                     RXB0D5          equ	3947	;# 
  2847   000F6C                     RXB0D6          equ	3948	;# 
  2848   000F6D                     RXB0D7          equ	3949	;# 
  2849   000F6E                     CANSTAT         equ	3950	;# 
  2850   000F6F                     CANCON          equ	3951	;# 
  2851   000F70                     BRGCON1         equ	3952	;# 
  2852   000F71                     BRGCON2         equ	3953	;# 
  2853   000F72                     BRGCON3         equ	3954	;# 
  2854   000F73                     CIOCON          equ	3955	;# 
  2855   000F74                     COMSTAT         equ	3956	;# 
  2856   000F75                     RXERRCNT        equ	3957	;# 
  2857   000F76                     TXERRCNT        equ	3958	;# 
  2858   000F77                     ECANCON         equ	3959	;# 
  2859   000F80                     PORTA           equ	3968	;# 
  2860   000F81                     PORTB           equ	3969	;# 
  2861   000F82                     PORTC           equ	3970	;# 
  2862   000F83                     PORTD           equ	3971	;# 
  2863   000F84                     PORTE           equ	3972	;# 
  2864   000F89                     LATA            equ	3977	;# 
  2865   000F8A                     LATB            equ	3978	;# 
  2866   000F8B                     LATC            equ	3979	;# 
  2867   000F8C                     LATD            equ	3980	;# 
  2868   000F8D                     LATE            equ	3981	;# 
  2869   000F92                     TRISA           equ	3986	;# 
  2870   000F92                     DDRA            equ	3986	;# 
  2871   000F93                     TRISB           equ	3987	;# 
  2872   000F93                     DDRB            equ	3987	;# 
  2873   000F94                     TRISC           equ	3988	;# 
  2874   000F94                     DDRC            equ	3988	;# 
  2875   000F95                     TRISD           equ	3989	;# 
  2876   000F95                     DDRD            equ	3989	;# 
  2877   000F96                     TRISE           equ	3990	;# 
  2878   000F96                     DDRE            equ	3990	;# 
  2879   000F9B                     OSCTUNE         equ	3995	;# 
  2880   000F9D                     PIE1            equ	3997	;# 
  2881   000F9E                     PIR1            equ	3998	;# 
  2882   000F9F                     IPR1            equ	3999	;# 
  2883   000FA0                     PIE2            equ	4000	;# 
  2884   000FA1                     PIR2            equ	4001	;# 
  2885   000FA2                     IPR2            equ	4002	;# 
  2886   000FA3                     PIE3            equ	4003	;# 
  2887   000FA4                     PIR3            equ	4004	;# 
  2888   000FA5                     IPR3            equ	4005	;# 
  2889   000FA6                     EECON1          equ	4006	;# 
  2890   000FA7                     EECON2          equ	4007	;# 
  2891   000FA8                     EEDATA          equ	4008	;# 
  2892   000FA9                     EEADR           equ	4009	;# 
  2893   000FAB                     RCSTA           equ	4011	;# 
  2894   000FAB                     RCSTA1          equ	4011	;# 
  2895   000FAC                     TXSTA           equ	4012	;# 
  2896   000FAC                     TXSTA1          equ	4012	;# 
  2897   000FAD                     TXREG           equ	4013	;# 
  2898   000FAD                     TXREG1          equ	4013	;# 
  2899   000FAE                     RCREG           equ	4014	;# 
  2900   000FAE                     RCREG1          equ	4014	;# 
  2901   000FAF                     SPBRG           equ	4015	;# 
  2902   000FAF                     SPBRG1          equ	4015	;# 
  2903   000FB0                     SPBRGH          equ	4016	;# 
  2904   000FB1                     T3CON           equ	4017	;# 
  2905   000FB2                     TMR3            equ	4018	;# 
  2906   000FB2                     TMR3L           equ	4018	;# 
  2907   000FB3                     TMR3H           equ	4019	;# 
  2908   000FB4                     CMCON           equ	4020	;# 
  2909   000FB5                     CVRCON          equ	4021	;# 
  2910   000FB6                     ECCP1AS         equ	4022	;# 
  2911   000FB7                     ECCP1DEL        equ	4023	;# 
  2912   000FB8                     BAUDCON         equ	4024	;# 
  2913   000FB8                     BAUDCTL         equ	4024	;# 
  2914   000FBA                     ECCP1CON        equ	4026	;# 
  2915   000FBB                     ECCPR1          equ	4027	;# 
  2916   000FBB                     ECCPR1L         equ	4027	;# 
  2917   000FBC                     ECCPR1H         equ	4028	;# 
  2918   000FBD                     CCP1CON         equ	4029	;# 
  2919   000FBE                     CCPR1           equ	4030	;# 
  2920   000FBE                     CCPR1L          equ	4030	;# 
  2921   000FBF                     CCPR1H          equ	4031	;# 
  2922   000FC0                     ADCON2          equ	4032	;# 
  2923   000FC1                     ADCON1          equ	4033	;# 
  2924   000FC2                     ADCON0          equ	4034	;# 
  2925   000FC3                     ADRES           equ	4035	;# 
  2926   000FC3                     ADRESL          equ	4035	;# 
  2927   000FC4                     ADRESH          equ	4036	;# 
  2928   000FC5                     SSPCON2         equ	4037	;# 
  2929   000FC6                     SSPCON1         equ	4038	;# 
  2930   000FC7                     SSPSTAT         equ	4039	;# 
  2931   000FC8                     SSPADD          equ	4040	;# 
  2932   000FC9                     SSPBUF          equ	4041	;# 
  2933   000FCA                     T2CON           equ	4042	;# 
  2934   000FCB                     PR2             equ	4043	;# 
  2935   000FCB                     MEMCON          equ	4043	;# 
  2936   000FCC                     TMR2            equ	4044	;# 
  2937   000FCD                     T1CON           equ	4045	;# 
  2938   000FCE                     TMR1            equ	4046	;# 
  2939   000FCE                     TMR1L           equ	4046	;# 
  2940   000FCF                     TMR1H           equ	4047	;# 
  2941   000FD0                     RCON            equ	4048	;# 
  2942   000FD1                     WDTCON          equ	4049	;# 
  2943   000FD2                     HLVDCON         equ	4050	;# 
  2944   000FD2                     LVDCON          equ	4050	;# 
  2945   000FD3                     OSCCON          equ	4051	;# 
  2946   000FD5                     T0CON           equ	4053	;# 
  2947   000FD6                     TMR0            equ	4054	;# 
  2948   000FD6                     TMR0L           equ	4054	;# 
  2949   000FD7                     TMR0H           equ	4055	;# 
  2950   000FD8                     STATUS          equ	4056	;# 
  2951   000FD9                     FSR2            equ	4057	;# 
  2952   000FD9                     FSR2L           equ	4057	;# 
  2953   000FDA                     FSR2H           equ	4058	;# 
  2954   000FDB                     PLUSW2          equ	4059	;# 
  2955   000FDC                     PREINC2         equ	4060	;# 
  2956   000FDD                     POSTDEC2        equ	4061	;# 
  2957   000FDE                     POSTINC2        equ	4062	;# 
  2958   000FDF                     INDF2           equ	4063	;# 
  2959   000FE0                     BSR             equ	4064	;# 
  2960   000FE1                     FSR1            equ	4065	;# 
  2961   000FE1                     FSR1L           equ	4065	;# 
  2962   000FE2                     FSR1H           equ	4066	;# 
  2963   000FE3                     PLUSW1          equ	4067	;# 
  2964   000FE4                     PREINC1         equ	4068	;# 
  2965   000FE5                     POSTDEC1        equ	4069	;# 
  2966   000FE6                     POSTINC1        equ	4070	;# 
  2967   000FE7                     INDF1           equ	4071	;# 
  2968   000FE8                     WREG            equ	4072	;# 
  2969   000FE9                     FSR0            equ	4073	;# 
  2970   000FE9                     FSR0L           equ	4073	;# 
  2971   000FEA                     FSR0H           equ	4074	;# 
  2972   000FEB                     PLUSW0          equ	4075	;# 
  2973   000FEC                     PREINC0         equ	4076	;# 
  2974   000FED                     POSTDEC0        equ	4077	;# 
  2975   000FEE                     POSTINC0        equ	4078	;# 
  2976   000FEF                     INDF0           equ	4079	;# 
  2977   000FF0                     INTCON3         equ	4080	;# 
  2978   000FF1                     INTCON2         equ	4081	;# 
  2979   000FF2                     INTCON          equ	4082	;# 
  2980   000FF3                     PROD            equ	4083	;# 
  2981   000FF3                     PRODL           equ	4083	;# 
  2982   000FF4                     PRODH           equ	4084	;# 
  2983   000FF5                     TABLAT          equ	4085	;# 
  2984   000FF6                     TBLPTR          equ	4086	;# 
  2985   000FF6                     TBLPTRL         equ	4086	;# 
  2986   000FF7                     TBLPTRH         equ	4087	;# 
  2987   000FF8                     TBLPTRU         equ	4088	;# 
  2988   000FF9                     PCLAT           equ	4089	;# 
  2989   000FF9                     PC              equ	4089	;# 
  2990   000FF9                     PCL             equ	4089	;# 
  2991   000FFA                     PCLATH          equ	4090	;# 
  2992   000FFB                     PCLATU          equ	4091	;# 
  2993   000FFC                     STKPTR          equ	4092	;# 
  2994   000FFD                     TOS             equ	4093	;# 
  2995   000FFD                     TOSL            equ	4093	;# 
  2996   000FFE                     TOSH            equ	4094	;# 
  2997   000FFF                     TOSU            equ	4095	;# 
  2998   000D60                     RXF6SIDH        equ	3424	;# 
  2999   000D61                     RXF6SIDL        equ	3425	;# 
  3000   000D62                     RXF6EIDH        equ	3426	;# 
  3001   000D63                     RXF6EIDL        equ	3427	;# 
  3002   000D64                     RXF7SIDH        equ	3428	;# 
  3003   000D65                     RXF7SIDL        equ	3429	;# 
  3004   000D66                     RXF7EIDH        equ	3430	;# 
  3005   000D67                     RXF7EIDL        equ	3431	;# 
  3006   000D68                     RXF8SIDH        equ	3432	;# 
  3007   000D69                     RXF8SIDL        equ	3433	;# 
  3008   000D6A                     RXF8EIDH        equ	3434	;# 
  3009   000D6B                     RXF8EIDL        equ	3435	;# 
  3010   000D70                     RXF9SIDH        equ	3440	;# 
  3011   000D71                     RXF9SIDL        equ	3441	;# 
  3012   000D72                     RXF9EIDH        equ	3442	;# 
  3013   000D73                     RXF9EIDL        equ	3443	;# 
  3014   000D74                     RXF10SIDH       equ	3444	;# 
  3015   000D75                     RXF10SIDL       equ	3445	;# 
  3016   000D76                     RXF10EIDH       equ	3446	;# 
  3017   000D77                     RXF10EIDL       equ	3447	;# 
  3018   000D78                     RXF11SIDH       equ	3448	;# 
  3019   000D79                     RXF11SIDL       equ	3449	;# 
  3020   000D7A                     RXF11EIDH       equ	3450	;# 
  3021   000D7B                     RXF11EIDL       equ	3451	;# 
  3022   000D80                     RXF12SIDH       equ	3456	;# 
  3023   000D81                     RXF12SIDL       equ	3457	;# 
  3024   000D82                     RXF12EIDH       equ	3458	;# 
  3025   000D83                     RXF12EIDL       equ	3459	;# 
  3026   000D84                     RXF13SIDH       equ	3460	;# 
  3027   000D85                     RXF13SIDL       equ	3461	;# 
  3028   000D86                     RXF13EIDH       equ	3462	;# 
  3029   000D87                     RXF13EIDL       equ	3463	;# 
  3030   000D88                     RXF14SIDH       equ	3464	;# 
  3031   000D89                     RXF14SIDL       equ	3465	;# 
  3032   000D8A                     RXF14EIDH       equ	3466	;# 
  3033   000D8B                     RXF14EIDL       equ	3467	;# 
  3034   000D90                     RXF15SIDH       equ	3472	;# 
  3035   000D91                     RXF15SIDL       equ	3473	;# 
  3036   000D92                     RXF15EIDH       equ	3474	;# 
  3037   000D93                     RXF15EIDL       equ	3475	;# 
  3038   000DD4                     RXFCON0         equ	3540	;# 
  3039   000DD5                     RXFCON1         equ	3541	;# 
  3040   000DD8                     SDFLC           equ	3544	;# 
  3041   000DE0                     RXFBCON0        equ	3552	;# 
  3042   000DE1                     RXFBCON1        equ	3553	;# 
  3043   000DE2                     RXFBCON2        equ	3554	;# 
  3044   000DE3                     RXFBCON3        equ	3555	;# 
  3045   000DE4                     RXFBCON4        equ	3556	;# 
  3046   000DE5                     RXFBCON5        equ	3557	;# 
  3047   000DE6                     RXFBCON6        equ	3558	;# 
  3048   000DE7                     RXFBCON7        equ	3559	;# 
  3049   000DF0                     MSEL0           equ	3568	;# 
  3050   000DF1                     MSEL1           equ	3569	;# 
  3051   000DF2                     MSEL2           equ	3570	;# 
  3052   000DF3                     MSEL3           equ	3571	;# 
  3053   000DF8                     BSEL0           equ	3576	;# 
  3054   000DFA                     BIE0            equ	3578	;# 
  3055   000DFC                     TXBIE           equ	3580	;# 
  3056   000E20                     B0CON           equ	3616	;# 
  3057   000E21                     B0SIDH          equ	3617	;# 
  3058   000E22                     B0SIDL          equ	3618	;# 
  3059   000E23                     B0EIDH          equ	3619	;# 
  3060   000E24                     B0EIDL          equ	3620	;# 
  3061   000E25                     B0DLC           equ	3621	;# 
  3062   000E26                     B0D0            equ	3622	;# 
  3063   000E27                     B0D1            equ	3623	;# 
  3064   000E28                     B0D2            equ	3624	;# 
  3065   000E29                     B0D3            equ	3625	;# 
  3066   000E2A                     B0D4            equ	3626	;# 
  3067   000E2B                     B0D5            equ	3627	;# 
  3068   000E2C                     B0D6            equ	3628	;# 
  3069   000E2D                     B0D7            equ	3629	;# 
  3070   000E2E                     CANSTAT_RO9     equ	3630	;# 
  3071   000E2F                     CANCON_RO9      equ	3631	;# 
  3072   000E30                     B1CON           equ	3632	;# 
  3073   000E31                     B1SIDH          equ	3633	;# 
  3074   000E32                     B1SIDL          equ	3634	;# 
  3075   000E33                     B1EIDH          equ	3635	;# 
  3076   000E34                     B1EIDL          equ	3636	;# 
  3077   000E35                     B1DLC           equ	3637	;# 
  3078   000E36                     B1D0            equ	3638	;# 
  3079   000E37                     B1D1            equ	3639	;# 
  3080   000E38                     B1D2            equ	3640	;# 
  3081   000E39                     B1D3            equ	3641	;# 
  3082   000E3A                     B1D4            equ	3642	;# 
  3083   000E3B                     B1D5            equ	3643	;# 
  3084   000E3C                     B1D6            equ	3644	;# 
  3085   000E3D                     B1D7            equ	3645	;# 
  3086   000E3E                     CANSTAT_RO8     equ	3646	;# 
  3087   000E3F                     CANCON_RO8      equ	3647	;# 
  3088   000E40                     B2CON           equ	3648	;# 
  3089   000E41                     B2SIDH          equ	3649	;# 
  3090   000E42                     B2SIDL          equ	3650	;# 
  3091   000E43                     B2EIDH          equ	3651	;# 
  3092   000E44                     B2EIDL          equ	3652	;# 
  3093   000E45                     B2DLC           equ	3653	;# 
  3094   000E46                     B2D0            equ	3654	;# 
  3095   000E47                     B2D1            equ	3655	;# 
  3096   000E48                     B2D2            equ	3656	;# 
  3097   000E49                     B2D3            equ	3657	;# 
  3098   000E4A                     B2D4            equ	3658	;# 
  3099   000E4B                     B2D5            equ	3659	;# 
  3100   000E4C                     B2D6            equ	3660	;# 
  3101   000E4D                     B2D7            equ	3661	;# 
  3102   000E4E                     CANSTAT_RO7     equ	3662	;# 
  3103   000E4F                     CANCON_RO7      equ	3663	;# 
  3104   000E50                     B3CON           equ	3664	;# 
  3105   000E51                     B3SIDH          equ	3665	;# 
  3106   000E52                     B3SIDL          equ	3666	;# 
  3107   000E53                     B3EIDH          equ	3667	;# 
  3108   000E54                     B3EIDL          equ	3668	;# 
  3109   000E55                     B3DLC           equ	3669	;# 
  3110   000E56                     B3D0            equ	3670	;# 
  3111   000E57                     B3D1            equ	3671	;# 
  3112   000E58                     B3D2            equ	3672	;# 
  3113   000E59                     B3D3            equ	3673	;# 
  3114   000E5A                     B3D4            equ	3674	;# 
  3115   000E5B                     B3D5            equ	3675	;# 
  3116   000E5C                     B3D6            equ	3676	;# 
  3117   000E5D                     B3D7            equ	3677	;# 
  3118   000E5E                     CANSTAT_RO6     equ	3678	;# 
  3119   000E5F                     CANCON_RO6      equ	3679	;# 
  3120   000E60                     B4CON           equ	3680	;# 
  3121   000E61                     B4SIDH          equ	3681	;# 
  3122   000E62                     B4SIDL          equ	3682	;# 
  3123   000E63                     B4EIDH          equ	3683	;# 
  3124   000E64                     B4EIDL          equ	3684	;# 
  3125   000E65                     B4DLC           equ	3685	;# 
  3126   000E66                     B4D0            equ	3686	;# 
  3127   000E67                     B4D1            equ	3687	;# 
  3128   000E68                     B4D2            equ	3688	;# 
  3129   000E69                     B4D3            equ	3689	;# 
  3130   000E6A                     B4D4            equ	3690	;# 
  3131   000E6B                     B4D5            equ	3691	;# 
  3132   000E6C                     B4D6            equ	3692	;# 
  3133   000E6D                     B4D7            equ	3693	;# 
  3134   000E6E                     CANSTAT_RO5     equ	3694	;# 
  3135   000E6F                     CANCON_RO5      equ	3695	;# 
  3136   000E70                     B5CON           equ	3696	;# 
  3137   000E71                     B5SIDH          equ	3697	;# 
  3138   000E72                     B5SIDL          equ	3698	;# 
  3139   000E73                     B5EIDH          equ	3699	;# 
  3140   000E74                     B5EIDL          equ	3700	;# 
  3141   000E75                     B5DLC           equ	3701	;# 
  3142   000E76                     B5D0            equ	3702	;# 
  3143   000E77                     B5D1            equ	3703	;# 
  3144   000E78                     B5D2            equ	3704	;# 
  3145   000E79                     B5D3            equ	3705	;# 
  3146   000E7A                     B5D4            equ	3706	;# 
  3147   000E7B                     B5D5            equ	3707	;# 
  3148   000E7C                     B5D6            equ	3708	;# 
  3149   000E7D                     B5D7            equ	3709	;# 
  3150   000E7E                     CANSTAT_RO4     equ	3710	;# 
  3151   000E7F                     CANCON_RO4      equ	3711	;# 
  3152   000F00                     RXF0SIDH        equ	3840	;# 
  3153   000F01                     RXF0SIDL        equ	3841	;# 
  3154   000F02                     RXF0EIDH        equ	3842	;# 
  3155   000F03                     RXF0EIDL        equ	3843	;# 
  3156   000F04                     RXF1SIDH        equ	3844	;# 
  3157   000F05                     RXF1SIDL        equ	3845	;# 
  3158   000F06                     RXF1EIDH        equ	3846	;# 
  3159   000F07                     RXF1EIDL        equ	3847	;# 
  3160   000F08                     RXF2SIDH        equ	3848	;# 
  3161   000F09                     RXF2SIDL        equ	3849	;# 
  3162   000F0A                     RXF2EIDH        equ	3850	;# 
  3163   000F0B                     RXF2EIDL        equ	3851	;# 
  3164   000F0C                     RXF3SIDH        equ	3852	;# 
  3165   000F0D                     RXF3SIDL        equ	3853	;# 
  3166   000F0E                     RXF3EIDH        equ	3854	;# 
  3167   000F0F                     RXF3EIDL        equ	3855	;# 
  3168   000F10                     RXF4SIDH        equ	3856	;# 
  3169   000F11                     RXF4SIDL        equ	3857	;# 
  3170   000F12                     RXF4EIDH        equ	3858	;# 
  3171   000F13                     RXF4EIDL        equ	3859	;# 
  3172   000F14                     RXF5SIDH        equ	3860	;# 
  3173   000F15                     RXF5SIDL        equ	3861	;# 
  3174   000F16                     RXF5EIDH        equ	3862	;# 
  3175   000F17                     RXF5EIDL        equ	3863	;# 
  3176   000F18                     RXM0SIDH        equ	3864	;# 
  3177   000F19                     RXM0SIDL        equ	3865	;# 
  3178   000F1A                     RXM0EIDH        equ	3866	;# 
  3179   000F1B                     RXM0EIDL        equ	3867	;# 
  3180   000F1C                     RXM1SIDH        equ	3868	;# 
  3181   000F1D                     RXM1SIDL        equ	3869	;# 
  3182   000F1E                     RXM1EIDH        equ	3870	;# 
  3183   000F1F                     RXM1EIDL        equ	3871	;# 
  3184   000F20                     TXB2CON         equ	3872	;# 
  3185   000F21                     TXB2SIDH        equ	3873	;# 
  3186   000F22                     TXB2SIDL        equ	3874	;# 
  3187   000F23                     TXB2EIDH        equ	3875	;# 
  3188   000F24                     TXB2EIDL        equ	3876	;# 
  3189   000F25                     TXB2DLC         equ	3877	;# 
  3190   000F26                     TXB2D0          equ	3878	;# 
  3191   000F27                     TXB2D1          equ	3879	;# 
  3192   000F28                     TXB2D2          equ	3880	;# 
  3193   000F29                     TXB2D3          equ	3881	;# 
  3194   000F2A                     TXB2D4          equ	3882	;# 
  3195   000F2B                     TXB2D5          equ	3883	;# 
  3196   000F2C                     TXB2D6          equ	3884	;# 
  3197   000F2D                     TXB2D7          equ	3885	;# 
  3198   000F2E                     CANSTAT_RO3     equ	3886	;# 
  3199   000F2F                     CANCON_RO3      equ	3887	;# 
  3200   000F30                     TXB1CON         equ	3888	;# 
  3201   000F31                     TXB1SIDH        equ	3889	;# 
  3202   000F32                     TXB1SIDL        equ	3890	;# 
  3203   000F33                     TXB1EIDH        equ	3891	;# 
  3204   000F34                     TXB1EIDL        equ	3892	;# 
  3205   000F35                     TXB1DLC         equ	3893	;# 
  3206   000F36                     TXB1D0          equ	3894	;# 
  3207   000F37                     TXB1D1          equ	3895	;# 
  3208   000F38                     TXB1D2          equ	3896	;# 
  3209   000F39                     TXB1D3          equ	3897	;# 
  3210   000F3A                     TXB1D4          equ	3898	;# 
  3211   000F3B                     TXB1D5          equ	3899	;# 
  3212   000F3C                     TXB1D6          equ	3900	;# 
  3213   000F3D                     TXB1D7          equ	3901	;# 
  3214   000F3E                     CANSTAT_RO2     equ	3902	;# 
  3215   000F3F                     CANCON_RO2      equ	3903	;# 
  3216   000F40                     TXB0CON         equ	3904	;# 
  3217   000F41                     TXB0SIDH        equ	3905	;# 
  3218   000F42                     TXB0SIDL        equ	3906	;# 
  3219   000F43                     TXB0EIDH        equ	3907	;# 
  3220   000F44                     TXB0EIDL        equ	3908	;# 
  3221   000F45                     TXB0DLC         equ	3909	;# 
  3222   000F46                     TXB0D0          equ	3910	;# 
  3223   000F47                     TXB0D1          equ	3911	;# 
  3224   000F48                     TXB0D2          equ	3912	;# 
  3225   000F49                     TXB0D3          equ	3913	;# 
  3226   000F4A                     TXB0D4          equ	3914	;# 
  3227   000F4B                     TXB0D5          equ	3915	;# 
  3228   000F4C                     TXB0D6          equ	3916	;# 
  3229   000F4D                     TXB0D7          equ	3917	;# 
  3230   000F4E                     CANSTAT_RO1     equ	3918	;# 
  3231   000F4F                     CANCON_RO1      equ	3919	;# 
  3232   000F50                     RXB1CON         equ	3920	;# 
  3233   000F51                     RXB1SIDH        equ	3921	;# 
  3234   000F52                     RXB1SIDL        equ	3922	;# 
  3235   000F53                     RXB1EIDH        equ	3923	;# 
  3236   000F54                     RXB1EIDL        equ	3924	;# 
  3237   000F55                     RXB1DLC         equ	3925	;# 
  3238   000F56                     RXB1D0          equ	3926	;# 
  3239   000F57                     RXB1D1          equ	3927	;# 
  3240   000F58                     RXB1D2          equ	3928	;# 
  3241   000F59                     RXB1D3          equ	3929	;# 
  3242   000F5A                     RXB1D4          equ	3930	;# 
  3243   000F5B                     RXB1D5          equ	3931	;# 
  3244   000F5C                     RXB1D6          equ	3932	;# 
  3245   000F5D                     RXB1D7          equ	3933	;# 
  3246   000F5E                     CANSTAT_RO0     equ	3934	;# 
  3247   000F5F                     CANCON_RO0      equ	3935	;# 
  3248   000F60                     RXB0CON         equ	3936	;# 
  3249   000F61                     RXB0SIDH        equ	3937	;# 
  3250   000F62                     RXB0SIDL        equ	3938	;# 
  3251   000F63                     RXB0EIDH        equ	3939	;# 
  3252   000F64                     RXB0EIDL        equ	3940	;# 
  3253   000F65                     RXB0DLC         equ	3941	;# 
  3254   000F66                     RXB0D0          equ	3942	;# 
  3255   000F67                     RXB0D1          equ	3943	;# 
  3256   000F68                     RXB0D2          equ	3944	;# 
  3257   000F69                     RXB0D3          equ	3945	;# 
  3258   000F6A                     RXB0D4          equ	3946	;# 
  3259   000F6B                     RXB0D5          equ	3947	;# 
  3260   000F6C                     RXB0D6          equ	3948	;# 
  3261   000F6D                     RXB0D7          equ	3949	;# 
  3262   000F6E                     CANSTAT         equ	3950	;# 
  3263   000F6F                     CANCON          equ	3951	;# 
  3264   000F70                     BRGCON1         equ	3952	;# 
  3265   000F71                     BRGCON2         equ	3953	;# 
  3266   000F72                     BRGCON3         equ	3954	;# 
  3267   000F73                     CIOCON          equ	3955	;# 
  3268   000F74                     COMSTAT         equ	3956	;# 
  3269   000F75                     RXERRCNT        equ	3957	;# 
  3270   000F76                     TXERRCNT        equ	3958	;# 
  3271   000F77                     ECANCON         equ	3959	;# 
  3272   000F80                     PORTA           equ	3968	;# 
  3273   000F81                     PORTB           equ	3969	;# 
  3274   000F82                     PORTC           equ	3970	;# 
  3275   000F83                     PORTD           equ	3971	;# 
  3276   000F84                     PORTE           equ	3972	;# 
  3277   000F89                     LATA            equ	3977	;# 
  3278   000F8A                     LATB            equ	3978	;# 
  3279   000F8B                     LATC            equ	3979	;# 
  3280   000F8C                     LATD            equ	3980	;# 
  3281   000F8D                     LATE            equ	3981	;# 
  3282   000F92                     TRISA           equ	3986	;# 
  3283   000F92                     DDRA            equ	3986	;# 
  3284   000F93                     TRISB           equ	3987	;# 
  3285   000F93                     DDRB            equ	3987	;# 
  3286   000F94                     TRISC           equ	3988	;# 
  3287   000F94                     DDRC            equ	3988	;# 
  3288   000F95                     TRISD           equ	3989	;# 
  3289   000F95                     DDRD            equ	3989	;# 
  3290   000F96                     TRISE           equ	3990	;# 
  3291   000F96                     DDRE            equ	3990	;# 
  3292   000F9B                     OSCTUNE         equ	3995	;# 
  3293   000F9D                     PIE1            equ	3997	;# 
  3294   000F9E                     PIR1            equ	3998	;# 
  3295   000F9F                     IPR1            equ	3999	;# 
  3296   000FA0                     PIE2            equ	4000	;# 
  3297   000FA1                     PIR2            equ	4001	;# 
  3298   000FA2                     IPR2            equ	4002	;# 
  3299   000FA3                     PIE3            equ	4003	;# 
  3300   000FA4                     PIR3            equ	4004	;# 
  3301   000FA5                     IPR3            equ	4005	;# 
  3302   000FA6                     EECON1          equ	4006	;# 
  3303   000FA7                     EECON2          equ	4007	;# 
  3304   000FA8                     EEDATA          equ	4008	;# 
  3305   000FA9                     EEADR           equ	4009	;# 
  3306   000FAB                     RCSTA           equ	4011	;# 
  3307   000FAB                     RCSTA1          equ	4011	;# 
  3308   000FAC                     TXSTA           equ	4012	;# 
  3309   000FAC                     TXSTA1          equ	4012	;# 
  3310   000FAD                     TXREG           equ	4013	;# 
  3311   000FAD                     TXREG1          equ	4013	;# 
  3312   000FAE                     RCREG           equ	4014	;# 
  3313   000FAE                     RCREG1          equ	4014	;# 
  3314   000FAF                     SPBRG           equ	4015	;# 
  3315   000FAF                     SPBRG1          equ	4015	;# 
  3316   000FB0                     SPBRGH          equ	4016	;# 
  3317   000FB1                     T3CON           equ	4017	;# 
  3318   000FB2                     TMR3            equ	4018	;# 
  3319   000FB2                     TMR3L           equ	4018	;# 
  3320   000FB3                     TMR3H           equ	4019	;# 
  3321   000FB4                     CMCON           equ	4020	;# 
  3322   000FB5                     CVRCON          equ	4021	;# 
  3323   000FB6                     ECCP1AS         equ	4022	;# 
  3324   000FB7                     ECCP1DEL        equ	4023	;# 
  3325   000FB8                     BAUDCON         equ	4024	;# 
  3326   000FB8                     BAUDCTL         equ	4024	;# 
  3327   000FBA                     ECCP1CON        equ	4026	;# 
  3328   000FBB                     ECCPR1          equ	4027	;# 
  3329   000FBB                     ECCPR1L         equ	4027	;# 
  3330   000FBC                     ECCPR1H         equ	4028	;# 
  3331   000FBD                     CCP1CON         equ	4029	;# 
  3332   000FBE                     CCPR1           equ	4030	;# 
  3333   000FBE                     CCPR1L          equ	4030	;# 
  3334   000FBF                     CCPR1H          equ	4031	;# 
  3335   000FC0                     ADCON2          equ	4032	;# 
  3336   000FC1                     ADCON1          equ	4033	;# 
  3337   000FC2                     ADCON0          equ	4034	;# 
  3338   000FC3                     ADRES           equ	4035	;# 
  3339   000FC3                     ADRESL          equ	4035	;# 
  3340   000FC4                     ADRESH          equ	4036	;# 
  3341   000FC5                     SSPCON2         equ	4037	;# 
  3342   000FC6                     SSPCON1         equ	4038	;# 
  3343   000FC7                     SSPSTAT         equ	4039	;# 
  3344   000FC8                     SSPADD          equ	4040	;# 
  3345   000FC9                     SSPBUF          equ	4041	;# 
  3346   000FCA                     T2CON           equ	4042	;# 
  3347   000FCB                     PR2             equ	4043	;# 
  3348   000FCB                     MEMCON          equ	4043	;# 
  3349   000FCC                     TMR2            equ	4044	;# 
  3350   000FCD                     T1CON           equ	4045	;# 
  3351   000FCE                     TMR1            equ	4046	;# 
  3352   000FCE                     TMR1L           equ	4046	;# 
  3353   000FCF                     TMR1H           equ	4047	;# 
  3354   000FD0                     RCON            equ	4048	;# 
  3355   000FD1                     WDTCON          equ	4049	;# 
  3356   000FD2                     HLVDCON         equ	4050	;# 
  3357   000FD2                     LVDCON          equ	4050	;# 
  3358   000FD3                     OSCCON          equ	4051	;# 
  3359   000FD5                     T0CON           equ	4053	;# 
  3360   000FD6                     TMR0            equ	4054	;# 
  3361   000FD6                     TMR0L           equ	4054	;# 
  3362   000FD7                     TMR0H           equ	4055	;# 
  3363   000FD8                     STATUS          equ	4056	;# 
  3364   000FD9                     FSR2            equ	4057	;# 
  3365   000FD9                     FSR2L           equ	4057	;# 
  3366   000FDA                     FSR2H           equ	4058	;# 
  3367   000FDB                     PLUSW2          equ	4059	;# 
  3368   000FDC                     PREINC2         equ	4060	;# 
  3369   000FDD                     POSTDEC2        equ	4061	;# 
  3370   000FDE                     POSTINC2        equ	4062	;# 
  3371   000FDF                     INDF2           equ	4063	;# 
  3372   000FE0                     BSR             equ	4064	;# 
  3373   000FE1                     FSR1            equ	4065	;# 
  3374   000FE1                     FSR1L           equ	4065	;# 
  3375   000FE2                     FSR1H           equ	4066	;# 
  3376   000FE3                     PLUSW1          equ	4067	;# 
  3377   000FE4                     PREINC1         equ	4068	;# 
  3378   000FE5                     POSTDEC1        equ	4069	;# 
  3379   000FE6                     POSTINC1        equ	4070	;# 
  3380   000FE7                     INDF1           equ	4071	;# 
  3381   000FE8                     WREG            equ	4072	;# 
  3382   000FE9                     FSR0            equ	4073	;# 
  3383   000FE9                     FSR0L           equ	4073	;# 
  3384   000FEA                     FSR0H           equ	4074	;# 
  3385   000FEB                     PLUSW0          equ	4075	;# 
  3386   000FEC                     PREINC0         equ	4076	;# 
  3387   000FED                     POSTDEC0        equ	4077	;# 
  3388   000FEE                     POSTINC0        equ	4078	;# 
  3389   000FEF                     INDF0           equ	4079	;# 
  3390   000FF0                     INTCON3         equ	4080	;# 
  3391   000FF1                     INTCON2         equ	4081	;# 
  3392   000FF2                     INTCON          equ	4082	;# 
  3393   000FF3                     PROD            equ	4083	;# 
  3394   000FF3                     PRODL           equ	4083	;# 
  3395   000FF4                     PRODH           equ	4084	;# 
  3396   000FF5                     TABLAT          equ	4085	;# 
  3397   000FF6                     TBLPTR          equ	4086	;# 
  3398   000FF6                     TBLPTRL         equ	4086	;# 
  3399   000FF7                     TBLPTRH         equ	4087	;# 
  3400   000FF8                     TBLPTRU         equ	4088	;# 
  3401   000FF9                     PCLAT           equ	4089	;# 
  3402   000FF9                     PC              equ	4089	;# 
  3403   000FF9                     PCL             equ	4089	;# 
  3404   000FFA                     PCLATH          equ	4090	;# 
  3405   000FFB                     PCLATU          equ	4091	;# 
  3406   000FFC                     STKPTR          equ	4092	;# 
  3407   000FFD                     TOS             equ	4093	;# 
  3408   000FFD                     TOSL            equ	4093	;# 
  3409   000FFE                     TOSH            equ	4094	;# 
  3410   000FFF                     TOSU            equ	4095	;# 
  3411                           
  3412                           	psect	idataCOMRAM
  3413   002A5F                     __pidataCOMRAM:
  3414                           	callstack 0
  3415                           
  3416                           ;initializer for handle_gear_data@F10710
  3417   002A5F  52                 	db	82
  3418   002A60  47                 	db	71
  3419   002A61  00                 	db	0
  3420   002A62  4E                 	db	78
  3421   002A63  47                 	db	71
  3422   002A64  00                 	db	0
  3423   002A65  47                 	db	71
  3424   002A66  31                 	db	49
  3425   002A67  00                 	db	0
  3426   002A68  47                 	db	71
  3427   002A69  32                 	db	50
  3428   002A6A  00                 	db	0
  3429   002A6B  47                 	db	71
  3430   002A6C  33                 	db	51
  3431   002A6D  00                 	db	0
  3432   002A6E  47                 	db	71
  3433   002A6F  34                 	db	52
  3434   002A70  00                 	db	0
  3435   002A71  47                 	db	71
  3436   002A72  35                 	db	53
  3437   002A73  00                 	db	0
  3438   002A74  43                 	db	67
  3439   002A75  43                 	db	67
  3440   002A76  00                 	db	0
  3441                           
  3442                           ;initializer for read_matrix_keypad@once
  3443   002A77  01                 	db	1
  3444   000DD4                     _RXFCON0        set	3540
  3445   000F45                     _TXB0DLC        set	3909
  3446   000F44                     _TXB0EIDL       set	3908
  3447   000F43                     _TXB0EIDH       set	3907
  3448   000F41                     _TXB0SIDH       set	3905
  3449   000F42                     _TXB0SIDL       set	3906
  3450   000F46                     _TXB0D0         set	3910
  3451   007A03                     _TXB0REQ        set	31235
  3452   000FD6                     _TMR0           set	4054
  3453   000FAE                     _RCREG          set	4014
  3454   000FAD                     _TXREG          set	4013
  3455   000FAF                     _SPBRG          set	4015
  3456   000F65                     _RXB0DLC        set	3941
  3457   000F61                     _RXB0SIDH       set	3937
  3458   000F62                     _RXB0SIDL       set	3938
  3459   000F60                     _RXB0CONbits    set	3936
  3460   000F60                     _RXB0CON        set	3936
  3461   000F72                     _BRGCON3        set	3954
  3462   000F71                     _BRGCON2        set	3953
  3463   000F70                     _BRGCON1        set	3952
  3464   000F77                     _ECANCON        set	3959
  3465   000F6E                     _CANSTAT        set	3950
  3466   000F6F                     _CANCON         set	3951
  3467   000F94                     _TRISC          set	3988
  3468   000F95                     _TRISD          set	3989
  3469   000F83                     _PORTD          set	3971
  3470   000FC2                     _ADCON0         set	4034
  3471   000FC3                     _ADRESL         set	4035
  3472   000FC4                     _ADRESH         set	4036
  3473   000F81                     _PORTB          set	3969
  3474   000F93                     _TRISB          set	3987
  3475   000F66                     _RXB0D0         set	3942
  3476   007C09                     _RB1            set	31753
  3477   007C0F                     _RB7            set	31759
  3478   007C0E                     _RB6            set	31758
  3479   007C0D                     _RB5            set	31757
  3480   007F8F                     _RBPU           set	32655
  3481   007CF5                     _RCIF           set	31989
  3482   007CF4                     _TXIF           set	31988
  3483   007DC3                     _BRG16          set	32195
  3484   007D5C                     _CREN           set	32092
  3485   007D5E                     _RX9            set	32094
  3486   007D5F                     _SPEN           set	32095
  3487   007D62                     _BRGH           set	32098
  3488   007D63                     _SENDB          set	32099
  3489   007D64                     _SYNC           set	32100
  3490   007D65                     _TXEN           set	32101
  3491   007D66                     _TX9            set	32102
  3492   007CA6                     _TRISC6         set	31910
  3493   007CA7                     _TRISC7         set	31911
  3494   007F95                     _TMR0IE         set	32661
  3495   007F92                     _TMR0IF         set	32658
  3496   007EAB                     _PSA            set	32427
  3497   007EAF                     _TMR0ON         set	32431
  3498   007EAD                     _T0CS           set	32429
  3499   007EAE                     _T08BIT         set	32430
  3500   007D20                     _RXB0IF         set	32032
  3501   007B07                     _RXB0FUL        set	31495
  3502   007C9B                     _TRISB3         set	31899
  3503   007C9A                     _TRISB2         set	31898
  3504   007C1F                     _RD7            set	31775
  3505   007C10                     _RC0            set	31760
  3506   007CAF                     _TRISD7         set	31919
  3507   007C12                     _RC2            set	31762
  3508   007C11                     _RC1            set	31761
  3509   007E11                     _GO             set	32273
  3510   007E10                     _ADON           set	32272
  3511   007E0C                     _VCFG0          set	32268
  3512   007E0D                     _VCFG1          set	32269
  3513   007E11                     _GODONE         set	32273
  3514   007E02                     _ADCS2          set	32258
  3515   007E01                     _ADCS1          set	32257
  3516   007E00                     _ADCS0          set	32256
  3517   007E03                     _ACQT0          set	32259
  3518   007E04                     _ACQT1          set	32260
  3519   007E05                     _ACQT2          set	32261
  3520   007E07                     _ADFM           set	32263
  3521                           
  3522                           	psect	mediumconst
  3523   002FEA                     __pmediumconst:
  3524                           	callstack 0
  3525   002FEA  00                 	db	0
  3526   002FEB                     STR_1:
  3527                           
  3528                           ; BSR set to: 13
  3529   002FEB  53                 	db	83	;'S'
  3530   002FEC  50                 	db	80	;'P'
  3531   002FED  20                 	db	32
  3532   002FEE  47                 	db	71	;'G'
  3533   002FEF  45                 	db	69	;'E'
  3534   002FF0  20                 	db	32
  3535   002FF1  52                 	db	82	;'R'
  3536   002FF2  50                 	db	80	;'P'
  3537   002FF3  4D                 	db	77	;'M'
  3538   002FF4  20                 	db	32
  3539   002FF5  20                 	db	32
  3540   002FF6  49                 	db	73	;'I'
  3541   002FF7  4E                 	db	78	;'N'
  3542   002FF8  44                 	db	68	;'D'
  3543   002FF9  00                 	db	0
  3544   002FFA  00                 	db	0	; dummy byte at the end
  3545   002FEA                     __smallconst    set	__pmediumconst
  3546   002FEA                     __mediumconst   set	__pmediumconst
  3547   000002                     __activetblptr  equ	2
  3548                           
  3549                           ; #config settings
  3550                           
  3551                           	psect	cinit
  3552   002ABE                     __pcinit:
  3553                           	callstack 0
  3554   002ABE                     start_initialization:
  3555                           	callstack 0
  3556   002ABE                     __initialization:
  3557                           	callstack 0
  3558                           
  3559                           ; Initialize objects allocated to COMRAM (25 bytes)
  3560                           ; load TBLPTR registers with __pidataCOMRAM
  3561   002ABE  0E5F               	movlw	low __pidataCOMRAM
  3562   002AC0  6EF6               	movwf	tblptrl,c
  3563   002AC2  0E2A               	movlw	high __pidataCOMRAM
  3564   002AC4  6EF7               	movwf	tblptrh,c
  3565   002AC6  0E00               	movlw	low (__pidataCOMRAM shr (0+16))
  3566   002AC8  6EF8               	movwf	tblptru,c
  3567   002ACA  EE00  F045         	lfsr	0,__pdataCOMRAM
  3568   002ACE  EE10 F019          	lfsr	1,25
  3569   002AD2                     copy_data0:
  3570   002AD2  0009               	tblrd		*+
  3571   002AD4  CFF5 FFEE          	movff	tablat,postinc0
  3572   002AD8  50E5               	movf	postdec1,w,c
  3573   002ADA  50E1               	movf	fsr1l,w,c
  3574   002ADC  E1FA               	bnz	copy_data0
  3575                           
  3576                           ; Clear objects allocated to COMRAM (36 bytes)
  3577   002ADE  EE00  F001         	lfsr	0,__pbssCOMRAM
  3578   002AE2  0E24               	movlw	36
  3579   002AE4                     clear_0:
  3580   002AE4  6AEE               	clrf	postinc0,c
  3581   002AE6  06E8               	decf	wreg,f,c
  3582   002AE8  E1FD               	bnz	clear_0
  3583   002AEA                     end_of_initialization:
  3584                           	callstack 0
  3585   002AEA                     __end_of__initialization:
  3586                           	callstack 0
  3587   002AEA  0E00               	movlw	low (__Lmediumconst shr (0+16))
  3588   002AEC  6EF8               	movwf	tblptru,c
  3589   002AEE  0100               	movlb	0
  3590   002AF0  EF3C  F015         	goto	_main	;jump to C main() function
  3591                           
  3592                           	psect	bssCOMRAM
  3593   000001                     __pbssCOMRAM:
  3594                           	callstack 0
  3595   000001                     _data:
  3596                           	callstack 0
  3597   000001                     	ds	8
  3598   000009                     _RPM:
  3599                           	callstack 0
  3600   000009                     	ds	5
  3601   00000E                     _buff:
  3602                           	callstack 0
  3603   00000E                     	ds	3
  3604   000011                     _adc_value:
  3605                           	callstack 0
  3606   000011                     	ds	2
  3607   000013                     _speed:
  3608                           	callstack 0
  3609   000013                     	ds	2
  3610   000015                     _rpm:
  3611                           	callstack 0
  3612   000015                     	ds	2
  3613   000017                     _gear_index:
  3614                           	callstack 0
  3615   000017                     	ds	1
  3616   000018                     _key:
  3617                           	callstack 0
  3618   000018                     	ds	1
  3619   000019                     _led_state:
  3620                           	callstack 0
  3621   000019                     	ds	1
  3622   00001A                     _arr:
  3623                           	callstack 0
  3624   00001A                     	ds	8
  3625   000022                     _msg_id:
  3626                           	callstack 0
  3627   000022                     	ds	2
  3628   000024                     _len:
  3629                           	callstack 0
  3630   000024                     	ds	1
  3631                           
  3632                           	psect	dataCOMRAM
  3633   000045                     __pdataCOMRAM:
  3634                           	callstack 0
  3635   000045                     handle_gear_data@F10710:
  3636                           	callstack 0
  3637   000045                     	ds	24
  3638   00005D                     read_matrix_keypad@once:
  3639                           	callstack 0
  3640   00005D                     	ds	1
  3641                           
  3642                           	psect	cstackCOMRAM
  3643   000025                     __pcstackCOMRAM:
  3644                           	callstack 0
  3645   000025                     ?_get_msg_id_std:
  3646                           	callstack 0
  3647   000025                     clcd_write@control_bit:
  3648                           	callstack 0
  3649   000025                     
  3650                           ; 1 bytes @ 0x0
  3651   000025                     	ds	1
  3652   000026                     clcd_write@byte:
  3653                           	callstack 0
  3654   000026                     
  3655                           ; 1 bytes @ 0x1
  3656   000026                     	ds	1
  3657   000027                     clcd_putch@addr:
  3658                           	callstack 0
  3659   000027                     clcd_print@data:
  3660                           	callstack 0
  3661   000027                     ??_init_clcd:
  3662   000027                     ??_get_msg_id_std:
  3663                           
  3664                           ; 1 bytes @ 0x2
  3665   000027                     	ds	1
  3666   000028                     clcd_putch@data:
  3667                           	callstack 0
  3668   000028                     
  3669                           ; 1 bytes @ 0x3
  3670   000028                     	ds	1
  3671   000029                     clcd_print@addr:
  3672                           	callstack 0
  3673   000029                     handle_speed_data@data:
  3674                           	callstack 0
  3675   000029                     handle_rpm_data@data:
  3676                           	callstack 0
  3677   000029                     handle_indicator_data@data:
  3678                           	callstack 0
  3679                           
  3680                           ; 1 bytes @ 0x4
  3681   000029                     	ds	1
  3682   00002A                     handle_speed_data@len:
  3683                           	callstack 0
  3684   00002A                     handle_gear_data@data:
  3685                           	callstack 0
  3686   00002A                     handle_rpm_data@len:
  3687                           	callstack 0
  3688   00002A                     handle_indicator_data@len:
  3689                           	callstack 0
  3690   00002A                     
  3691                           ; 1 bytes @ 0x5
  3692   00002A                     	ds	1
  3693   00002B                     handle_gear_data@len:
  3694                           	callstack 0
  3695   00002B                     get_msg_id_std@id:
  3696                           	callstack 0
  3697   00002B                     
  3698                           ; 1 bytes @ 0x6
  3699   00002B                     	ds	1
  3700   00002C                     ??_handle_gear_data:
  3701                           
  3702                           ; 1 bytes @ 0x7
  3703   00002C                     	ds	1
  3704   00002D                     can_receive@msg_id:
  3705                           	callstack 0
  3706   00002D                     handle_gear_data@gear_arr:
  3707                           	callstack 0
  3708                           
  3709                           ; 24 bytes @ 0x8
  3710   00002D                     	ds	1
  3711   00002E                     can_receive@data:
  3712                           	callstack 0
  3713                           
  3714                           ; 1 bytes @ 0x9
  3715   00002E                     	ds	1
  3716   00002F                     can_receive@len:
  3717                           	callstack 0
  3718                           
  3719                           ; 1 bytes @ 0xA
  3720   00002F                     	ds	1
  3721   000030                     ??_can_receive:
  3722                           
  3723                           ; 1 bytes @ 0xB
  3724   000030                     	ds	3
  3725   000033                     can_receive@ptr:
  3726                           	callstack 0
  3727                           
  3728                           ; 2 bytes @ 0xE
  3729   000033                     	ds	2
  3730   000035                     can_receive@i:
  3731                           	callstack 0
  3732                           
  3733                           ; 2 bytes @ 0x10
  3734   000035                     	ds	16
  3735   000045                     
  3736                           ; 1 bytes @ 0x20
  3737 ;;
  3738 ;;Main: autosize = 0, tempsize = 0, incstack = 0, save=0
  3739 ;;
  3740 ;; *************** function _main *****************
  3741 ;; Defined at:
  3742 ;;		line 38 in file "main.c"
  3743 ;; Parameters:    Size  Location     Type
  3744 ;;		None
  3745 ;; Auto vars:     Size  Location     Type
  3746 ;;		None
  3747 ;; Return value:  Size  Location     Type
  3748 ;;                  1    wreg      void 
  3749 ;; Registers used:
  3750 ;;		wreg, fsr0l, fsr0h, fsr1l, fsr1h, fsr2l, fsr2h, status,2, status,0, tblptrl, tblptrh, tblptru, prodl, prodh, cstack
  3751 ;; Tracked objects:
  3752 ;;		On entry : 0/0
  3753 ;;		On exit  : 0/0
  3754 ;;		Unchanged: 0/0
  3755 ;; Data sizes:     COMRAM   BANK0   BANK1   BANK2   BANK3   BANK4   BANK5
  3756 ;;      Params:         0       0       0       0       0       0       0
  3757 ;;      Locals:         0       0       0       0       0       0       0
  3758 ;;      Temps:          0       0       0       0       0       0       0
  3759 ;;      Totals:         0       0       0       0       0       0       0
  3760 ;;Total ram usage:        0 bytes
  3761 ;; Hardware stack levels required when called: 4
  3762 ;; This function calls:
  3763 ;;		_clcd_print
  3764 ;;		_init_config
  3765 ;;		_process_canbus_data
  3766 ;; This function is called by:
  3767 ;;		Startup code after reset
  3768 ;; This function uses a non-reentrant model
  3769 ;;
  3770                           
  3771                           	psect	text0
  3772   002A78                     __ptext0:
  3773                           	callstack 0
  3774   002A78                     _main:
  3775                           	callstack 27
  3776   002A78                     
  3777                           ;main.c: 40:     init_config();
  3778   002A78  EC1C  F015         	call	_init_config	;wreg free
  3779   002A7C                     
  3780                           ;main.c: 43:     clcd_print("SP GE RPM  IND",(0x80 + (0)));
  3781   002A7C  0EEB               	movlw	low STR_1
  3782   002A7E  6E27               	movwf	clcd_print@data^0,c
  3783   002A80  0E2F               	movlw	high STR_1
  3784   002A82  6E28               	movwf	(clcd_print@data+1)^0,c
  3785   002A84  0E80               	movlw	128
  3786   002A86  6E29               	movwf	clcd_print@addr^0,c
  3787   002A88  EC24  F016         	call	_clcd_print	;wreg free
  3788   002A8C                     l1667:
  3789                           
  3790                           ;main.c: 45:     {;main.c: 47:         process_canbus_data();
  3791   002A8C  ECF7  F016         	call	_process_canbus_data	;wreg free
  3792   002A90  EF46  F015         	goto	l1667
  3793   002A94  EFFE  F017         	goto	start
  3794   002A98                     __end_of_main:
  3795                           	callstack 0
  3796                           
  3797 ;; *************** function _process_canbus_data *****************
  3798 ;; Defined at:
  3799 ;;		line 118 in file "message_handler.c"
  3800 ;; Parameters:    Size  Location     Type
  3801 ;;		None
  3802 ;; Auto vars:     Size  Location     Type
  3803 ;;		None
  3804 ;; Return value:  Size  Location     Type
  3805 ;;                  1    wreg      void 
  3806 ;; Registers used:
  3807 ;;		wreg, fsr0l, fsr0h, fsr1l, fsr1h, fsr2l, fsr2h, status,2, status,0, tblptrl, tblptrh, tblptru, prodl, prodh, cstack
  3808 ;; Tracked objects:
  3809 ;;		On entry : 0/0
  3810 ;;		On exit  : 0/0
  3811 ;;		Unchanged: 0/0
  3812 ;; Data sizes:     COMRAM   BANK0   BANK1   BANK2   BANK3   BANK4   BANK5
  3813 ;;      Params:         0       0       0       0       0       0       0
  3814 ;;      Locals:         0       0       0       0       0       0       0
  3815 ;;      Temps:          0       0       0       0       0       0       0
  3816 ;;      Totals:         0       0       0       0       0       0       0
  3817 ;;Total ram usage:        0 bytes
  3818 ;; Hardware stack levels used: 1
  3819 ;; Hardware stack levels required when called: 3
  3820 ;; This function calls:
  3821 ;;		_can_receive
  3822 ;;		_handle_gear_data
  3823 ;;		_handle_indicator_data
  3824 ;;		_handle_rpm_data
  3825 ;;		_handle_speed_data
  3826 ;; This function is called by:
  3827 ;;		_main
  3828 ;; This function uses a non-reentrant model
  3829 ;;
  3830                           
  3831                           	psect	text1
  3832   002DEE                     __ptext1:
  3833                           	callstack 0
  3834   002DEE                     _process_canbus_data:
  3835                           	callstack 27
  3836   002DEE                     
  3837                           ;message_handler.c: 120:     can_receive(&msg_id, arr, &len);
  3838   002DEE  0E22               	movlw	low _msg_id
  3839   002DF0  6E2D               	movwf	can_receive@msg_id^0,c
  3840   002DF2  0E1A               	movlw	low _arr
  3841   002DF4  6E2E               	movwf	can_receive@data^0,c
  3842   002DF6  0E24               	movlw	low _len
  3843   002DF8  6E2F               	movwf	can_receive@len^0,c
  3844   002DFA  EC5A  F016         	call	_can_receive	;wreg free
  3845   002DFE                     
  3846                           ;message_handler.c: 121:     arr[len+2] = '\0';
  3847   002DFE  5024               	movf	_len^0,w,c
  3848   002E00  0F1C               	addlw	low (_arr+2)
  3849   002E02  6ED9               	movwf	fsr2l,c
  3850   002E04  6ADA               	clrf	fsr2h,c
  3851   002E06  6ADF               	clrf	indf2,c
  3852   002E08                     
  3853                           ;message_handler.c: 124:             if(msg_id == 0x10)
  3854   002E08  0E10               	movlw	16
  3855   002E0A  1822               	xorwf	_msg_id^0,w,c
  3856   002E0C  1023               	iorwf	(_msg_id+1)^0,w,c
  3857   002E0E  A4D8               	btfss	status,2,c
  3858   002E10  EF0C  F017         	goto	u521
  3859   002E14  EF0E  F017         	goto	u520
  3860   002E18                     u521:
  3861   002E18  EF16  F017         	goto	l1651
  3862   002E1C                     u520:
  3863   002E1C                     
  3864                           ;message_handler.c: 125:             {;message_handler.c: 127:                 handle_sp
      +                          eed_data(arr,len);
  3865   002E1C  0E1A               	movlw	low _arr
  3866   002E1E  6E29               	movwf	handle_speed_data@data^0,c
  3867   002E20  C024  F02A         	movff	_len,handle_speed_data@len
  3868   002E24  EC4C  F015         	call	_handle_speed_data	;wreg free
  3869                           
  3870                           ;message_handler.c: 128:             }
  3871   002E28  EF4A  F017         	goto	l263
  3872   002E2C                     l1651:
  3873   002E2C  0E30               	movlw	48
  3874   002E2E  1822               	xorwf	_msg_id^0,w,c
  3875   002E30  1023               	iorwf	(_msg_id+1)^0,w,c
  3876   002E32  A4D8               	btfss	status,2,c
  3877   002E34  EF1E  F017         	goto	u531
  3878   002E38  EF20  F017         	goto	u530
  3879   002E3C                     u531:
  3880   002E3C  EF28  F017         	goto	l1655
  3881   002E40                     u530:
  3882   002E40                     
  3883                           ;message_handler.c: 130:             {;message_handler.c: 132:                 handle_rp
      +                          m_data(arr,len);
  3884   002E40  0E1A               	movlw	low _arr
  3885   002E42  6E29               	movwf	handle_rpm_data@data^0,c
  3886   002E44  C024  F02A         	movff	_len,handle_rpm_data@len
  3887   002E48  ECF5  F015         	call	_handle_rpm_data	;wreg free
  3888                           
  3889                           ;message_handler.c: 133:             }
  3890   002E4C  EF4A  F017         	goto	l263
  3891   002E50                     l1655:
  3892   002E50  0E20               	movlw	32
  3893   002E52  1822               	xorwf	_msg_id^0,w,c
  3894   002E54  1023               	iorwf	(_msg_id+1)^0,w,c
  3895   002E56  A4D8               	btfss	status,2,c
  3896   002E58  EF30  F017         	goto	u541
  3897   002E5C  EF32  F017         	goto	u540
  3898   002E60                     u541:
  3899   002E60  EF3A  F017         	goto	l1659
  3900   002E64                     u540:
  3901   002E64                     
  3902                           ;message_handler.c: 135:             {;message_handler.c: 137:                 handle_ge
      +                          ar_data(&arr[0],len);
  3903   002E64  0E1A               	movlw	low _arr
  3904   002E66  6E2A               	movwf	handle_gear_data@data^0,c
  3905   002E68  C024  F02B         	movff	_len,handle_gear_data@len
  3906   002E6C  ECD2  F015         	call	_handle_gear_data	;wreg free
  3907                           
  3908                           ;message_handler.c: 138:             }
  3909   002E70  EF4A  F017         	goto	l263
  3910   002E74                     l1659:
  3911   002E74  0E50               	movlw	80
  3912   002E76  1822               	xorwf	_msg_id^0,w,c
  3913   002E78  1023               	iorwf	(_msg_id+1)^0,w,c
  3914   002E7A  A4D8               	btfss	status,2,c
  3915   002E7C  EF42  F017         	goto	u551
  3916   002E80  EF44  F017         	goto	u550
  3917   002E84                     u551:
  3918   002E84  EF4A  F017         	goto	l263
  3919   002E88                     u550:
  3920   002E88                     
  3921                           ;message_handler.c: 140:             {;message_handler.c: 142:                 handle_in
      +                          dicator_data(arr,len);
  3922   002E88  0E1A               	movlw	low _arr
  3923   002E8A  6E29               	movwf	handle_indicator_data@data^0,c
  3924   002E8C  C024  F02A         	movff	_len,handle_indicator_data@len
  3925   002E90  EC4B  F017         	call	_handle_indicator_data	;wreg free
  3926   002E94                     l263:
  3927   002E94  0012               	return		;funcret
  3928   002E96                     __end_of_process_canbus_data:
  3929                           	callstack 0
  3930                           
  3931 ;; *************** function _handle_speed_data *****************
  3932 ;; Defined at:
  3933 ;;		line 34 in file "message_handler.c"
  3934 ;; Parameters:    Size  Location     Type
  3935 ;;  data            1    4[COMRAM] PTR unsigned char 
  3936 ;;		 -> arr(8), 
  3937 ;;  len             1    5[COMRAM] unsigned char 
  3938 ;; Auto vars:     Size  Location     Type
  3939 ;;		None
  3940 ;; Return value:  Size  Location     Type
  3941 ;;                  1    wreg      void 
  3942 ;; Registers used:
  3943 ;;		wreg, fsr2l, fsr2h, status,2, status,0, cstack
  3944 ;; Tracked objects:
  3945 ;;		On entry : 0/0
  3946 ;;		On exit  : 0/0
  3947 ;;		Unchanged: 0/0
  3948 ;; Data sizes:     COMRAM   BANK0   BANK1   BANK2   BANK3   BANK4   BANK5
  3949 ;;      Params:         2       0       0       0       0       0       0
  3950 ;;      Locals:         0       0       0       0       0       0       0
  3951 ;;      Temps:          0       0       0       0       0       0       0
  3952 ;;      Totals:         2       0       0       0       0       0       0
  3953 ;;Total ram usage:        2 bytes
  3954 ;; Hardware stack levels used: 1
  3955 ;; Hardware stack levels required when called: 1
  3956 ;; This function calls:
  3957 ;;		_clcd_putch
  3958 ;; This function is called by:
  3959 ;;		_process_canbus_data
  3960 ;; This function uses a non-reentrant model
  3961 ;;
  3962                           
  3963                           	psect	text2
  3964   002A98                     __ptext2:
  3965                           	callstack 0
  3966   002A98                     _handle_speed_data:
  3967                           	callstack 28
  3968   002A98                     
  3969                           ;message_handler.c: 34: void handle_speed_data(uint8_t *data, uint8_t len);message_handl
      +                          er.c: 35: {;message_handler.c: 36:     clcd_putch(data[0], (0xC0 + (0)));
  3970   002A98  0EC0               	movlw	192
  3971   002A9A  6E27               	movwf	clcd_putch@addr^0,c
  3972   002A9C  5029               	movf	handle_speed_data@data^0,w,c
  3973   002A9E  6ED9               	movwf	fsr2l,c
  3974   002AA0  6ADA               	clrf	fsr2h,c
  3975   002AA2  50DF               	movf	indf2,w,c
  3976   002AA4  EC23  F015         	call	_clcd_putch
  3977   002AA8                     
  3978                           ;message_handler.c: 37:     clcd_putch(data[1], (0xC0 + (1)));
  3979   002AA8  0EC1               	movlw	193
  3980   002AAA  6E27               	movwf	clcd_putch@addr^0,c
  3981   002AAC  5029               	movf	handle_speed_data@data^0,w,c
  3982   002AAE  6ED9               	movwf	fsr2l,c
  3983   002AB0  6ADA               	clrf	fsr2h,c
  3984   002AB2  0E01               	movlw	1
  3985   002AB4  26D9               	addwf	fsr2l,f,c
  3986   002AB6  50DF               	movf	indf2,w,c
  3987   002AB8  EC23  F015         	call	_clcd_putch
  3988   002ABC  0012               	return		;funcret
  3989   002ABE                     __end_of_handle_speed_data:
  3990                           	callstack 0
  3991                           
  3992 ;; *************** function _handle_rpm_data *****************
  3993 ;; Defined at:
  3994 ;;		line 51 in file "message_handler.c"
  3995 ;; Parameters:    Size  Location     Type
  3996 ;;  data            1    4[COMRAM] PTR unsigned char 
  3997 ;;		 -> arr(8), 
  3998 ;;  len             1    5[COMRAM] unsigned char 
  3999 ;; Auto vars:     Size  Location     Type
  4000 ;;		None
  4001 ;; Return value:  Size  Location     Type
  4002 ;;                  1    wreg      void 
  4003 ;; Registers used:
  4004 ;;		wreg, fsr2l, fsr2h, status,2, status,0, cstack
  4005 ;; Tracked objects:
  4006 ;;		On entry : 0/0
  4007 ;;		On exit  : 0/0
  4008 ;;		Unchanged: 0/0
  4009 ;; Data sizes:     COMRAM   BANK0   BANK1   BANK2   BANK3   BANK4   BANK5
  4010 ;;      Params:         2       0       0       0       0       0       0
  4011 ;;      Locals:         0       0       0       0       0       0       0
  4012 ;;      Temps:          0       0       0       0       0       0       0
  4013 ;;      Totals:         2       0       0       0       0       0       0
  4014 ;;Total ram usage:        2 bytes
  4015 ;; Hardware stack levels used: 1
  4016 ;; Hardware stack levels required when called: 1
  4017 ;; This function calls:
  4018 ;;		_clcd_putch
  4019 ;; This function is called by:
  4020 ;;		_process_canbus_data
  4021 ;; This function uses a non-reentrant model
  4022 ;;
  4023                           
  4024                           	psect	text3
  4025   002BEA                     __ptext3:
  4026                           	callstack 0
  4027   002BEA                     _handle_rpm_data:
  4028                           	callstack 28
  4029   002BEA                     
  4030                           ;message_handler.c: 51: void handle_rpm_data(uint8_t *data, uint8_t len);message_handler
      +                          .c: 52: {;message_handler.c: 53:     if(len>=4)
  4031   002BEA  0E03               	movlw	3
  4032   002BEC  642A               	cpfsgt	handle_rpm_data@len^0,c
  4033   002BEE  EFFB  F015         	goto	u461
  4034   002BF2  EFFD  F015         	goto	u460
  4035   002BF6                     u461:
  4036   002BF6  EF23  F016         	goto	l238
  4037   002BFA                     u460:
  4038   002BFA                     
  4039                           ;message_handler.c: 54:     {;message_handler.c: 55:     clcd_putch(data[0],(0xC0 + (6))
      +                          );
  4040   002BFA  0EC6               	movlw	198
  4041   002BFC  6E27               	movwf	clcd_putch@addr^0,c
  4042   002BFE  5029               	movf	handle_rpm_data@data^0,w,c
  4043   002C00  6ED9               	movwf	fsr2l,c
  4044   002C02  6ADA               	clrf	fsr2h,c
  4045   002C04  50DF               	movf	indf2,w,c
  4046   002C06  EC23  F015         	call	_clcd_putch
  4047   002C0A                     
  4048                           ;message_handler.c: 56:     clcd_putch(data[1], (0xC0 + (7)));
  4049   002C0A  0EC7               	movlw	199
  4050   002C0C  6E27               	movwf	clcd_putch@addr^0,c
  4051   002C0E  5029               	movf	handle_rpm_data@data^0,w,c
  4052   002C10  6ED9               	movwf	fsr2l,c
  4053   002C12  6ADA               	clrf	fsr2h,c
  4054   002C14  0E01               	movlw	1
  4055   002C16  26D9               	addwf	fsr2l,f,c
  4056   002C18  50DF               	movf	indf2,w,c
  4057   002C1A  EC23  F015         	call	_clcd_putch
  4058   002C1E                     
  4059                           ;message_handler.c: 57:     clcd_putch(data[2],(0xC0 + (8)));
  4060   002C1E  0EC8               	movlw	200
  4061   002C20  6E27               	movwf	clcd_putch@addr^0,c
  4062   002C22  5029               	movf	handle_rpm_data@data^0,w,c
  4063   002C24  6ED9               	movwf	fsr2l,c
  4064   002C26  6ADA               	clrf	fsr2h,c
  4065   002C28  0E02               	movlw	2
  4066   002C2A  26D9               	addwf	fsr2l,f,c
  4067   002C2C  50DF               	movf	indf2,w,c
  4068   002C2E  EC23  F015         	call	_clcd_putch
  4069   002C32                     
  4070                           ;message_handler.c: 58:     clcd_putch(data[3],(0xC0 + (9)));
  4071   002C32  0EC9               	movlw	201
  4072   002C34  6E27               	movwf	clcd_putch@addr^0,c
  4073   002C36  5029               	movf	handle_rpm_data@data^0,w,c
  4074   002C38  6ED9               	movwf	fsr2l,c
  4075   002C3A  6ADA               	clrf	fsr2h,c
  4076   002C3C  0E03               	movlw	3
  4077   002C3E  26D9               	addwf	fsr2l,f,c
  4078   002C40  50DF               	movf	indf2,w,c
  4079   002C42  EC23  F015         	call	_clcd_putch
  4080   002C46                     l238:
  4081   002C46  0012               	return		;funcret
  4082   002C48                     __end_of_handle_rpm_data:
  4083                           	callstack 0
  4084                           
  4085 ;; *************** function _handle_indicator_data *****************
  4086 ;; Defined at:
  4087 ;;		line 62 in file "message_handler.c"
  4088 ;; Parameters:    Size  Location     Type
  4089 ;;  data            1    4[COMRAM] PTR unsigned char 
  4090 ;;		 -> arr(8), 
  4091 ;;  len             1    5[COMRAM] unsigned char 
  4092 ;; Auto vars:     Size  Location     Type
  4093 ;;		None
  4094 ;; Return value:  Size  Location     Type
  4095 ;;                  1    wreg      void 
  4096 ;; Registers used:
  4097 ;;		wreg, fsr2l, fsr2h, status,2, status,0, cstack
  4098 ;; Tracked objects:
  4099 ;;		On entry : 0/0
  4100 ;;		On exit  : 0/0
  4101 ;;		Unchanged: 0/0
  4102 ;; Data sizes:     COMRAM   BANK0   BANK1   BANK2   BANK3   BANK4   BANK5
  4103 ;;      Params:         2       0       0       0       0       0       0
  4104 ;;      Locals:         0       0       0       0       0       0       0
  4105 ;;      Temps:          0       0       0       0       0       0       0
  4106 ;;      Totals:         2       0       0       0       0       0       0
  4107 ;;Total ram usage:        2 bytes
  4108 ;; Hardware stack levels used: 1
  4109 ;; Hardware stack levels required when called: 2
  4110 ;; This function calls:
  4111 ;;		_clcd_putch
  4112 ;; This function is called by:
  4113 ;;		_process_canbus_data
  4114 ;; This function uses a non-reentrant model
  4115 ;;
  4116                           
  4117                           	psect	text4
  4118   002E96                     __ptext4:
  4119                           	callstack 0
  4120   002E96                     _handle_indicator_data:
  4121                           	callstack 27
  4122   002E96                     
  4123                           ;message_handler.c: 62: void handle_indicator_data(uint8_t *data, uint8_t len);message_h
      +                          andler.c: 63: {;message_handler.c: 65:     led_state = !led_state;
  4124   002E96  5019               	movf	_led_state^0,w,c	;volatile
  4125   002E98  B4D8               	btfsc	status,2,c
  4126   002E9A  EF51  F017         	goto	u471
  4127   002E9E  EF54  F017         	goto	u470
  4128   002EA2                     u471:
  4129   002EA2  0E01               	movlw	1
  4130   002EA4  EF55  F017         	goto	u480
  4131   002EA8                     u470:
  4132   002EA8  0E00               	movlw	0
  4133   002EAA                     u480:
  4134   002EAA  6E19               	movwf	_led_state^0,c	;volatile
  4135                           
  4136                           ;message_handler.c: 66:     switch(data[0])
  4137   002EAC  EFDE  F017         	goto	l1635
  4138   002EB0                     l1589:
  4139                           
  4140                           ;message_handler.c: 69:             if(led_state)
  4141   002EB0  5019               	movf	_led_state^0,w,c	;volatile
  4142   002EB2  B4D8               	btfsc	status,2,c
  4143   002EB4  EF5E  F017         	goto	u491
  4144   002EB8  EF60  F017         	goto	u490
  4145   002EBC                     u491:
  4146   002EBC  EF65  F017         	goto	l1593
  4147   002EC0                     u490:
  4148   002EC0                     
  4149                           ;message_handler.c: 70:                 (PORTB = PORTB | 0x03);
  4150   002EC0  5081               	movf	129,w,c	;volatile
  4151   002EC2  0903               	iorlw	3
  4152   002EC4  6E81               	movwf	129,c	;volatile
  4153   002EC6  EF68  F017         	goto	l244
  4154   002ECA                     l1593:
  4155                           
  4156                           ;message_handler.c: 72:                 (PORTB = PORTB & ~0x03);
  4157   002ECA  5081               	movf	129,w,c	;volatile
  4158   002ECC  0BFC               	andlw	252
  4159   002ECE  6E81               	movwf	129,c	;volatile
  4160   002ED0                     l244:
  4161                           
  4162                           ;message_handler.c: 74:             (PORTB = PORTB & ~0xC0);
  4163   002ED0  5081               	movf	129,w,c	;volatile
  4164   002ED2  0B3F               	andlw	63
  4165   002ED4  6E81               	movwf	129,c	;volatile
  4166   002ED6                     
  4167                           ;message_handler.c: 75:             clcd_putch('<',(0xC0 + (11)));
  4168   002ED6  0ECB               	movlw	203
  4169   002ED8  6E27               	movwf	clcd_putch@addr^0,c
  4170   002EDA  0E3C               	movlw	60
  4171   002EDC  EC23  F015         	call	_clcd_putch
  4172   002EE0                     
  4173                           ;message_handler.c: 76:             clcd_putch('-',(0xC0 + (12)));
  4174   002EE0  0ECC               	movlw	204
  4175   002EE2  6E27               	movwf	clcd_putch@addr^0,c
  4176   002EE4  0E2D               	movlw	45
  4177   002EE6  EC23  F015         	call	_clcd_putch
  4178   002EEA                     
  4179                           ;message_handler.c: 77:             clcd_putch('L',(0xC0 + (13)));
  4180   002EEA  0ECD               	movlw	205
  4181   002EEC  6E27               	movwf	clcd_putch@addr^0,c
  4182   002EEE  0E4C               	movlw	76
  4183   002EF0  EC23  F015         	call	_clcd_putch
  4184                           
  4185                           ;message_handler.c: 78:             break;
  4186   002EF4  EFF4  F017         	goto	l253
  4187   002EF8                     l1601:
  4188                           
  4189                           ;message_handler.c: 81:             if(led_state)
  4190   002EF8  5019               	movf	_led_state^0,w,c	;volatile
  4191   002EFA  B4D8               	btfsc	status,2,c
  4192   002EFC  EF82  F017         	goto	u501
  4193   002F00  EF84  F017         	goto	u500
  4194   002F04                     u501:
  4195   002F04  EF89  F017         	goto	l1605
  4196   002F08                     u500:
  4197   002F08                     
  4198                           ;message_handler.c: 82:                 (PORTB = PORTB | 0xC0);
  4199   002F08  5081               	movf	129,w,c	;volatile
  4200   002F0A  09C0               	iorlw	192
  4201   002F0C  6E81               	movwf	129,c	;volatile
  4202   002F0E  EF8C  F017         	goto	l248
  4203   002F12                     l1605:
  4204                           
  4205                           ;message_handler.c: 84:                 (PORTB = PORTB & ~0xC0);
  4206   002F12  5081               	movf	129,w,c	;volatile
  4207   002F14  0B3F               	andlw	63
  4208   002F16  6E81               	movwf	129,c	;volatile
  4209   002F18                     l248:
  4210                           
  4211                           ;message_handler.c: 86:             (PORTB = PORTB & ~0x03);
  4212   002F18  5081               	movf	129,w,c	;volatile
  4213   002F1A  0BFC               	andlw	252
  4214   002F1C  6E81               	movwf	129,c	;volatile
  4215   002F1E                     
  4216                           ;message_handler.c: 87:             clcd_putch('-',(0xC0 + (11)));
  4217   002F1E  0ECB               	movlw	203
  4218   002F20  6E27               	movwf	clcd_putch@addr^0,c
  4219   002F22  0E2D               	movlw	45
  4220   002F24  EC23  F015         	call	_clcd_putch
  4221   002F28                     
  4222                           ;message_handler.c: 88:             clcd_putch('>',(0xC0 + (12)));
  4223   002F28  0ECC               	movlw	204
  4224   002F2A  6E27               	movwf	clcd_putch@addr^0,c
  4225   002F2C  0E3E               	movlw	62
  4226   002F2E  EC23  F015         	call	_clcd_putch
  4227   002F32                     
  4228                           ;message_handler.c: 89:             clcd_putch('R',(0xC0 + (13)));
  4229   002F32  0ECD               	movlw	205
  4230   002F34  6E27               	movwf	clcd_putch@addr^0,c
  4231   002F36  0E52               	movlw	82
  4232   002F38  EC23  F015         	call	_clcd_putch
  4233                           
  4234                           ;message_handler.c: 90:             break;
  4235   002F3C  EFF4  F017         	goto	l253
  4236   002F40                     l1613:
  4237                           
  4238                           ;message_handler.c: 93:             if(led_state)
  4239   002F40  5019               	movf	_led_state^0,w,c	;volatile
  4240   002F42  B4D8               	btfsc	status,2,c
  4241   002F44  EFA6  F017         	goto	u511
  4242   002F48  EFA8  F017         	goto	u510
  4243   002F4C                     u511:
  4244   002F4C  EFB0  F017         	goto	l1617
  4245   002F50                     u510:
  4246   002F50                     
  4247                           ;message_handler.c: 94:             {;message_handler.c: 95:                 (PORTB = PO
      +                          RTB | 0xC0);
  4248   002F50  5081               	movf	129,w,c	;volatile
  4249   002F52  09C0               	iorlw	192
  4250   002F54  6E81               	movwf	129,c	;volatile
  4251                           
  4252                           ;message_handler.c: 96:                 (PORTB = PORTB | 0x03);
  4253   002F56  5081               	movf	129,w,c	;volatile
  4254   002F58  0903               	iorlw	3
  4255   002F5A  6E81               	movwf	129,c	;volatile
  4256                           
  4257                           ;message_handler.c: 97:             }
  4258   002F5C  EFB6  F017         	goto	l1619
  4259   002F60                     l1617:
  4260                           
  4261                           ;message_handler.c: 99:             {;message_handler.c: 100:                 (PORTB = P
      +                          ORTB & ~0xC0);
  4262   002F60  5081               	movf	129,w,c	;volatile
  4263   002F62  0B3F               	andlw	63
  4264   002F64  6E81               	movwf	129,c	;volatile
  4265                           
  4266                           ;message_handler.c: 101:                 (PORTB = PORTB & ~0x03);
  4267   002F66  5081               	movf	129,w,c	;volatile
  4268   002F68  0BFC               	andlw	252
  4269   002F6A  6E81               	movwf	129,c	;volatile
  4270   002F6C                     l1619:
  4271                           
  4272                           ;message_handler.c: 103:             clcd_putch('<',(0xC0 + (11)));
  4273   002F6C  0ECB               	movlw	203
  4274   002F6E  6E27               	movwf	clcd_putch@addr^0,c
  4275   002F70  0E3C               	movlw	60
  4276   002F72  EC23  F015         	call	_clcd_putch
  4277   002F76                     
  4278                           ;message_handler.c: 104:             clcd_putch('H',(0xC0 + (12)));
  4279   002F76  0ECC               	movlw	204
  4280   002F78  6E27               	movwf	clcd_putch@addr^0,c
  4281   002F7A  0E48               	movlw	72
  4282   002F7C  EC23  F015         	call	_clcd_putch
  4283   002F80                     
  4284                           ;message_handler.c: 105:             clcd_putch('>',(0xC0 + (13)));
  4285   002F80  0ECD               	movlw	205
  4286   002F82  6E27               	movwf	clcd_putch@addr^0,c
  4287   002F84  0E3E               	movlw	62
  4288   002F86  EC23  F015         	call	_clcd_putch
  4289                           
  4290                           ;message_handler.c: 106:             break;
  4291   002F8A  EFF4  F017         	goto	l253
  4292   002F8E                     l1625:
  4293                           
  4294                           ;message_handler.c: 109:             (PORTB = PORTB & ~0xC0);
  4295   002F8E  5081               	movf	129,w,c	;volatile
  4296   002F90  0B3F               	andlw	63
  4297   002F92  6E81               	movwf	129,c	;volatile
  4298                           
  4299                           ;message_handler.c: 110:             (PORTB = PORTB & ~0x03);
  4300   002F94  5081               	movf	129,w,c	;volatile
  4301   002F96  0BFC               	andlw	252
  4302   002F98  6E81               	movwf	129,c	;volatile
  4303   002F9A                     
  4304                           ;message_handler.c: 111:             clcd_putch('O',(0xC0 + (11)));
  4305   002F9A  0ECB               	movlw	203
  4306   002F9C  6E27               	movwf	clcd_putch@addr^0,c
  4307   002F9E  0E4F               	movlw	79
  4308   002FA0  EC23  F015         	call	_clcd_putch
  4309   002FA4                     
  4310                           ;message_handler.c: 112:             clcd_putch('F',(0xC0 + (12)));
  4311   002FA4  0ECC               	movlw	204
  4312   002FA6  6E27               	movwf	clcd_putch@addr^0,c
  4313   002FA8  0E46               	movlw	70
  4314   002FAA  EC23  F015         	call	_clcd_putch
  4315   002FAE                     
  4316                           ;message_handler.c: 113:             clcd_putch('F',(0xC0 + (13)));
  4317   002FAE  0ECD               	movlw	205
  4318   002FB0  6E27               	movwf	clcd_putch@addr^0,c
  4319   002FB2  0E46               	movlw	70
  4320   002FB4  EC23  F015         	call	_clcd_putch
  4321                           
  4322                           ;message_handler.c: 114:             break;
  4323   002FB8  EFF4  F017         	goto	l253
  4324   002FBC                     l1635:
  4325   002FBC  5029               	movf	handle_indicator_data@data^0,w,c
  4326   002FBE  6ED9               	movwf	fsr2l,c
  4327   002FC0  6ADA               	clrf	fsr2h,c
  4328   002FC2  50DF               	movf	indf2,w,c
  4329                           
  4330                           ; Switch size 1, requested type "simple"
  4331                           ; Number of cases is 4, Range of values is 0 to 3
  4332                           ; switch strategies available:
  4333                           ; Name         Instructions Cycles
  4334                           ; simple_byte           13     7 (average)
  4335                           ;	Chosen strategy is simple_byte
  4336   002FC4  0A00               	xorlw	0	; case 0
  4337   002FC6  B4D8               	btfsc	status,2,c
  4338   002FC8  EF58  F017         	goto	l1589
  4339   002FCC  0A01               	xorlw	1	; case 1
  4340   002FCE  B4D8               	btfsc	status,2,c
  4341   002FD0  EF7C  F017         	goto	l1601
  4342   002FD4  0A03               	xorlw	3	; case 2
  4343   002FD6  B4D8               	btfsc	status,2,c
  4344   002FD8  EFA0  F017         	goto	l1613
  4345   002FDC  0A01               	xorlw	1	; case 3
  4346   002FDE  B4D8               	btfsc	status,2,c
  4347   002FE0  EFC7  F017         	goto	l1625
  4348   002FE4  EFF4  F017         	goto	l253
  4349   002FE8                     l253:
  4350   002FE8  0012               	return		;funcret
  4351   002FEA                     __end_of_handle_indicator_data:
  4352                           	callstack 0
  4353                           
  4354 ;; *************** function _clcd_putch *****************
  4355 ;; Defined at:
  4356 ;;		line 74 in file "clcd.c"
  4357 ;; Parameters:    Size  Location     Type
  4358 ;;  data            1    wreg     const unsigned char 
  4359 ;;  addr            1    2[COMRAM] unsigned char 
  4360 ;; Auto vars:     Size  Location     Type
  4361 ;;  data            1    3[COMRAM] const unsigned char 
  4362 ;; Return value:  Size  Location     Type
  4363 ;;                  1    wreg      void 
  4364 ;; Registers used:
  4365 ;;		wreg, status,2, cstack
  4366 ;; Tracked objects:
  4367 ;;		On entry : 0/0
  4368 ;;		On exit  : 0/0
  4369 ;;		Unchanged: 0/0
  4370 ;; Data sizes:     COMRAM   BANK0   BANK1   BANK2   BANK3   BANK4   BANK5
  4371 ;;      Params:         1       0       0       0       0       0       0
  4372 ;;      Locals:         1       0       0       0       0       0       0
  4373 ;;      Temps:          0       0       0       0       0       0       0
  4374 ;;      Totals:         2       0       0       0       0       0       0
  4375 ;;Total ram usage:        2 bytes
  4376 ;; Hardware stack levels used: 1
  4377 ;; This function calls:
  4378 ;;		_clcd_write
  4379 ;; This function is called by:
  4380 ;;		_handle_speed_data
  4381 ;;		_handle_rpm_data
  4382 ;;		_handle_indicator_data
  4383 ;; This function uses a non-reentrant model
  4384 ;;
  4385                           
  4386                           	psect	text5
  4387   002A46                     __ptext5:
  4388                           	callstack 0
  4389   002A46                     _clcd_putch:
  4390                           	callstack 28
  4391                           
  4392                           ;incstack = 0
  4393                           ;clcd_putch@data stored from wreg
  4394   002A46  6E28               	movwf	clcd_putch@data^0,c
  4395   002A48                     
  4396                           ;clcd.c: 74: void clcd_putch(const unsigned char data, unsigned char addr);clcd.c: 75: {
      +                          ;clcd.c: 76:  clcd_write(addr, 0);
  4397   002A48  0E00               	movlw	0
  4398   002A4A  6E25               	movwf	clcd_write@control_bit^0,c
  4399   002A4C  5027               	movf	clcd_putch@addr^0,w,c
  4400   002A4E  EC7A  F015         	call	_clcd_write
  4401                           
  4402                           ;clcd.c: 77:  clcd_write(data, 1);
  4403   002A52  0E01               	movlw	1
  4404   002A54  6E25               	movwf	clcd_write@control_bit^0,c
  4405   002A56  5028               	movf	clcd_putch@data^0,w,c
  4406   002A58  EC7A  F015         	call	_clcd_write
  4407   002A5C  0012               	return		;funcret
  4408   002A5E                     __end_of_clcd_putch:
  4409                           	callstack 0
  4410                           
  4411 ;; *************** function _handle_gear_data *****************
  4412 ;; Defined at:
  4413 ;;		line 40 in file "message_handler.c"
  4414 ;; Parameters:    Size  Location     Type
  4415 ;;  data            1    5[COMRAM] PTR unsigned char 
  4416 ;;		 -> arr(8), 
  4417 ;;  len             1    6[COMRAM] unsigned char 
  4418 ;; Auto vars:     Size  Location     Type
  4419 ;;  gear_arr       24    8[COMRAM] unsigned char [3][8]
  4420 ;; Return value:  Size  Location     Type
  4421 ;;                  1    wreg      void 
  4422 ;; Registers used:
  4423 ;;		wreg, fsr0l, fsr0h, fsr1l, fsr1h, fsr2l, fsr2h, status,2, status,0, tblptrl, tblptrh, tblptru, prodl, prodh, cstack
  4424 ;; Tracked objects:
  4425 ;;		On entry : 0/0
  4426 ;;		On exit  : 0/0
  4427 ;;		Unchanged: 0/0
  4428 ;; Data sizes:     COMRAM   BANK0   BANK1   BANK2   BANK3   BANK4   BANK5
  4429 ;;      Params:         2       0       0       0       0       0       0
  4430 ;;      Locals:        24       0       0       0       0       0       0
  4431 ;;      Temps:          1       0       0       0       0       0       0
  4432 ;;      Totals:        27       0       0       0       0       0       0
  4433 ;;Total ram usage:       27 bytes
  4434 ;; Hardware stack levels used: 1
  4435 ;; Hardware stack levels required when called: 1
  4436 ;; This function calls:
  4437 ;;		_clcd_print
  4438 ;; This function is called by:
  4439 ;;		_process_canbus_data
  4440 ;; This function uses a non-reentrant model
  4441 ;;
  4442                           
  4443                           	psect	text6
  4444   002BA4                     __ptext6:
  4445                           	callstack 0
  4446   002BA4                     _handle_gear_data:
  4447                           	callstack 28
  4448   002BA4                     
  4449                           ;message_handler.c: 40: void handle_gear_data(uint8_t *data, uint8_t len);message_handle
      +                          r.c: 41: {;message_handler.c: 42:     unsigned char gear_arr[][3] ={"RG","NG","G1","G2",
      +                          "G3","G4","G5","CC"};
  4450   002BA4  EE20  F045         	lfsr	2,handle_gear_data@F10710
  4451   002BA8  EE10  F02D         	lfsr	1,handle_gear_data@gear_arr
  4452   002BAC  0E17               	movlw	23
  4453   002BAE                     u441:
  4454   002BAE  CFDB FFE3          	movff	plusw2,plusw1
  4455   002BB2  06E8               	decf	wreg,f,c
  4456   002BB4  E2FC               	bc	u441
  4457   002BB6                     
  4458                           ;message_handler.c: 43:     gear_index=*data;
  4459   002BB6  502A               	movf	handle_gear_data@data^0,w,c
  4460   002BB8  6ED9               	movwf	fsr2l,c
  4461   002BBA  6ADA               	clrf	fsr2h,c
  4462   002BBC  50DF               	movf	indf2,w,c
  4463   002BBE  6E17               	movwf	_gear_index^0,c
  4464   002BC0                     
  4465                           ;message_handler.c: 44:     if(gear_index < 8)
  4466   002BC0  0E08               	movlw	8
  4467   002BC2  6017               	cpfslt	_gear_index^0,c
  4468   002BC4  EFE6  F015         	goto	u451
  4469   002BC8  EFE8  F015         	goto	u450
  4470   002BCC                     u451:
  4471   002BCC  EFF4  F015         	goto	l234
  4472   002BD0                     u450:
  4473   002BD0                     
  4474                           ;message_handler.c: 45:     {;message_handler.c: 46:     clcd_print(gear_arr[gear_index]
      +                          , (0xC0 + (3)));
  4475   002BD0  5017               	movf	_gear_index^0,w,c
  4476   002BD2  0D03               	mullw	3
  4477   002BD4  50F3               	movf	243,w,c
  4478   002BD6  0F2D               	addlw	low handle_gear_data@gear_arr
  4479   002BD8  6E2C               	movwf	??_handle_gear_data^0,c
  4480   002BDA  C02C  F027         	movff	??_handle_gear_data,clcd_print@data
  4481   002BDE  6A28               	clrf	(clcd_print@data+1)^0,c
  4482   002BE0  0EC3               	movlw	195
  4483   002BE2  6E29               	movwf	clcd_print@addr^0,c
  4484   002BE4  EC24  F016         	call	_clcd_print	;wreg free
  4485   002BE8                     l234:
  4486   002BE8  0012               	return		;funcret
  4487   002BEA                     __end_of_handle_gear_data:
  4488                           	callstack 0
  4489                           
  4490 ;; *************** function _clcd_print *****************
  4491 ;; Defined at:
  4492 ;;		line 65 in file "clcd.c"
  4493 ;; Parameters:    Size  Location     Type
  4494 ;;  data            2    2[COMRAM] PTR const unsigned char 
  4495 ;;		 -> handle_gear_data@gear_arr(24), STR_1(15), 
  4496 ;;  addr            1    4[COMRAM] unsigned char 
  4497 ;; Auto vars:     Size  Location     Type
  4498 ;;		None
  4499 ;; Return value:  Size  Location     Type
  4500 ;;                  1    wreg      void 
  4501 ;; Registers used:
  4502 ;;		wreg, fsr0l, fsr0h, status,2, status,0, tblptrl, tblptrh, tblptru, cstack
  4503 ;; Tracked objects:
  4504 ;;		On entry : 0/0
  4505 ;;		On exit  : 0/0
  4506 ;;		Unchanged: 0/0
  4507 ;; Data sizes:     COMRAM   BANK0   BANK1   BANK2   BANK3   BANK4   BANK5
  4508 ;;      Params:         3       0       0       0       0       0       0
  4509 ;;      Locals:         0       0       0       0       0       0       0
  4510 ;;      Temps:          0       0       0       0       0       0       0
  4511 ;;      Totals:         3       0       0       0       0       0       0
  4512 ;;Total ram usage:        3 bytes
  4513 ;; Hardware stack levels used: 1
  4514 ;; This function calls:
  4515 ;;		_clcd_write
  4516 ;; This function is called by:
  4517 ;;		_main
  4518 ;;		_handle_gear_data
  4519 ;; This function uses a non-reentrant model
  4520 ;;
  4521                           
  4522                           	psect	text7
  4523   002C48                     __ptext7:
  4524                           	callstack 0
  4525   002C48                     _clcd_print:
  4526                           	callstack 28
  4527   002C48                     
  4528                           ;clcd.c: 65: void clcd_print(const unsigned char *data, unsigned char addr);clcd.c: 66: 
      +                          {;clcd.c: 67:  clcd_write(addr, 0);
  4529   002C48  0E00               	movlw	0
  4530   002C4A  6E25               	movwf	clcd_write@control_bit^0,c
  4531   002C4C  5029               	movf	clcd_print@addr^0,w,c
  4532   002C4E  EC7A  F015         	call	_clcd_write
  4533                           
  4534                           ;clcd.c: 68:  while (*data != '\0')
  4535   002C52  EF41  F016         	goto	l1499
  4536   002C56                     l1495:
  4537                           
  4538                           ;clcd.c: 69:  {;clcd.c: 70:   clcd_write(*data++, 1);
  4539   002C56  0E01               	movlw	1
  4540   002C58  6E25               	movwf	clcd_write@control_bit^0,c
  4541   002C5A  C027  FFF6         	movff	clcd_print@data,tblptrl
  4542   002C5E  C028  FFF7         	movff	clcd_print@data+1,tblptrh
  4543   002C62  6AF8               	clrf	tblptru,c
  4544   002C64  0E05               	movlw	(high __ramtop+-1)
  4545   002C66  64F7               	cpfsgt	tblptrh,c
  4546   002C68  D003               	bra	u397
  4547   002C6A  0008               	tblrd		*
  4548   002C6C  50F5               	movf	tablat,w,c
  4549   002C6E  D005               	bra	u390
  4550   002C70                     u397:
  4551   002C70  CFF6 FFE9          	movff	tblptrl,fsr0l
  4552   002C74  CFF7 FFEA          	movff	tblptrh,fsr0h
  4553   002C78  50EF               	movf	indf0,w,c
  4554   002C7A                     u390:
  4555   002C7A  EC7A  F015         	call	_clcd_write
  4556   002C7E  4A27               	infsnz	clcd_print@data^0,f,c
  4557   002C80  2A28               	incf	(clcd_print@data+1)^0,f,c
  4558   002C82                     l1499:
  4559                           
  4560                           ;clcd.c: 68:  while (*data != '\0')
  4561   002C82  C027  FFF6         	movff	clcd_print@data,tblptrl
  4562   002C86  C028  FFF7         	movff	clcd_print@data+1,tblptrh
  4563   002C8A  6AF8               	clrf	tblptru,c
  4564   002C8C  0E05               	movlw	(high __ramtop+-1)
  4565   002C8E  64F7               	cpfsgt	tblptrh,c
  4566   002C90  D003               	bra	u407
  4567   002C92  0008               	tblrd		*
  4568   002C94  50F5               	movf	tablat,w,c
  4569   002C96  D005               	bra	u400
  4570   002C98                     u407:
  4571   002C98  CFF6 FFE9          	movff	tblptrl,fsr0l
  4572   002C9C  CFF7 FFEA          	movff	tblptrh,fsr0h
  4573   002CA0  50EF               	movf	indf0,w,c
  4574   002CA2                     u400:
  4575   002CA2  0900               	iorlw	0
  4576   002CA4  A4D8               	btfss	status,2,c
  4577   002CA6  EF57  F016         	goto	u411
  4578   002CAA  EF59  F016         	goto	u410
  4579   002CAE                     u411:
  4580   002CAE  EF2B  F016         	goto	l1495
  4581   002CB2                     u410:
  4582   002CB2  0012               	return		;funcret
  4583   002CB4                     __end_of_clcd_print:
  4584                           	callstack 0
  4585                           
  4586 ;; *************** function _can_receive *****************
  4587 ;; Defined at:
  4588 ;;		line 95 in file "can.c"
  4589 ;; Parameters:    Size  Location     Type
  4590 ;;  msg_id          1    8[COMRAM] PTR unsigned short 
  4591 ;;		 -> msg_id(2), 
  4592 ;;  data            1    9[COMRAM] PTR unsigned char 
  4593 ;;		 -> arr(8), 
  4594 ;;  len             1   10[COMRAM] PTR unsigned char 
  4595 ;;		 -> len(1), 
  4596 ;; Auto vars:     Size  Location     Type
  4597 ;;  i               2   16[COMRAM] int 
  4598 ;;  ptr             2   14[COMRAM] PTR unsigned char 
  4599 ;;		 -> RXB0D0(1), 
  4600 ;; Return value:  Size  Location     Type
  4601 ;;                  1    wreg      void 
  4602 ;; Registers used:
  4603 ;;		wreg, fsr1l, fsr1h, fsr2l, fsr2h, status,2, status,0, cstack
  4604 ;; Tracked objects:
  4605 ;;		On entry : 0/0
  4606 ;;		On exit  : 0/0
  4607 ;;		Unchanged: 0/0
  4608 ;; Data sizes:     COMRAM   BANK0   BANK1   BANK2   BANK3   BANK4   BANK5
  4609 ;;      Params:         3       0       0       0       0       0       0
  4610 ;;      Locals:         4       0       0       0       0       0       0
  4611 ;;      Temps:          3       0       0       0       0       0       0
  4612 ;;      Totals:        10       0       0       0       0       0       0
  4613 ;;Total ram usage:       10 bytes
  4614 ;; Hardware stack levels used: 1
  4615 ;; Hardware stack levels required when called: 1
  4616 ;; This function calls:
  4617 ;;		_get_msg_id_std
  4618 ;; This function is called by:
  4619 ;;		_process_canbus_data
  4620 ;; This function uses a non-reentrant model
  4621 ;;
  4622                           
  4623                           	psect	text8
  4624   002CB4                     __ptext8:
  4625                           	callstack 0
  4626   002CB4                     _can_receive:
  4627                           	callstack 28
  4628   002CB4                     
  4629                           ;can.c: 96:     uint8_t *ptr;;can.c: 98:     if (RXB0FUL) {
  4630   002CB4  AE60               	btfss	3936,7,c	;volatile
  4631   002CB6  EF5F  F016         	goto	u421
  4632   002CBA  EF61  F016         	goto	u420
  4633   002CBE                     u421:
  4634   002CBE  EF9F  F016         	goto	l1563
  4635   002CC2                     u420:
  4636   002CC2                     
  4637                           ;can.c: 100:         *msg_id = get_msg_id_std();
  4638   002CC2  EC97  F015         	call	_get_msg_id_std	;wreg free
  4639   002CC6  502D               	movf	can_receive@msg_id^0,w,c
  4640   002CC8  6ED9               	movwf	fsr2l,c
  4641   002CCA  6ADA               	clrf	fsr2h,c
  4642   002CCC  C025  FFDE         	movff	?_get_msg_id_std,postinc2
  4643   002CD0  C026  FFDD         	movff	?_get_msg_id_std+1,postdec2
  4644   002CD4                     
  4645                           ;can.c: 102:         *len = RXB0DLC;
  4646   002CD4  502F               	movf	can_receive@len^0,w,c
  4647   002CD6  6ED9               	movwf	fsr2l,c
  4648   002CD8  6ADA               	clrf	fsr2h,c
  4649   002CDA  CF65 FFDF          	movff	3941,indf2	;volatile
  4650   002CDE                     
  4651                           ;can.c: 104:         ptr = (uint8_t *) & RXB0D0;
  4652   002CDE  0E66               	movlw	102
  4653   002CE0  6E33               	movwf	can_receive@ptr^0,c
  4654   002CE2  0E0F               	movlw	15
  4655   002CE4  6E34               	movwf	(can_receive@ptr+1)^0,c
  4656   002CE6                     
  4657                           ;can.c: 106:         for (int i = 0; i < *len; i++) {
  4658   002CE6  6A36               	clrf	(can_receive@i+1)^0,c
  4659   002CE8  0E00               	movlw	0
  4660   002CEA  6E35               	movwf	can_receive@i^0,c
  4661   002CEC  EF86  F016         	goto	l1561
  4662   002CF0                     l1557:
  4663                           
  4664                           ;can.c: 107:             data[i] = ptr[i];
  4665   002CF0  5035               	movf	can_receive@i^0,w,c
  4666   002CF2  2433               	addwf	can_receive@ptr^0,w,c
  4667   002CF4  6ED9               	movwf	fsr2l,c
  4668   002CF6  5036               	movf	(can_receive@i+1)^0,w,c
  4669   002CF8  2034               	addwfc	(can_receive@ptr+1)^0,w,c
  4670   002CFA  6EDA               	movwf	fsr2h,c
  4671   002CFC  502E               	movf	can_receive@data^0,w,c
  4672   002CFE  2435               	addwf	can_receive@i^0,w,c
  4673   002D00  6EE1               	movwf	fsr1l,c
  4674   002D02  6AE2               	clrf	fsr1h,c
  4675   002D04  CFDF FFE7          	movff	indf2,indf1
  4676   002D08                     
  4677                           ;can.c: 108:         }
  4678   002D08  4A35               	infsnz	can_receive@i^0,f,c
  4679   002D0A  2A36               	incf	(can_receive@i+1)^0,f,c
  4680   002D0C                     l1561:
  4681   002D0C  502F               	movf	can_receive@len^0,w,c
  4682   002D0E  6ED9               	movwf	fsr2l,c
  4683   002D10  6ADA               	clrf	fsr2h,c
  4684   002D12  50DF               	movf	indf2,w,c
  4685   002D14  6E30               	movwf	??_can_receive^0,c
  4686   002D16  6A31               	clrf	(??_can_receive+1)^0,c
  4687   002D18  5030               	movf	??_can_receive^0,w,c
  4688   002D1A  5C35               	subwf	can_receive@i^0,w,c
  4689   002D1C  5036               	movf	(can_receive@i+1)^0,w,c
  4690   002D1E  0A80               	xorlw	128
  4691   002D20  6E32               	movwf	(??_can_receive+2)^0,c
  4692   002D22  5031               	movf	(??_can_receive+1)^0,w,c
  4693   002D24  0A80               	xorlw	128
  4694   002D26  5832               	subwfb	(??_can_receive+2)^0,w,c
  4695   002D28  A0D8               	btfss	status,0,c
  4696   002D2A  EF99  F016         	goto	u431
  4697   002D2E  EF9B  F016         	goto	u430
  4698   002D32                     u431:
  4699   002D32  EF78  F016         	goto	l1557
  4700   002D36                     u430:
  4701   002D36                     
  4702                           ;can.c: 110:         RXB0FUL = 0;
  4703   002D36  9E60               	bcf	3936,7,c	;volatile
  4704                           
  4705                           ;can.c: 111:         RXB0IF = 0;
  4706   002D38  90A4               	bcf	4004,0,c	;volatile
  4707                           
  4708                           ;can.c: 112:     }
  4709   002D3A  EFA3  F016         	goto	l178
  4710   002D3E                     l1563:
  4711                           
  4712                           ;can.c: 114:     {;can.c: 116:     *len = 0;
  4713   002D3E  502F               	movf	can_receive@len^0,w,c
  4714   002D40  6ED9               	movwf	fsr2l,c
  4715   002D42  6ADA               	clrf	fsr2h,c
  4716   002D44  6ADF               	clrf	indf2,c
  4717   002D46                     l178:
  4718   002D46  0012               	return		;funcret
  4719   002D48                     __end_of_can_receive:
  4720                           	callstack 0
  4721                           
  4722 ;; *************** function _get_msg_id_std *****************
  4723 ;; Defined at:
  4724 ;;		line 56 in file "can.c"
  4725 ;; Parameters:    Size  Location     Type
  4726 ;;		None
  4727 ;; Auto vars:     Size  Location     Type
  4728 ;;  id              2    6[COMRAM] unsigned short 
  4729 ;; Return value:  Size  Location     Type
  4730 ;;                  2    0[COMRAM] unsigned short 
  4731 ;; Registers used:
  4732 ;;		wreg, status,2, status,0
  4733 ;; Tracked objects:
  4734 ;;		On entry : 0/0
  4735 ;;		On exit  : 0/0
  4736 ;;		Unchanged: 0/0
  4737 ;; Data sizes:     COMRAM   BANK0   BANK1   BANK2   BANK3   BANK4   BANK5
  4738 ;;      Params:         2       0       0       0       0       0       0
  4739 ;;      Locals:         2       0       0       0       0       0       0
  4740 ;;      Temps:          4       0       0       0       0       0       0
  4741 ;;      Totals:         8       0       0       0       0       0       0
  4742 ;;Total ram usage:        8 bytes
  4743 ;; Hardware stack levels used: 1
  4744 ;; This function calls:
  4745 ;;		Nothing
  4746 ;; This function is called by:
  4747 ;;		_can_receive
  4748 ;; This function uses a non-reentrant model
  4749 ;;
  4750                           
  4751                           	psect	text9
  4752   002B2E                     __ptext9:
  4753                           	callstack 0
  4754   002B2E                     _get_msg_id_std:
  4755                           	callstack 28
  4756   002B2E                     
  4757                           ;can.c: 58:     id = ((RXB0SIDL >> 5) & 0x7) | (RXB0SIDH << 3);
  4758   002B2E  5061               	movf	97,w,c	;volatile
  4759   002B30  6E27               	movwf	??_get_msg_id_std^0,c
  4760   002B32  6A28               	clrf	(??_get_msg_id_std+1)^0,c
  4761   002B34  90D8               	bcf	status,0,c
  4762   002B36  3627               	rlcf	??_get_msg_id_std^0,f,c
  4763   002B38  3628               	rlcf	(??_get_msg_id_std+1)^0,f,c
  4764   002B3A  90D8               	bcf	status,0,c
  4765   002B3C  3627               	rlcf	??_get_msg_id_std^0,f,c
  4766   002B3E  3628               	rlcf	(??_get_msg_id_std+1)^0,f,c
  4767   002B40  90D8               	bcf	status,0,c
  4768   002B42  3627               	rlcf	??_get_msg_id_std^0,f,c
  4769   002B44  3628               	rlcf	(??_get_msg_id_std+1)^0,f,c
  4770   002B46  3862               	swapf	98,w,c	;volatile
  4771   002B48  42E8               	rrncf	wreg,f,c
  4772   002B4A  0B07               	andlw	7
  4773   002B4C  0B07               	andlw	7
  4774   002B4E  6E29               	movwf	(??_get_msg_id_std+2)^0,c
  4775   002B50  6A2A               	clrf	(??_get_msg_id_std+3)^0,c
  4776   002B52  5027               	movf	??_get_msg_id_std^0,w,c
  4777   002B54  1029               	iorwf	(??_get_msg_id_std+2)^0,w,c
  4778   002B56  6E2B               	movwf	get_msg_id_std@id^0,c
  4779   002B58  5028               	movf	(??_get_msg_id_std+1)^0,w,c
  4780   002B5A  102A               	iorwf	(??_get_msg_id_std+3)^0,w,c
  4781   002B5C  6E2C               	movwf	(get_msg_id_std@id+1)^0,c
  4782   002B5E                     
  4783                           ;can.c: 59:     return id;
  4784   002B5E  C02B  F025         	movff	get_msg_id_std@id,?_get_msg_id_std
  4785   002B62  C02C  F026         	movff	get_msg_id_std@id+1,?_get_msg_id_std+1
  4786   002B66  0012               	return		;funcret
  4787   002B68                     __end_of_get_msg_id_std:
  4788                           	callstack 0
  4789                           
  4790 ;; *************** function _init_config *****************
  4791 ;; Defined at:
  4792 ;;		line 23 in file "main.c"
  4793 ;; Parameters:    Size  Location     Type
  4794 ;;		None
  4795 ;; Auto vars:     Size  Location     Type
  4796 ;;		None
  4797 ;; Return value:  Size  Location     Type
  4798 ;;                  1    wreg      void 
  4799 ;; Registers used:
  4800 ;;		wreg, status,2, status,0, cstack
  4801 ;; Tracked objects:
  4802 ;;		On entry : 0/0
  4803 ;;		On exit  : 0/0
  4804 ;;		Unchanged: 0/0
  4805 ;; Data sizes:     COMRAM   BANK0   BANK1   BANK2   BANK3   BANK4   BANK5
  4806 ;;      Params:         0       0       0       0       0       0       0
  4807 ;;      Locals:         0       0       0       0       0       0       0
  4808 ;;      Temps:          0       0       0       0       0       0       0
  4809 ;;      Totals:         0       0       0       0       0       0       0
  4810 ;;Total ram usage:        0 bytes
  4811 ;; Hardware stack levels used: 1
  4812 ;; Hardware stack levels required when called: 2
  4813 ;; This function calls:
  4814 ;;		_init_can
  4815 ;;		_init_clcd
  4816 ;;		_init_leds
  4817 ;; This function is called by:
  4818 ;;		_main
  4819 ;; This function uses a non-reentrant model
  4820 ;;
  4821                           
  4822                           	psect	text10
  4823   002A38                     __ptext10:
  4824                           	callstack 0
  4825   002A38                     _init_config:
  4826                           	callstack 28
  4827   002A38                     
  4828                           ;main.c: 25:     init_clcd();
  4829   002A38  ECA4  F016         	call	_init_clcd	;wreg free
  4830   002A3C                     
  4831                           ;main.c: 27:     init_leds();
  4832   002A3C  EC19  F015         	call	_init_leds	;wreg free
  4833   002A40                     
  4834                           ;main.c: 28:     init_can();
  4835   002A40  ECB4  F015         	call	_init_can	;wreg free
  4836   002A44  0012               	return		;funcret
  4837   002A46                     __end_of_init_config:
  4838                           	callstack 0
  4839                           
  4840 ;; *************** function _init_leds *****************
  4841 ;; Defined at:
  4842 ;;		line 18 in file "main.c"
  4843 ;; Parameters:    Size  Location     Type
  4844 ;;		None
  4845 ;; Auto vars:     Size  Location     Type
  4846 ;;		None
  4847 ;; Return value:  Size  Location     Type
  4848 ;;                  1    wreg      void 
  4849 ;; Registers used:
  4850 ;;		None
  4851 ;; Tracked objects:
  4852 ;;		On entry : 0/0
  4853 ;;		On exit  : 0/0
  4854 ;;		Unchanged: 0/0
  4855 ;; Data sizes:     COMRAM   BANK0   BANK1   BANK2   BANK3   BANK4   BANK5
  4856 ;;      Params:         0       0       0       0       0       0       0
  4857 ;;      Locals:         0       0       0       0       0       0       0
  4858 ;;      Temps:          0       0       0       0       0       0       0
  4859 ;;      Totals:         0       0       0       0       0       0       0
  4860 ;;Total ram usage:        0 bytes
  4861 ;; Hardware stack levels used: 1
  4862 ;; This function calls:
  4863 ;;		Nothing
  4864 ;; This function is called by:
  4865 ;;		_init_config
  4866 ;; This function uses a non-reentrant model
  4867 ;;
  4868                           
  4869                           	psect	text11
  4870   002A32                     __ptext11:
  4871                           	callstack 0
  4872   002A32                     _init_leds:
  4873                           	callstack 29
  4874   002A32                     
  4875                           ;main.c: 19:     TRISB = 0x00;
  4876   002A32  6A93               	clrf	147,c	;volatile
  4877                           
  4878                           ;main.c: 20:     PORTB = 0x00;
  4879   002A34  6A81               	clrf	129,c	;volatile
  4880   002A36  0012               	return		;funcret
  4881   002A38                     __end_of_init_leds:
  4882                           	callstack 0
  4883                           
  4884 ;; *************** function _init_clcd *****************
  4885 ;; Defined at:
  4886 ;;		line 34 in file "clcd.c"
  4887 ;; Parameters:    Size  Location     Type
  4888 ;;		None
  4889 ;; Auto vars:     Size  Location     Type
  4890 ;;		None
  4891 ;; Return value:  Size  Location     Type
  4892 ;;                  1    wreg      void 
  4893 ;; Registers used:
  4894 ;;		wreg, status,2, status,0, cstack
  4895 ;; Tracked objects:
  4896 ;;		On entry : 0/0
  4897 ;;		On exit  : 0/0
  4898 ;;		Unchanged: 0/0
  4899 ;; Data sizes:     COMRAM   BANK0   BANK1   BANK2   BANK3   BANK4   BANK5
  4900 ;;      Params:         0       0       0       0       0       0       0
  4901 ;;      Locals:         0       0       0       0       0       0       0
  4902 ;;      Temps:          1       0       0       0       0       0       0
  4903 ;;      Totals:         1       0       0       0       0       0       0
  4904 ;;Total ram usage:        1 bytes
  4905 ;; Hardware stack levels used: 1
  4906 ;; Hardware stack levels required when called: 1
  4907 ;; This function calls:
  4908 ;;		_clcd_write
  4909 ;; This function is called by:
  4910 ;;		_init_config
  4911 ;; This function uses a non-reentrant model
  4912 ;;
  4913                           
  4914                           	psect	text12
  4915   002D48                     __ptext12:
  4916                           	callstack 0
  4917   002D48                     _init_clcd:
  4918                           	callstack 28
  4919   002D48                     
  4920                           ;clcd.c: 37:  TRISD = 0x00;
  4921   002D48  6A95               	clrf	149,c	;volatile
  4922   002D4A                     
  4923                           ;clcd.c: 39:  TRISC = TRISC & 0xF8;
  4924   002D4A  5094               	movf	148,w,c	;volatile
  4925   002D4C  0BF8               	andlw	248
  4926   002D4E  6E94               	movwf	148,c	;volatile
  4927   002D50                     
  4928                           ;clcd.c: 41:  RC0 = 0;
  4929   002D50  9082               	bcf	3970,0,c	;volatile
  4930   002D52                     
  4931                           ;clcd.c: 45:     _delay((unsigned long)((30)*(20000000/4000.0)));
  4932   002D52  0EC3               	movlw	195
  4933   002D54  6E27               	movwf	??_init_clcd^0,c
  4934   002D56  0ECD               	movlw	205
  4935   002D58                     u567:
  4936   002D58  2EE8               	decfsz	wreg,f,c
  4937   002D5A  D7FE               	bra	u567
  4938   002D5C  2E27               	decfsz	??_init_clcd^0,f,c
  4939   002D5E  D7FC               	bra	u567
  4940   002D60  0000               	nop	
  4941   002D62                     
  4942                           ;clcd.c: 48:     clcd_write(0x33, 0 );
  4943   002D62  0E00               	movlw	0
  4944   002D64  6E25               	movwf	clcd_write@control_bit^0,c
  4945   002D66  0E33               	movlw	51
  4946   002D68  EC7A  F015         	call	_clcd_write
  4947   002D6C                     
  4948                           ;clcd.c: 49:     _delay((unsigned long)((4100)*(20000000/4000000.0)));
  4949   002D6C  0E1B               	movlw	27
  4950   002D6E  6E27               	movwf	??_init_clcd^0,c
  4951   002D70  0E9E               	movlw	158
  4952   002D72                     u577:
  4953   002D72  2EE8               	decfsz	wreg,f,c
  4954   002D74  D7FE               	bra	u577
  4955   002D76  2E27               	decfsz	??_init_clcd^0,f,c
  4956   002D78  D7FC               	bra	u577
  4957   002D7A  D000               	nop2	
  4958   002D7C                     
  4959                           ;clcd.c: 50:     clcd_write(0x33, 0 );
  4960   002D7C  0E00               	movlw	0
  4961   002D7E  6E25               	movwf	clcd_write@control_bit^0,c
  4962   002D80  0E33               	movlw	51
  4963   002D82  EC7A  F015         	call	_clcd_write
  4964   002D86                     
  4965                           ;clcd.c: 51:     _delay((unsigned long)((100)*(20000000/4000000.0)));
  4966   002D86  0EA6               	movlw	166
  4967   002D88                     u587:
  4968   002D88  2EE8               	decfsz	wreg,f,c
  4969   002D8A  D7FE               	bra	u587
  4970   002D8C  D000               	nop2	
  4971   002D8E                     
  4972                           ;clcd.c: 52:     clcd_write(0x33, 0 );
  4973   002D8E  0E00               	movlw	0
  4974   002D90  6E25               	movwf	clcd_write@control_bit^0,c
  4975   002D92  0E33               	movlw	51
  4976   002D94  EC7A  F015         	call	_clcd_write
  4977   002D98                     
  4978                           ;clcd.c: 53:     _delay((unsigned long)((1)*(20000000/4000000.0)));
  4979   002D98  D000               	nop2		;2 cycle nop
  4980   002D9A  D000               	nop2		;2 cycle nop
  4981   002D9C  0000               	nop	
  4982   002D9E                     
  4983                           ;clcd.c: 55:     clcd_write(0x02, 0);
  4984   002D9E  0E00               	movlw	0
  4985   002DA0  6E25               	movwf	clcd_write@control_bit^0,c
  4986   002DA2  0E02               	movlw	2
  4987   002DA4  EC7A  F015         	call	_clcd_write
  4988   002DA8                     
  4989                           ;clcd.c: 56:     _delay((unsigned long)((100)*(20000000/4000000.0)));
  4990   002DA8  0EA6               	movlw	166
  4991   002DAA                     u597:
  4992   002DAA  2EE8               	decfsz	wreg,f,c
  4993   002DAC  D7FE               	bra	u597
  4994   002DAE  D000               	nop2	
  4995   002DB0                     
  4996                           ;clcd.c: 57:     clcd_write(0x38, 0);
  4997   002DB0  0E00               	movlw	0
  4998   002DB2  6E25               	movwf	clcd_write@control_bit^0,c
  4999   002DB4  0E38               	movlw	56
  5000   002DB6  EC7A  F015         	call	_clcd_write
  5001   002DBA                     
  5002                           ;clcd.c: 58:     _delay((unsigned long)((100)*(20000000/4000000.0)));
  5003   002DBA  0EA6               	movlw	166
  5004   002DBC                     u607:
  5005   002DBC  2EE8               	decfsz	wreg,f,c
  5006   002DBE  D7FE               	bra	u607
  5007   002DC0  D000               	nop2	
  5008   002DC2                     
  5009                           ;clcd.c: 59:     clcd_write(0x01, 0);
  5010   002DC2  0E00               	movlw	0
  5011   002DC4  6E25               	movwf	clcd_write@control_bit^0,c
  5012   002DC6  0E01               	movlw	1
  5013   002DC8  EC7A  F015         	call	_clcd_write
  5014   002DCC                     
  5015                           ;clcd.c: 60:     _delay((unsigned long)((500)*(20000000/4000000.0)));
  5016   002DCC  0E04               	movlw	4
  5017   002DCE  6E27               	movwf	??_init_clcd^0,c
  5018   002DD0  0E3E               	movlw	62
  5019   002DD2                     u617:
  5020   002DD2  2EE8               	decfsz	wreg,f,c
  5021   002DD4  D7FE               	bra	u617
  5022   002DD6  2E27               	decfsz	??_init_clcd^0,f,c
  5023   002DD8  D7FC               	bra	u617
  5024   002DDA                     
  5025                           ;clcd.c: 61:     clcd_write(0x0C, 0);
  5026   002DDA  0E00               	movlw	0
  5027   002DDC  6E25               	movwf	clcd_write@control_bit^0,c
  5028   002DDE  0E0C               	movlw	12
  5029   002DE0  EC7A  F015         	call	_clcd_write
  5030   002DE4                     
  5031                           ;clcd.c: 62:     _delay((unsigned long)((100)*(20000000/4000000.0)));
  5032   002DE4  0EA6               	movlw	166
  5033   002DE6                     u627:
  5034   002DE6  2EE8               	decfsz	wreg,f,c
  5035   002DE8  D7FE               	bra	u627
  5036   002DEA  D000               	nop2	
  5037   002DEC  0012               	return		;funcret
  5038   002DEE                     __end_of_init_clcd:
  5039                           	callstack 0
  5040                           
  5041 ;; *************** function _clcd_write *****************
  5042 ;; Defined at:
  5043 ;;		line 11 in file "clcd.c"
  5044 ;; Parameters:    Size  Location     Type
  5045 ;;  byte            1    wreg     unsigned char 
  5046 ;;  control_bit     1    0[COMRAM] unsigned char 
  5047 ;; Auto vars:     Size  Location     Type
  5048 ;;  byte            1    1[COMRAM] unsigned char 
  5049 ;; Return value:  Size  Location     Type
  5050 ;;                  1    wreg      void 
  5051 ;; Registers used:
  5052 ;;		wreg
  5053 ;; Tracked objects:
  5054 ;;		On entry : 0/0
  5055 ;;		On exit  : 0/0
  5056 ;;		Unchanged: 0/0
  5057 ;; Data sizes:     COMRAM   BANK0   BANK1   BANK2   BANK3   BANK4   BANK5
  5058 ;;      Params:         1       0       0       0       0       0       0
  5059 ;;      Locals:         1       0       0       0       0       0       0
  5060 ;;      Temps:          0       0       0       0       0       0       0
  5061 ;;      Totals:         2       0       0       0       0       0       0
  5062 ;;Total ram usage:        2 bytes
  5063 ;; Hardware stack levels used: 1
  5064 ;; This function calls:
  5065 ;;		Nothing
  5066 ;; This function is called by:
  5067 ;;		_init_clcd
  5068 ;;		_clcd_print
  5069 ;;		_clcd_putch
  5070 ;; This function uses a non-reentrant model
  5071 ;;
  5072                           
  5073                           	psect	text13
  5074   002AF4                     __ptext13:
  5075                           	callstack 0
  5076   002AF4                     _clcd_write:
  5077                           	callstack 27
  5078                           
  5079                           ;incstack = 0
  5080                           ;clcd_write@byte stored from wreg
  5081   002AF4  6E26               	movwf	clcd_write@byte^0,c
  5082   002AF6                     
  5083                           ;clcd.c: 11: void clcd_write(unsigned char byte, unsigned char control_bit);clcd.c: 12: 
      +                          {;clcd.c: 13:  RC1 = control_bit;
  5084   002AF6  B025               	btfsc	clcd_write@control_bit^0,0,c
  5085   002AF8  EF80  F015         	goto	u361
  5086   002AFC  EF83  F015         	goto	u360
  5087   002B00                     u361:
  5088   002B00  8282               	bsf	3970,1,c	;volatile
  5089   002B02  EF84  F015         	goto	u375
  5090   002B06                     u360:
  5091   002B06  9282               	bcf	3970,1,c	;volatile
  5092   002B08                     u375:
  5093   002B08                     
  5094                           ;clcd.c: 14:  PORTD = byte;
  5095   002B08  C026  FF83         	movff	clcd_write@byte,3971	;volatile
  5096   002B0C                     
  5097                           ;clcd.c: 17:  RC2 = 1;
  5098   002B0C  8482               	bsf	3970,2,c	;volatile
  5099   002B0E                     
  5100                           ;clcd.c: 18:  RC2 = 0;
  5101   002B0E  9482               	bcf	3970,2,c	;volatile
  5102   002B10                     
  5103                           ;clcd.c: 20:  TRISD7 = 0xFF;
  5104   002B10  8E95               	bsf	3989,7,c	;volatile
  5105   002B12                     
  5106                           ;clcd.c: 21:  RC0 = 1;
  5107   002B12  8082               	bsf	3970,0,c	;volatile
  5108   002B14                     
  5109                           ;clcd.c: 22:  RC1 = 0;
  5110   002B14  9282               	bcf	3970,1,c	;volatile
  5111   002B16                     l1487:
  5112                           
  5113                           ;clcd.c: 25:  {;clcd.c: 26:   RC2 = 1;
  5114   002B16  8482               	bsf	3970,2,c	;volatile
  5115   002B18                     
  5116                           ;clcd.c: 27:   RC2 = 0;
  5117   002B18  9482               	bcf	3970,2,c	;volatile
  5118   002B1A                     
  5119                           ;clcd.c: 28:  } while (RD7);
  5120   002B1A  BE83               	btfsc	3971,7,c	;volatile
  5121   002B1C  EF92  F015         	goto	u381
  5122   002B20  EF94  F015         	goto	u380
  5123   002B24                     u381:
  5124   002B24  EF8B  F015         	goto	l1487
  5125   002B28                     u380:
  5126   002B28                     
  5127                           ;clcd.c: 30:  RC0 = 0;
  5128   002B28  9082               	bcf	3970,0,c	;volatile
  5129                           
  5130                           ;clcd.c: 31:  TRISD7 = 0x00;
  5131   002B2A  9E95               	bcf	3989,7,c	;volatile
  5132   002B2C  0012               	return		;funcret
  5133   002B2E                     __end_of_clcd_write:
  5134                           	callstack 0
  5135                           
  5136 ;; *************** function _init_can *****************
  5137 ;; Defined at:
  5138 ;;		line 22 in file "can.c"
  5139 ;; Parameters:    Size  Location     Type
  5140 ;;		None
  5141 ;; Auto vars:     Size  Location     Type
  5142 ;;		None
  5143 ;; Return value:  Size  Location     Type
  5144 ;;                  1    wreg      void 
  5145 ;; Registers used:
  5146 ;;		wreg, status,2, status,0
  5147 ;; Tracked objects:
  5148 ;;		On entry : 0/0
  5149 ;;		On exit  : 0/0
  5150 ;;		Unchanged: 0/0
  5151 ;; Data sizes:     COMRAM   BANK0   BANK1   BANK2   BANK3   BANK4   BANK5
  5152 ;;      Params:         0       0       0       0       0       0       0
  5153 ;;      Locals:         0       0       0       0       0       0       0
  5154 ;;      Temps:          0       0       0       0       0       0       0
  5155 ;;      Totals:         0       0       0       0       0       0       0
  5156 ;;Total ram usage:        0 bytes
  5157 ;; Hardware stack levels used: 1
  5158 ;; This function calls:
  5159 ;;		Nothing
  5160 ;; This function is called by:
  5161 ;;		_init_config
  5162 ;; This function uses a non-reentrant model
  5163 ;;
  5164                           
  5165                           	psect	text14
  5166   002B68                     __ptext14:
  5167                           	callstack 0
  5168   002B68                     _init_can:
  5169                           	callstack 29
  5170   002B68                     
  5171                           ;can.c: 24:     TRISB2 = 0;
  5172   002B68  9493               	bcf	3987,2,c	;volatile
  5173                           
  5174                           ;can.c: 25:     TRISB3 = 1;
  5175   002B6A  8693               	bsf	3987,3,c	;volatile
  5176   002B6C                     
  5177                           ;can.c: 29:     { CANCON &= 0x1F; CANCON |= e_can_op_mode_config; };
  5178   002B6C  0E1F               	movlw	31
  5179   002B6E  166F               	andwf	111,f,c	;volatile
  5180   002B70  8E6F               	bsf	111,7,c	;volatile
  5181   002B72                     l1221:
  5182   002B72  0E80               	movlw	128
  5183   002B74  186E               	xorwf	110,w,c	;volatile
  5184   002B76  A4D8               	btfss	status,2,c
  5185   002B78  EFC0  F015         	goto	u71
  5186   002B7C  EFC2  F015         	goto	u70
  5187   002B80                     u71:
  5188   002B80  EFB9  F015         	goto	l1221
  5189   002B84                     u70:
  5190   002B84                     
  5191                           ;can.c: 35:     ECANCON = 0x00;
  5192   002B84  6A77               	clrf	119,c	;volatile
  5193   002B86                     
  5194                           ;can.c: 38:     BRGCON1 = 0xE1;
  5195   002B86  0EE1               	movlw	225
  5196   002B88  6E70               	movwf	112,c	;volatile
  5197                           
  5198                           ;can.c: 39:     BRGCON2 = 0x1B;
  5199   002B8A  0E1B               	movlw	27
  5200   002B8C  6E71               	movwf	113,c	;volatile
  5201                           
  5202                           ;can.c: 40:     BRGCON3 = 0x03;
  5203   002B8E  0E03               	movlw	3
  5204   002B90  6E72               	movwf	114,c	;volatile
  5205   002B92                     
  5206                           ;can.c: 46:     RXFCON0 = 0x00;
  5207   002B92  010D               	movlb	13	; () banked
  5208   002B94  6BD4               	clrf	212,b	;volatile
  5209   002B96                     
  5210                           ; BSR set to: 13
  5211                           ;can.c: 48:     { CANCON &= 0x1F; CANCON |= e_can_op_mode_normal; };
  5212   002B96  0E1F               	movlw	31
  5213   002B98  166F               	andwf	111,f,c	;volatile
  5214   002B9A                     
  5215                           ; BSR set to: 13
  5216   002B9A  506F               	movf	111,w,c	;volatile
  5217   002B9C                     
  5218                           ; BSR set to: 13
  5219                           ;can.c: 51:     RXB0CON = 0x00;
  5220   002B9C  6A60               	clrf	96,c	;volatile
  5221   002B9E                     
  5222                           ; BSR set to: 13
  5223                           ;can.c: 52:     RXB0CONbits.RXM0=1;
  5224   002B9E  8A60               	bsf	96,5,c	;volatile
  5225   002BA0                     
  5226                           ; BSR set to: 13
  5227                           ;can.c: 53:     RXB0CONbits.RXM1=1;
  5228   002BA0  8C60               	bsf	96,6,c	;volatile
  5229   002BA2                     
  5230                           ; BSR set to: 13
  5231   002BA2  0012               	return		;funcret
  5232   002BA4                     __end_of_init_can:
  5233                           	callstack 0
  5234                           
  5235                           	psect	rparam
  5236   000001                     ___rparam_used  equ	1
  5237   000000                     ___param_bank   equ	0
  5238   000000                     __Lparam        equ	__Lrparam
  5239   000000                     __Hparam        equ	__Hrparam
  5240                           
  5241                           	psect	idloc
  5242                           
  5243                           ;Config register IDLOC0 @ 0x200000
  5244                           ;	unspecified, using default values
  5245   200000                     	org	2097152
  5246   200000  FF                 	db	255
  5247                           
  5248                           ;Config register IDLOC1 @ 0x200001
  5249                           ;	unspecified, using default values
  5250   200001                     	org	2097153
  5251   200001  FF                 	db	255
  5252                           
  5253                           ;Config register IDLOC2 @ 0x200002
  5254                           ;	unspecified, using default values
  5255   200002                     	org	2097154
  5256   200002  FF                 	db	255
  5257                           
  5258                           ;Config register IDLOC3 @ 0x200003
  5259                           ;	unspecified, using default values
  5260   200003                     	org	2097155
  5261   200003  FF                 	db	255
  5262                           
  5263                           ;Config register IDLOC4 @ 0x200004
  5264                           ;	unspecified, using default values
  5265   200004                     	org	2097156
  5266   200004  FF                 	db	255
  5267                           
  5268                           ;Config register IDLOC5 @ 0x200005
  5269                           ;	unspecified, using default values
  5270   200005                     	org	2097157
  5271   200005  FF                 	db	255
  5272                           
  5273                           ;Config register IDLOC6 @ 0x200006
  5274                           ;	unspecified, using default values
  5275   200006                     	org	2097158
  5276   200006  FF                 	db	255
  5277                           
  5278                           ;Config register IDLOC7 @ 0x200007
  5279                           ;	unspecified, using default values
  5280   200007                     	org	2097159
  5281   200007  FF                 	db	255
  5282                           
  5283                           	psect	config
  5284                           
  5285                           ; Padding undefined space
  5286   300000                     	org	3145728
  5287   300000  FF                 	db	255
  5288                           
  5289                           ;Config register CONFIG1H @ 0x300001
  5290                           ;	unspecified, using default values
  5291                           ;	Oscillator Selection bits
  5292                           ;	OSC = 0x7, unprogrammed default
  5293                           ;	Fail-Safe Clock Monitor Enable bit
  5294                           ;	FCMEN = 0x0, unprogrammed default
  5295                           ;	Internal/External Oscillator Switchover bit
  5296                           ;	IESO = 0x0, unprogrammed default
  5297   300001                     	org	3145729
  5298   300001  07                 	db	7
  5299                           
  5300                           ;Config register CONFIG2L @ 0x300002
  5301                           ;	unspecified, using default values
  5302                           ;	Power-up Timer Enable bit
  5303                           ;	PWRT = 0x1, unprogrammed default
  5304                           ;	Brown-out Reset Enable bits
  5305                           ;	BOREN = 0x3, unprogrammed default
  5306                           ;	Brown-out Reset Voltage bits
  5307                           ;	BORV = 0x3, unprogrammed default
  5308   300002                     	org	3145730
  5309   300002  1F                 	db	31
  5310                           
  5311                           ;Config register CONFIG2H @ 0x300003
  5312                           ;	unspecified, using default values
  5313                           ;	Watchdog Timer Enable bit
  5314                           ;	WDT = 0x1, unprogrammed default
  5315                           ;	Watchdog Timer Postscale Select bits
  5316                           ;	WDTPS = 0xF, unprogrammed default
  5317   300003                     	org	3145731
  5318   300003  1F                 	db	31
  5319                           
  5320                           ; Padding undefined space
  5321   300004                     	org	3145732
  5322   300004  FF                 	db	255
  5323                           
  5324                           ;Config register CONFIG3H @ 0x300005
  5325                           ;	unspecified, using default values
  5326                           ;	PORTB A/D Enable bit
  5327                           ;	PBADEN = 0x1, unprogrammed default
  5328                           ;	Low-Power Timer 1 Oscillator Enable bit
  5329                           ;	LPT1OSC = 0x0, unprogrammed default
  5330                           ;	MCLR Pin Enable bit
  5331                           ;	MCLRE = 0x1, unprogrammed default
  5332   300005                     	org	3145733
  5333   300005  82                 	db	130
  5334                           
  5335                           ;Config register CONFIG4L @ 0x300006
  5336                           ;	unspecified, using default values
  5337                           ;	Stack Full/Underflow Reset Enable bit
  5338                           ;	STVREN = 0x1, unprogrammed default
  5339                           ;	Single-Supply ICSP Enable bit
  5340                           ;	LVP = 0x1, unprogrammed default
  5341                           ;	Boot Block Size Select bit
  5342                           ;	BBSIZ = 0x0, unprogrammed default
  5343                           ;	Extended Instruction Set Enable bit
  5344                           ;	XINST = 0x0, unprogrammed default
  5345                           ;	Background Debugger Enable bit
  5346                           ;	DEBUG = 0x1, unprogrammed default
  5347   300006                     	org	3145734
  5348   300006  85                 	db	133
  5349                           
  5350                           ; Padding undefined space
  5351   300007                     	org	3145735
  5352   300007  FF                 	db	255
  5353                           
  5354                           ;Config register CONFIG5L @ 0x300008
  5355                           ;	unspecified, using default values
  5356                           ;	Code Protection bit
  5357                           ;	CP0 = 0x1, unprogrammed default
  5358                           ;	Code Protection bit
  5359                           ;	CP1 = 0x1, unprogrammed default
  5360                           ;	Code Protection bit
  5361                           ;	CP2 = 0x1, unprogrammed default
  5362                           ;	Code Protection bit
  5363                           ;	CP3 = 0x1, unprogrammed default
  5364   300008                     	org	3145736
  5365   300008  0F                 	db	15
  5366                           
  5367                           ;Config register CONFIG5H @ 0x300009
  5368                           ;	unspecified, using default values
  5369                           ;	Boot Block Code Protection bit
  5370                           ;	CPB = 0x1, unprogrammed default
  5371                           ;	Data EEPROM Code Protection bit
  5372                           ;	CPD = 0x1, unprogrammed default
  5373   300009                     	org	3145737
  5374   300009  C0                 	db	192
  5375                           
  5376                           ;Config register CONFIG6L @ 0x30000A
  5377                           ;	unspecified, using default values
  5378                           ;	Write Protection bit
  5379                           ;	WRT0 = 0x1, unprogrammed default
  5380                           ;	Write Protection bit
  5381                           ;	WRT1 = 0x1, unprogrammed default
  5382                           ;	Write Protection bit
  5383                           ;	WRT2 = 0x1, unprogrammed default
  5384                           ;	Write Protection bit
  5385                           ;	WRT3 = 0x1, unprogrammed default
  5386   30000A                     	org	3145738
  5387   30000A  0F                 	db	15
  5388                           
  5389                           ;Config register CONFIG6H @ 0x30000B
  5390                           ;	unspecified, using default values
  5391                           ;	Configuration Register Write Protection bit
  5392                           ;	WRTC = 0x1, unprogrammed default
  5393                           ;	Boot Block Write Protection bit
  5394                           ;	WRTB = 0x1, unprogrammed default
  5395                           ;	Data EEPROM Write Protection bit
  5396                           ;	WRTD = 0x1, unprogrammed default
  5397   30000B                     	org	3145739
  5398   30000B  E0                 	db	224
  5399                           
  5400                           ;Config register CONFIG7L @ 0x30000C
  5401                           ;	unspecified, using default values
  5402                           ;	Table Read Protection bit
  5403                           ;	EBTR0 = 0x1, unprogrammed default
  5404                           ;	Table Read Protection bit
  5405                           ;	EBTR1 = 0x1, unprogrammed default
  5406                           ;	Table Read Protection bit
  5407                           ;	EBTR2 = 0x1, unprogrammed default
  5408                           ;	Table Read Protection bit
  5409                           ;	EBTR3 = 0x1, unprogrammed default
  5410   30000C                     	org	3145740
  5411   30000C  0F                 	db	15
  5412                           
  5413                           ;Config register CONFIG7H @ 0x30000D
  5414                           ;	unspecified, using default values
  5415                           ;	Boot Block Table Read Protection bit
  5416                           ;	EBTRB = 0x1, unprogrammed default
  5417   30000D                     	org	3145741
  5418   30000D  40                 	db	64
  5419                           tosu	equ	0xFFF
  5420                           tosh	equ	0xFFE
  5421                           tosl	equ	0xFFD
  5422                           stkptr	equ	0xFFC
  5423                           pclatu	equ	0xFFB
  5424                           pclath	equ	0xFFA
  5425                           pcl	equ	0xFF9
  5426                           tblptru	equ	0xFF8
  5427                           tblptrh	equ	0xFF7
  5428                           tblptrl	equ	0xFF6
  5429                           tablat	equ	0xFF5
  5430                           prodh	equ	0xFF4
  5431                           prodl	equ	0xFF3
  5432                           indf0	equ	0xFEF
  5433                           postinc0	equ	0xFEE
  5434                           postdec0	equ	0xFED
  5435                           preinc0	equ	0xFEC
  5436                           plusw0	equ	0xFEB
  5437                           fsr0h	equ	0xFEA
  5438                           fsr0l	equ	0xFE9
  5439                           wreg	equ	0xFE8
  5440                           indf1	equ	0xFE7
  5441                           postinc1	equ	0xFE6
  5442                           postdec1	equ	0xFE5
  5443                           preinc1	equ	0xFE4
  5444                           plusw1	equ	0xFE3
  5445                           fsr1h	equ	0xFE2
  5446                           fsr1l	equ	0xFE1
  5447                           bsr	equ	0xFE0
  5448                           indf2	equ	0xFDF
  5449                           postinc2	equ	0xFDE
  5450                           postdec2	equ	0xFDD
  5451                           preinc2	equ	0xFDC
  5452                           plusw2	equ	0xFDB
  5453                           fsr2h	equ	0xFDA
  5454                           fsr2l	equ	0xFD9
  5455                           status	equ	0xFD8

Data Sizes:
    Strings     15
    Constant    0
    Data        25
    BSS         36
    Persistent  0
    Stack       0

Auto Spaces:
    Space          Size  Autos    Used
    COMRAM           95     32      93
    BANK0           160      0       0
    BANK1           256      0       0
    BANK2           256      0       0
    BANK3           256      0       0
    BANK4           256      0       0
    BANK5           256      0       0

Pointer List with Targets:

    can_receive@data	PTR unsigned char  size(1) Largest target is 8
		 -> arr(COMRAM[8]), 

    can_receive@len	PTR unsigned char  size(1) Largest target is 1
		 -> len(COMRAM[1]), 

    can_receive@msg_id	PTR unsigned short  size(1) Largest target is 2
		 -> msg_id(COMRAM[2]), 

    can_receive@ptr	PTR unsigned char  size(2) Largest target is 1
		 -> RXB0D0(SFR_3[1]), 

    clcd_print@data	PTR const unsigned char  size(2) Largest target is 24
		 -> handle_gear_data@gear_arr(COMRAM[24]), STR_1(CODE[15]), 

    handle_gear_data@data	PTR unsigned char  size(1) Largest target is 8
		 -> arr(COMRAM[8]), 

    handle_indicator_data@data	PTR unsigned char  size(1) Largest target is 8
		 -> arr(COMRAM[8]), 

    handle_rpm_data@data	PTR unsigned char  size(1) Largest target is 8
		 -> arr(COMRAM[8]), 

    handle_speed_data@data	PTR unsigned char  size(1) Largest target is 8
		 -> arr(COMRAM[8]), 


Critical Paths under _main in COMRAM

    _process_canbus_data->_handle_gear_data
    _handle_speed_data->_clcd_putch
    _handle_rpm_data->_clcd_putch
    _handle_indicator_data->_clcd_putch
    _clcd_putch->_clcd_write
    _handle_gear_data->_clcd_print
    _clcd_print->_clcd_write
    _can_receive->_get_msg_id_std
    _init_config->_init_clcd
    _init_clcd->_clcd_write

Critical Paths under _main in BANK0

    None.

Critical Paths under _main in BANK1

    None.

Critical Paths under _main in BANK2

    None.

Critical Paths under _main in BANK3

    None.

Critical Paths under _main in BANK4

    None.

Critical Paths under _main in BANK5

    None.

Call Graph Tables:

 ---------------------------------------------------------------------------------
 (Depth) Function   	        Calls       Base Space   Used Autos Params    Refs
 ---------------------------------------------------------------------------------
 (0) _main                                                 0     0      0    1180
                         _clcd_print
                        _init_config
                _process_canbus_data
 ---------------------------------------------------------------------------------
 (1) _process_canbus_data                                  0     0      0     985
                        _can_receive
                   _handle_gear_data
              _handle_indicator_data
                    _handle_rpm_data
                  _handle_speed_data
 ---------------------------------------------------------------------------------
 (2) _handle_speed_data                                    2     0      2     177
                                              4 COMRAM     2     0      2
                         _clcd_putch
 ---------------------------------------------------------------------------------
 (2) _handle_rpm_data                                      2     0      2     243
                                              4 COMRAM     2     0      2
                         _clcd_putch
 ---------------------------------------------------------------------------------
 (2) _handle_indicator_data                                2     0      2     155
                                              4 COMRAM     2     0      2
                         _clcd_putch
 ---------------------------------------------------------------------------------
 (3) _clcd_putch                                           2     1      1     131
                                              2 COMRAM     2     1      1
                         _clcd_write
 ---------------------------------------------------------------------------------
 (2) _handle_gear_data                                    27    25      2     182
                                              5 COMRAM    27    25      2
                         _clcd_print
 ---------------------------------------------------------------------------------
 (3) _clcd_print                                           3     0      3     133
                                              2 COMRAM     3     0      3
                         _clcd_write
 ---------------------------------------------------------------------------------
 (2) _can_receive                                         10     7      3     228
                                              8 COMRAM    10     7      3
                     _get_msg_id_std
 ---------------------------------------------------------------------------------
 (3) _get_msg_id_std                                       8     6      2      24
                                              0 COMRAM     8     6      2
 ---------------------------------------------------------------------------------
 (1) _init_config                                          0     0      0      62
                           _init_can
                          _init_clcd
                          _init_leds
 ---------------------------------------------------------------------------------
 (2) _init_leds                                            0     0      0       0
 ---------------------------------------------------------------------------------
 (2) _init_clcd                                            1     1      0      62
                                              2 COMRAM     1     1      0
                         _clcd_write
 ---------------------------------------------------------------------------------
 (4) _clcd_write                                           2     1      1      62
                                              0 COMRAM     2     1      1
 ---------------------------------------------------------------------------------
 (2) _init_can                                             0     0      0       0
 ---------------------------------------------------------------------------------
 Estimated maximum stack depth 4
 ---------------------------------------------------------------------------------

 Call Graph Graphs:

 _main (ROOT)
   _clcd_print
     _clcd_write
   _init_config
     _init_can
     _init_clcd
       _clcd_write
     _init_leds
   _process_canbus_data
     _can_receive
       _get_msg_id_std
     _handle_gear_data
       _clcd_print
     _handle_indicator_data
       _clcd_putch
         _clcd_write
     _handle_rpm_data
       _clcd_putch
     _handle_speed_data
       _clcd_putch

Address spaces:
Name               Size   Autos  Total    Usage
BIGRAM            1535      0       0      0.0%
BITBIGSFRllh       410      0       0      0.0%
BITBANK5           256      0       0      0.0%
BANK5              256      0       0      0.0%
BITBANK4           256      0       0      0.0%
BANK4              256      0       0      0.0%
BITBANK3           256      0       0      0.0%
BANK3              256      0       0      0.0%
BITBANK2           256      0       0      0.0%
BANK2              256      0       0      0.0%
BITBANK1           256      0       0      0.0%
BANK1              256      0       0      0.0%
BITBIGSFRlll       212      0       0      0.0%
BITBANK0           160      0       0      0.0%
BANK0              160      0       0      0.0%
BITCOMRAM           95      0       0      0.0%
COMRAM              95     32      93     97.9%
BITBIGSFRh          82      0       0      0.0%
BITBIGSFRlh         61      0       0      0.0%
STACK                0      0       0      0.0%
DATA                 0      0      93      0.0%


Microchip Technology PIC18 Macro Assembler V3.10 build 20250813170317 
Symbol Table                                                                                   Sun Apr 19 12:47:06 2026

               clcd_print@addr 0029                 clcd_print@data 0027                             l15 2A36  
                           l18 2A44                             l91 2B28                             l92 2B2C  
                           l95 2DEC                             _GO 7E11                             u70 2B84  
                           u71 2B80                ?_get_msg_id_std 0025                            l101 2CB2  
                          l104 2A5C                            l161 2B66                            l234 2BE8  
                          l244 2ED0                            l228 2ABC                            l157 2B84  
                          l253 2FE8                            l158 2BA2                            l238 2C46  
                          l263 2E94                            l176 2D36                            l248 2F18  
                          l178 2D46                            _RB1 7C09                            _RC0 7C10  
                          _RC1 7C11                            _RC2 7C12                            _RB5 7C0D  
                          _RB6 7C0E                            _RB7 7C0F                            _RD7 7C1F  
                          u400 2CA2                            u410 2CB2                            u411 2CAE  
                          u420 2CC2                            u500 2F08                            u421 2CBE  
                          u501 2F04                            u430 2D36                            u510 2F50  
                          u431 2D32                            u407 2C98                            u511 2F4C  
                          u360 2B06                            u520 2E1C                            u361 2B00  
                          u441 2BAE                            u521 2E18                            u450 2BD0  
                          u530 2E40                            u451 2BCC                            u531 2E3C  
                          u380 2B28                            u460 2BFA                            u540 2E64  
                          u381 2B24                            u461 2BF6                            u541 2E60  
                          u390 2C7A                            u470 2EA8                            u550 2E88  
                          u375 2B08                            u607 2DBC                            u471 2EA2  
                          u551 2E84                            u480 2EAA                            u617 2DD2  
                          u490 2EC0                            u627 2DE6                            u491 2EBC  
                          u397 2C70                            u567 2D58                            _PSA 7EAB  
                          u577 2D72                            u587 2D88                            u597 2DAA  
                          _RX9 7D5E                            _RPM 0009                            _TX9 7D66  
        ??_process_canbus_data 0045                            _arr 001A                            _len 0024  
                          _key 0018                 clcd_putch@addr 0027                            _rpm 0015  
               clcd_putch@data 0028              can_receive@msg_id 002D                            wreg 0FE8  
                         l1221 2B72                           l1231 2B9C                           l1223 2B86  
                         l1215 2B68                           l1233 2B9E                           l1225 2B92  
                         l1217 2B6C                           l1235 2BA0                           l1227 2B96  
                         l1219 2B70                           l1229 2B9A                           l1501 2A48  
                         l1511 2D48                           l1503 2B2E                           l1521 2D6C  
                         l1513 2D4A                           l1177 2A32                           l1505 2B2E  
                         l1601 2EF8                           l1531 2D9E                           l1523 2D7C  
                         l1515 2D50                           l1507 2B5E                           l1611 2F32  
                         l1603 2F08                           l1541 2DCC                           l1533 2DA8  
                         l1525 2D86                           l1517 2D52                           l1621 2F76  
                         l1613 2F40                           l1605 2F12                           l1543 2DDA  
                         l1535 2DB0                           l1527 2D8E                           l1519 2D62  
                         l1551 2CD4                           l1631 2FAE                           l1623 2F80  
                         l1615 2F50                           l1607 2F1E                           l1481 2B10  
                         l1473 2AF6                           l1545 2DE4                           l1537 2DBA  
                         l1529 2D98                           l1641 2A40                           l1561 2D0C  
                         l1553 2CDE                           l1625 2F8E                           l1617 2F60  
                         l1609 2F28                           l1491 2B1A                           l1483 2B12  
                         l1475 2B08                           l1539 2DC2                           l1555 2CE6  
                         l1563 2D3E                           l1547 2CB4                           l1571 2BB6  
                         l1627 2F9A                           l1619 2F6C                           l1635 2FBC  
                         l1651 2E2C                           l1643 2DEE                           l1485 2B14  
                         l1477 2B0C                           l1637 2A38                           l1557 2CF0  
                         l1549 2CC2                           l1493 2C48                           l1573 2BC0  
                         l1629 2FA4                           l1581 2C0A                           l1565 2A98  
                         l1661 2E88                           l1653 2E40                           l1645 2DFE  
                         l1487 2B16                           l1479 2B0E                           l1639 2A3C  
                         l1559 2D08                           l1495 2C56                           l1575 2BD0  
                         l1591 2EC0                           l1583 2C1E                           l1567 2AA8  
                         l1655 2E50                           l1647 2E08                           l1663 2A78  
                         l1489 2B18                           l1497 2C7E                           l1569 2BA4  
                         l1593 2ECA                           l1585 2C32                           l1577 2BEA  
                         l1657 2E64                           l1649 2E1C                           l1665 2A7C  
                         l1499 2C82                           l1595 2ED6                           l1587 2E96  
                         l1579 2BFA                           l1659 2E74                           l1667 2A8C  
                         l1597 2EE0                           l1589 2EB0                           l1599 2EEA  
                         _ADFM 7E07                           _ADON 7E10                           STR_1 2FEB  
                         _BRGH 7D62                           _CREN 7D5C                           _T0CS 7EAD  
                         _RCIF 7CF5                           _RBPU 7F8F                           _TMR0 0FD6  
                         _SPEN 7D5F                           _TXEN 7D65                           _TXIF 7CF4  
                         _SYNC 7D64                           _data 0001                           _buff 000E  
                         _main 2A78                           fsr0h 0FEA                           fsr1h 0FE2  
                         indf0 0FEF                           fsr2h 0FDA                           fsr0l 0FE9  
                         indf1 0FE7                           indf2 0FDF                           fsr1l 0FE1  
                         fsr2l 0FD9             handle_rpm_data@len 002A                           prodl 0FF3  
                         start 2FFC                   ___param_bank 0000                 clcd_write@byte 0026  
                        _ADCS0 7E00                          _ADCS1 7E01                          _ADCS2 7E02  
                        ?_main 0025                          _ACQT0 7E03                          _ACQT1 7E04  
                        _ACQT2 7E05                          _BRG16 7DC3                   ?_init_config 0025  
                        _VCFG0 7E0C                          _VCFG1 7E0D                          _RCREG 0FAE  
                        _SENDB 7D63                          _SPBRG 0FAF                          _PORTB 0F81  
                        _PORTD 0F83                          _TRISB 0F93                          _TRISC 0F94  
                        _TRISD 0F95                          _TXREG 0FAD                          _speed 0013  
          handle_rpm_data@data 0029                          tablat 0FF5                          plusw1 0FE3  
                        plusw2 0FDB                          status 0FD8                __initialization 2ABE  
                 __end_of_main 2A98                _handle_rpm_data 2BEA                         ??_main 0045  
                __activetblptr 0002           handle_speed_data@len 002A                         _ADCON0 0FC2  
                       _CANCON 0F6F                         _ADRESH 0FC4                         _ADRESL 0FC3  
                       _T08BIT 7EAE       handle_indicator_data@len 002A                         _GODONE 7E11  
                       _RXB0D0 0F66                         _RXB0IF 7D20                         _TMR0IE 7F95  
                       _TMR0IF 7F92                         _TXB0D0 0F46                         _TMR0ON 7EAF  
                       _TRISB2 7C9A                         _TRISB3 7C9B                         _TRISC6 7CA6  
                       _TRISC7 7CA7                         _TRISD7 7CAF          _handle_indicator_data 2E96  
             __end_of_init_can 2BA4                         clear_0 2AE4                         _msg_id 0022  
                       isa$std 0001                   __pdataCOMRAM 0045               _handle_gear_data 2BA4  
                 __mediumconst 2FEA                         tblptrh 0FF7                         tblptrl 0FF6  
                       tblptru 0FF8                     __accesstop 0060        __end_of__initialization 2AEA  
               can_receive@len 002F                 can_receive@ptr 0033                  ___rparam_used 0001  
             ??_get_msg_id_std 0027        __end_of_handle_rpm_data 2C48                 __pcstackCOMRAM 0025  
             get_msg_id_std@id 002B         ?_handle_indicator_data 0029                     _clcd_print 2C48  
                   _clcd_putch 2A46                     _clcd_write 2AF4          handle_speed_data@data 0029  
                   _gear_index 0017    __end_of_process_canbus_data 2E96                        _ECANCON 0F77  
                      _CANSTAT 0F6E                        _BRGCON1 0F70                        _BRGCON2 0F71  
                      _BRGCON3 0F72                        _RXB0DLC 0F65                        _RXB0CON 0F60  
                      _RXB0FUL 7B07                        _TXB0DLC 0F45                        _TXB0REQ 7A03  
                      _RXFCON0 0DD4                      ?_init_can 0025         handle_gear_data@F10710 0045  
                      __Hparam 0000                        __Lparam 0000               ?_handle_rpm_data 0029  
                ??_can_receive 0030                        __pcinit 2ABE                        __ramtop 0600  
                      __ptext0 2A78                        __ptext1 2DEE                        __ptext2 2A98  
                      __ptext3 2BEA                        __ptext4 2E96                        __ptext5 2A46  
                      __ptext6 2BA4                        __ptext7 2C48                        __ptext8 2CB4  
                      __ptext9 2B2E              __end_of_init_clcd 2DEE              __end_of_init_leds 2A38  
         end_of_initialization 2AEA                     ??_init_can 0025                  __Lmediumconst 2FEA  
                  ?_clcd_print 0027                    ?_clcd_putch 0027                    ?_clcd_write 0025  
     __end_of_handle_gear_data 2BEA                        postdec1 0FE5                        postdec2 0FDD  
                      postinc0 0FEE                        postinc2 0FDE            __end_of_can_receive 2D48  
              can_receive@data 002E                  __pidataCOMRAM 2A5F            start_initialization 2ABE  
                 can_receive@i 0035         read_matrix_keypad@once 005D        ??_handle_indicator_data 002B  
            _handle_speed_data 2A98                    _can_receive 2CB4             ?_handle_speed_data 0029  
                ??_init_config 0028            ??_handle_speed_data 002B                    __pbssCOMRAM 0001  
                    _adc_value 0011      __end_of_handle_speed_data 2ABE                  __pmediumconst 2FEA  
                    _led_state 0019                    __smallconst 2FEA                      _init_clcd 2D48  
                    _init_leds 2A32            __end_of_init_config 2A46                   ??_clcd_print 002A  
                 ??_clcd_putch 0028                   ??_clcd_write 0026              ?_handle_gear_data 002A  
                     _RXB0SIDH 0F61                       _RXB0SIDL 0F62                       _TXB0EIDH 0F43  
                     _TXB0EIDL 0F44             ??_handle_gear_data 002C       handle_gear_data@gear_arr 002D  
                     _TXB0SIDH 0F41                       _TXB0SIDL 0F42          clcd_write@control_bit 0025  
           __end_of_clcd_print 2CB4             __end_of_clcd_putch 2A5E             __end_of_clcd_write 2B2E  
                   ?_init_clcd 0025                     ?_init_leds 0025                      copy_data0 2AD2  
                     __Hrparam 0000                       __Lrparam 0000                    _init_config 2A38  
                     __ptext10 2A38                       __ptext11 2A32                       __ptext12 2D48  
                     __ptext13 2AF4                       __ptext14 2B68  __end_of_handle_indicator_data 2FEA  
                     _init_can 2B68           handle_gear_data@data 002A                       isa$xinst 0000  
                 ?_can_receive 002D                 _get_msg_id_std 2B2E                    _RXB0CONbits 0F60  
                  ??_init_clcd 0027                    ??_init_leds 0025              ??_handle_rpm_data 002B  
          _process_canbus_data 2DEE            handle_gear_data@len 002B      handle_indicator_data@data 0029  
       __end_of_get_msg_id_std 2B68           ?_process_canbus_data 0025  
