

Microchip MPLAB XC8 Assembler V3.10 build 20250813170317 
                                                                                               Sun Apr 19 12:46:21 2026

Microchip MPLAB XC8 C Compiler v3.10 (Free license) build 20250813170317 Og1 
     1                           	processor	18F4580
     2                           	fnconf	rparam,??,?,0
     3                           	pagewidth 120
     4                           	opt	flic
     5                           	psect	idataCOMRAM,global,class=CODE,space=0,delta=1,noexec
     6                           	psect	idataBANK0,global,class=CODE,space=0,delta=1,noexec
     7                           	psect	cinit,global,reloc=2,class=CODE,space=0,delta=1
     8                           	psect	bssCOMRAM,global,class=COMRAM,space=1,delta=1,lowdata,noexec
     9                           	psect	dataCOMRAM,global,class=COMRAM,space=1,delta=1,lowdata,noexec
    10                           	psect	bssBANK0,global,class=BANK0,space=1,delta=1,lowdata,noexec
    11                           	psect	dataBANK0,global,class=BANK0,space=1,delta=1,lowdata,noexec
    12                           	psect	cstackCOMRAM,global,class=COMRAM,space=1,delta=1,lowdata,noexec
    13                           	psect	text0,global,reloc=2,class=CODE,space=0,delta=1
    14                           	psect	text1,global,reloc=2,class=CODE,space=0,delta=1
    15                           	psect	text2,global,reloc=2,class=CODE,space=0,delta=1
    16                           	psect	text3,global,reloc=2,class=CODE,space=0,delta=1
    17                           	psect	text4,global,reloc=2,class=CODE,space=0,delta=1
    18                           	psect	text5,global,reloc=2,class=CODE,space=0,delta=1
    19                           	psect	text6,global,reloc=2,class=CODE,space=0,delta=1
    20                           	psect	text7,global,reloc=2,class=CODE,space=0,delta=1,group=1
    21                           	psect	text8,global,reloc=2,class=CODE,space=0,delta=1,group=1
    22                           	psect	text9,global,reloc=2,class=CODE,space=0,delta=1,group=1
    23                           	psect	text10,global,reloc=2,class=CODE,space=0,delta=1
    24                           	psect	text11,global,reloc=2,class=CODE,space=0,delta=1
    25                           	psect	text12,global,reloc=2,class=CODE,space=0,delta=1
    26                           	psect	text13,global,reloc=2,class=CODE,space=0,delta=1
    27                           	psect	text14,global,reloc=2,class=CODE,space=0,delta=1,group=1
    28                           	psect	text15,global,reloc=2,class=CODE,space=0,delta=1,group=1
    29                           	psect	smallconst,global,reloc=2,class=SMALLCONST,space=0,delta=1,noexec
    30                           	psect	intsave_regs,global,class=BIGRAM,space=1,delta=1,noexec
    31                           	psect	rparam,global,class=COMRAM,space=1,delta=1,noexec
    32                           	psect	idloc,global,abs,ovrld,class=IDLOC,space=5,delta=1,noexec
    33                           	psect	config,global,abs,ovrld,class=CONFIG,space=4,delta=1,noexec
    34   000000                     
    35                           ; Version 2.40
    36                           ; Generated 17/11/2021 GMT
    37                           ; 
    38                           ; Copyright © 2021, Microchip Technology Inc. and its subsidiaries ("Microchip")
    39                           ; All rights reserved.
    40                           ; 
    41                           ; This software is developed by Microchip Technology Inc. and its subsidiaries ("Microch
      +                          ip").
    42                           ; 
    43                           ; Redistribution and use in source and binary forms, with or without modification, are
    44                           ; permitted provided that the following conditions are met:
    45                           ; 
    46                           ;     1. Redistributions of source code must retain the above copyright notice, this lis
      +                          t of
    47                           ;        conditions and the following disclaimer.
    48                           ; 
    49                           ;     2. Redistributions in binary form must reproduce the above copyright notice, this 
      +                          list
    50                           ;        of conditions and the following disclaimer in the documentation and/or other
    51                           ;        materials provided with the distribution. Publication is not required when
    52                           ;        this file is used in an embedded application.
    53                           ; 
    54                           ;     3. Microchip's name may not be used to endorse or promote products derived from th
      +                          is
    55                           ;        software without specific prior written permission.
    56                           ; 
    57                           ; THIS SOFTWARE IS PROVIDED BY MICROCHIP "AS IS" AND ANY EXPRESS OR IMPLIED WARRANTIES,
    58                           ; INCLUDING, BUT NOT LIMITED TO, THE IMPLIED WARRANTIES OF MERCHANTABILITY AND FITNESS F
      +                          OR
    59                           ; PURPOSE ARE DISCLAIMED.  IN NO EVENT SHALL MICROCHIP BE LIABLE FOR ANY DIRECT, INDIREC
      +                          T,
    60                           ; INCIDENTAL, SPECIAL, EXEMPLARY, OR CONSEQUENTIAL DAMAGES (INCLUDING BUT NOT LIMITED TO
    61                           ; PROCUREMENT OF SUBSTITUTE GOODS OR SERVICES; LOSS OF USE, DATA OR PROFITS; OR BUSINESS
    62                           ; INTERRUPTION) HOWSOEVER CAUSED AND ON ANY THEORY OF LIABILITY, WHETHER IN CONTRACT, ST
      +                          RICT
    63                           ; LIABILITY, OR TORT (INCLUDING NEGLIGENCE OR OTHERWISE) ARISING IN ANY WAY OUT OF THE U
      +                          SE OF
    64                           ; THIS SOFTWARE, EVEN IF ADVISED OF THE POSSIBILITY OF SUCH DAMAGE.
    65                           ; 
    66                           ; 
    67                           ; Code-generator required, PIC18F4580 Definitions
    68                           ; 
    69                           ; SFR Addresses
    70   000FE0                     bsr             equ	4064
    71   000FE9                     fsr0            equ	4073
    72   000FEA                     fsr0h           equ	4074
    73   000FE9                     fsr0l           equ	4073
    74   000FE1                     fsr1            equ	4065
    75   000FE2                     fsr1h           equ	4066
    76   000FE1                     fsr1l           equ	4065
    77   000FD9                     fsr2            equ	4057
    78   000FDA                     fsr2h           equ	4058
    79   000FD9                     fsr2l           equ	4057
    80   000FEF                     indf0           equ	4079
    81   000FE7                     indf1           equ	4071
    82   000FDF                     indf2           equ	4063
    83   000FF2                     intcon          equ	4082
    84   000000                     nvmcon          equ	0
    85   000FF9                     pcl             equ	4089
    86   000FFA                     pclath          equ	4090
    87   000FFB                     pclatu          equ	4091
    88   000FEB                     plusw0          equ	4075
    89   000FE3                     plusw1          equ	4067
    90   000FDB                     plusw2          equ	4059
    91   000FED                     postdec0        equ	4077
    92   000FE5                     postdec1        equ	4069
    93   000FDD                     postdec2        equ	4061
    94   000FEE                     postinc0        equ	4078
    95   000FE6                     postinc1        equ	4070
    96   000FDE                     postinc2        equ	4062
    97   000FEC                     preinc0         equ	4076
    98   000FE4                     preinc1         equ	4068
    99   000FDC                     preinc2         equ	4060
   100   000FF3                     prod            equ	4083
   101   000FF4                     prodh           equ	4084
   102   000FF3                     prodl           equ	4083
   103   000FD8                     status          equ	4056
   104   000FF5                     tablat          equ	4085
   105   000FF6                     tblptr          equ	4086
   106   000FF7                     tblptrh         equ	4087
   107   000FF6                     tblptrl         equ	4086
   108   000FF8                     tblptru         equ	4088
   109   000FFD                     tosl            equ	4093
   110   000FE8                     wreg            equ	4072
   111   000D60                     RXF6SIDH        equ	3424	;# 
   112   000D61                     RXF6SIDL        equ	3425	;# 
   113   000D62                     RXF6EIDH        equ	3426	;# 
   114   000D63                     RXF6EIDL        equ	3427	;# 
   115   000D64                     RXF7SIDH        equ	3428	;# 
   116   000D65                     RXF7SIDL        equ	3429	;# 
   117   000D66                     RXF7EIDH        equ	3430	;# 
   118   000D67                     RXF7EIDL        equ	3431	;# 
   119   000D68                     RXF8SIDH        equ	3432	;# 
   120   000D69                     RXF8SIDL        equ	3433	;# 
   121   000D6A                     RXF8EIDH        equ	3434	;# 
   122   000D6B                     RXF8EIDL        equ	3435	;# 
   123   000D70                     RXF9SIDH        equ	3440	;# 
   124   000D71                     RXF9SIDL        equ	3441	;# 
   125   000D72                     RXF9EIDH        equ	3442	;# 
   126   000D73                     RXF9EIDL        equ	3443	;# 
   127   000D74                     RXF10SIDH       equ	3444	;# 
   128   000D75                     RXF10SIDL       equ	3445	;# 
   129   000D76                     RXF10EIDH       equ	3446	;# 
   130   000D77                     RXF10EIDL       equ	3447	;# 
   131   000D78                     RXF11SIDH       equ	3448	;# 
   132   000D79                     RXF11SIDL       equ	3449	;# 
   133   000D7A                     RXF11EIDH       equ	3450	;# 
   134   000D7B                     RXF11EIDL       equ	3451	;# 
   135   000D80                     RXF12SIDH       equ	3456	;# 
   136   000D81                     RXF12SIDL       equ	3457	;# 
   137   000D82                     RXF12EIDH       equ	3458	;# 
   138   000D83                     RXF12EIDL       equ	3459	;# 
   139   000D84                     RXF13SIDH       equ	3460	;# 
   140   000D85                     RXF13SIDL       equ	3461	;# 
   141   000D86                     RXF13EIDH       equ	3462	;# 
   142   000D87                     RXF13EIDL       equ	3463	;# 
   143   000D88                     RXF14SIDH       equ	3464	;# 
   144   000D89                     RXF14SIDL       equ	3465	;# 
   145   000D8A                     RXF14EIDH       equ	3466	;# 
   146   000D8B                     RXF14EIDL       equ	3467	;# 
   147   000D90                     RXF15SIDH       equ	3472	;# 
   148   000D91                     RXF15SIDL       equ	3473	;# 
   149   000D92                     RXF15EIDH       equ	3474	;# 
   150   000D93                     RXF15EIDL       equ	3475	;# 
   151   000DD4                     RXFCON0         equ	3540	;# 
   152   000DD5                     RXFCON1         equ	3541	;# 
   153   000DD8                     SDFLC           equ	3544	;# 
   154   000DE0                     RXFBCON0        equ	3552	;# 
   155   000DE1                     RXFBCON1        equ	3553	;# 
   156   000DE2                     RXFBCON2        equ	3554	;# 
   157   000DE3                     RXFBCON3        equ	3555	;# 
   158   000DE4                     RXFBCON4        equ	3556	;# 
   159   000DE5                     RXFBCON5        equ	3557	;# 
   160   000DE6                     RXFBCON6        equ	3558	;# 
   161   000DE7                     RXFBCON7        equ	3559	;# 
   162   000DF0                     MSEL0           equ	3568	;# 
   163   000DF1                     MSEL1           equ	3569	;# 
   164   000DF2                     MSEL2           equ	3570	;# 
   165   000DF3                     MSEL3           equ	3571	;# 
   166   000DF8                     BSEL0           equ	3576	;# 
   167   000DFA                     BIE0            equ	3578	;# 
   168   000DFC                     TXBIE           equ	3580	;# 
   169   000E20                     B0CON           equ	3616	;# 
   170   000E21                     B0SIDH          equ	3617	;# 
   171   000E22                     B0SIDL          equ	3618	;# 
   172   000E23                     B0EIDH          equ	3619	;# 
   173   000E24                     B0EIDL          equ	3620	;# 
   174   000E25                     B0DLC           equ	3621	;# 
   175   000E26                     B0D0            equ	3622	;# 
   176   000E27                     B0D1            equ	3623	;# 
   177   000E28                     B0D2            equ	3624	;# 
   178   000E29                     B0D3            equ	3625	;# 
   179   000E2A                     B0D4            equ	3626	;# 
   180   000E2B                     B0D5            equ	3627	;# 
   181   000E2C                     B0D6            equ	3628	;# 
   182   000E2D                     B0D7            equ	3629	;# 
   183   000E2E                     CANSTAT_RO9     equ	3630	;# 
   184   000E2F                     CANCON_RO9      equ	3631	;# 
   185   000E30                     B1CON           equ	3632	;# 
   186   000E31                     B1SIDH          equ	3633	;# 
   187   000E32                     B1SIDL          equ	3634	;# 
   188   000E33                     B1EIDH          equ	3635	;# 
   189   000E34                     B1EIDL          equ	3636	;# 
   190   000E35                     B1DLC           equ	3637	;# 
   191   000E36                     B1D0            equ	3638	;# 
   192   000E37                     B1D1            equ	3639	;# 
   193   000E38                     B1D2            equ	3640	;# 
   194   000E39                     B1D3            equ	3641	;# 
   195   000E3A                     B1D4            equ	3642	;# 
   196   000E3B                     B1D5            equ	3643	;# 
   197   000E3C                     B1D6            equ	3644	;# 
   198   000E3D                     B1D7            equ	3645	;# 
   199   000E3E                     CANSTAT_RO8     equ	3646	;# 
   200   000E3F                     CANCON_RO8      equ	3647	;# 
   201   000E40                     B2CON           equ	3648	;# 
   202   000E41                     B2SIDH          equ	3649	;# 
   203   000E42                     B2SIDL          equ	3650	;# 
   204   000E43                     B2EIDH          equ	3651	;# 
   205   000E44                     B2EIDL          equ	3652	;# 
   206   000E45                     B2DLC           equ	3653	;# 
   207   000E46                     B2D0            equ	3654	;# 
   208   000E47                     B2D1            equ	3655	;# 
   209   000E48                     B2D2            equ	3656	;# 
   210   000E49                     B2D3            equ	3657	;# 
   211   000E4A                     B2D4            equ	3658	;# 
   212   000E4B                     B2D5            equ	3659	;# 
   213   000E4C                     B2D6            equ	3660	;# 
   214   000E4D                     B2D7            equ	3661	;# 
   215   000E4E                     CANSTAT_RO7     equ	3662	;# 
   216   000E4F                     CANCON_RO7      equ	3663	;# 
   217   000E50                     B3CON           equ	3664	;# 
   218   000E51                     B3SIDH          equ	3665	;# 
   219   000E52                     B3SIDL          equ	3666	;# 
   220   000E53                     B3EIDH          equ	3667	;# 
   221   000E54                     B3EIDL          equ	3668	;# 
   222   000E55                     B3DLC           equ	3669	;# 
   223   000E56                     B3D0            equ	3670	;# 
   224   000E57                     B3D1            equ	3671	;# 
   225   000E58                     B3D2            equ	3672	;# 
   226   000E59                     B3D3            equ	3673	;# 
   227   000E5A                     B3D4            equ	3674	;# 
   228   000E5B                     B3D5            equ	3675	;# 
   229   000E5C                     B3D6            equ	3676	;# 
   230   000E5D                     B3D7            equ	3677	;# 
   231   000E5E                     CANSTAT_RO6     equ	3678	;# 
   232   000E5F                     CANCON_RO6      equ	3679	;# 
   233   000E60                     B4CON           equ	3680	;# 
   234   000E61                     B4SIDH          equ	3681	;# 
   235   000E62                     B4SIDL          equ	3682	;# 
   236   000E63                     B4EIDH          equ	3683	;# 
   237   000E64                     B4EIDL          equ	3684	;# 
   238   000E65                     B4DLC           equ	3685	;# 
   239   000E66                     B4D0            equ	3686	;# 
   240   000E67                     B4D1            equ	3687	;# 
   241   000E68                     B4D2            equ	3688	;# 
   242   000E69                     B4D3            equ	3689	;# 
   243   000E6A                     B4D4            equ	3690	;# 
   244   000E6B                     B4D5            equ	3691	;# 
   245   000E6C                     B4D6            equ	3692	;# 
   246   000E6D                     B4D7            equ	3693	;# 
   247   000E6E                     CANSTAT_RO5     equ	3694	;# 
   248   000E6F                     CANCON_RO5      equ	3695	;# 
   249   000E70                     B5CON           equ	3696	;# 
   250   000E71                     B5SIDH          equ	3697	;# 
   251   000E72                     B5SIDL          equ	3698	;# 
   252   000E73                     B5EIDH          equ	3699	;# 
   253   000E74                     B5EIDL          equ	3700	;# 
   254   000E75                     B5DLC           equ	3701	;# 
   255   000E76                     B5D0            equ	3702	;# 
   256   000E77                     B5D1            equ	3703	;# 
   257   000E78                     B5D2            equ	3704	;# 
   258   000E79                     B5D3            equ	3705	;# 
   259   000E7A                     B5D4            equ	3706	;# 
   260   000E7B                     B5D5            equ	3707	;# 
   261   000E7C                     B5D6            equ	3708	;# 
   262   000E7D                     B5D7            equ	3709	;# 
   263   000E7E                     CANSTAT_RO4     equ	3710	;# 
   264   000E7F                     CANCON_RO4      equ	3711	;# 
   265   000F00                     RXF0SIDH        equ	3840	;# 
   266   000F01                     RXF0SIDL        equ	3841	;# 
   267   000F02                     RXF0EIDH        equ	3842	;# 
   268   000F03                     RXF0EIDL        equ	3843	;# 
   269   000F04                     RXF1SIDH        equ	3844	;# 
   270   000F05                     RXF1SIDL        equ	3845	;# 
   271   000F06                     RXF1EIDH        equ	3846	;# 
   272   000F07                     RXF1EIDL        equ	3847	;# 
   273   000F08                     RXF2SIDH        equ	3848	;# 
   274   000F09                     RXF2SIDL        equ	3849	;# 
   275   000F0A                     RXF2EIDH        equ	3850	;# 
   276   000F0B                     RXF2EIDL        equ	3851	;# 
   277   000F0C                     RXF3SIDH        equ	3852	;# 
   278   000F0D                     RXF3SIDL        equ	3853	;# 
   279   000F0E                     RXF3EIDH        equ	3854	;# 
   280   000F0F                     RXF3EIDL        equ	3855	;# 
   281   000F10                     RXF4SIDH        equ	3856	;# 
   282   000F11                     RXF4SIDL        equ	3857	;# 
   283   000F12                     RXF4EIDH        equ	3858	;# 
   284   000F13                     RXF4EIDL        equ	3859	;# 
   285   000F14                     RXF5SIDH        equ	3860	;# 
   286   000F15                     RXF5SIDL        equ	3861	;# 
   287   000F16                     RXF5EIDH        equ	3862	;# 
   288   000F17                     RXF5EIDL        equ	3863	;# 
   289   000F18                     RXM0SIDH        equ	3864	;# 
   290   000F19                     RXM0SIDL        equ	3865	;# 
   291   000F1A                     RXM0EIDH        equ	3866	;# 
   292   000F1B                     RXM0EIDL        equ	3867	;# 
   293   000F1C                     RXM1SIDH        equ	3868	;# 
   294   000F1D                     RXM1SIDL        equ	3869	;# 
   295   000F1E                     RXM1EIDH        equ	3870	;# 
   296   000F1F                     RXM1EIDL        equ	3871	;# 
   297   000F20                     TXB2CON         equ	3872	;# 
   298   000F21                     TXB2SIDH        equ	3873	;# 
   299   000F22                     TXB2SIDL        equ	3874	;# 
   300   000F23                     TXB2EIDH        equ	3875	;# 
   301   000F24                     TXB2EIDL        equ	3876	;# 
   302   000F25                     TXB2DLC         equ	3877	;# 
   303   000F26                     TXB2D0          equ	3878	;# 
   304   000F27                     TXB2D1          equ	3879	;# 
   305   000F28                     TXB2D2          equ	3880	;# 
   306   000F29                     TXB2D3          equ	3881	;# 
   307   000F2A                     TXB2D4          equ	3882	;# 
   308   000F2B                     TXB2D5          equ	3883	;# 
   309   000F2C                     TXB2D6          equ	3884	;# 
   310   000F2D                     TXB2D7          equ	3885	;# 
   311   000F2E                     CANSTAT_RO3     equ	3886	;# 
   312   000F2F                     CANCON_RO3      equ	3887	;# 
   313   000F30                     TXB1CON         equ	3888	;# 
   314   000F31                     TXB1SIDH        equ	3889	;# 
   315   000F32                     TXB1SIDL        equ	3890	;# 
   316   000F33                     TXB1EIDH        equ	3891	;# 
   317   000F34                     TXB1EIDL        equ	3892	;# 
   318   000F35                     TXB1DLC         equ	3893	;# 
   319   000F36                     TXB1D0          equ	3894	;# 
   320   000F37                     TXB1D1          equ	3895	;# 
   321   000F38                     TXB1D2          equ	3896	;# 
   322   000F39                     TXB1D3          equ	3897	;# 
   323   000F3A                     TXB1D4          equ	3898	;# 
   324   000F3B                     TXB1D5          equ	3899	;# 
   325   000F3C                     TXB1D6          equ	3900	;# 
   326   000F3D                     TXB1D7          equ	3901	;# 
   327   000F3E                     CANSTAT_RO2     equ	3902	;# 
   328   000F3F                     CANCON_RO2      equ	3903	;# 
   329   000F40                     TXB0CON         equ	3904	;# 
   330   000F41                     TXB0SIDH        equ	3905	;# 
   331   000F42                     TXB0SIDL        equ	3906	;# 
   332   000F43                     TXB0EIDH        equ	3907	;# 
   333   000F44                     TXB0EIDL        equ	3908	;# 
   334   000F45                     TXB0DLC         equ	3909	;# 
   335   000F46                     TXB0D0          equ	3910	;# 
   336   000F47                     TXB0D1          equ	3911	;# 
   337   000F48                     TXB0D2          equ	3912	;# 
   338   000F49                     TXB0D3          equ	3913	;# 
   339   000F4A                     TXB0D4          equ	3914	;# 
   340   000F4B                     TXB0D5          equ	3915	;# 
   341   000F4C                     TXB0D6          equ	3916	;# 
   342   000F4D                     TXB0D7          equ	3917	;# 
   343   000F4E                     CANSTAT_RO1     equ	3918	;# 
   344   000F4F                     CANCON_RO1      equ	3919	;# 
   345   000F50                     RXB1CON         equ	3920	;# 
   346   000F51                     RXB1SIDH        equ	3921	;# 
   347   000F52                     RXB1SIDL        equ	3922	;# 
   348   000F53                     RXB1EIDH        equ	3923	;# 
   349   000F54                     RXB1EIDL        equ	3924	;# 
   350   000F55                     RXB1DLC         equ	3925	;# 
   351   000F56                     RXB1D0          equ	3926	;# 
   352   000F57                     RXB1D1          equ	3927	;# 
   353   000F58                     RXB1D2          equ	3928	;# 
   354   000F59                     RXB1D3          equ	3929	;# 
   355   000F5A                     RXB1D4          equ	3930	;# 
   356   000F5B                     RXB1D5          equ	3931	;# 
   357   000F5C                     RXB1D6          equ	3932	;# 
   358   000F5D                     RXB1D7          equ	3933	;# 
   359   000F5E                     CANSTAT_RO0     equ	3934	;# 
   360   000F5F                     CANCON_RO0      equ	3935	;# 
   361   000F60                     RXB0CON         equ	3936	;# 
   362   000F61                     RXB0SIDH        equ	3937	;# 
   363   000F62                     RXB0SIDL        equ	3938	;# 
   364   000F63                     RXB0EIDH        equ	3939	;# 
   365   000F64                     RXB0EIDL        equ	3940	;# 
   366   000F65                     RXB0DLC         equ	3941	;# 
   367   000F66                     RXB0D0          equ	3942	;# 
   368   000F67                     RXB0D1          equ	3943	;# 
   369   000F68                     RXB0D2          equ	3944	;# 
   370   000F69                     RXB0D3          equ	3945	;# 
   371   000F6A                     RXB0D4          equ	3946	;# 
   372   000F6B                     RXB0D5          equ	3947	;# 
   373   000F6C                     RXB0D6          equ	3948	;# 
   374   000F6D                     RXB0D7          equ	3949	;# 
   375   000F6E                     CANSTAT         equ	3950	;# 
   376   000F6F                     CANCON          equ	3951	;# 
   377   000F70                     BRGCON1         equ	3952	;# 
   378   000F71                     BRGCON2         equ	3953	;# 
   379   000F72                     BRGCON3         equ	3954	;# 
   380   000F73                     CIOCON          equ	3955	;# 
   381   000F74                     COMSTAT         equ	3956	;# 
   382   000F75                     RXERRCNT        equ	3957	;# 
   383   000F76                     TXERRCNT        equ	3958	;# 
   384   000F77                     ECANCON         equ	3959	;# 
   385   000F80                     PORTA           equ	3968	;# 
   386   000F81                     PORTB           equ	3969	;# 
   387   000F82                     PORTC           equ	3970	;# 
   388   000F83                     PORTD           equ	3971	;# 
   389   000F84                     PORTE           equ	3972	;# 
   390   000F89                     LATA            equ	3977	;# 
   391   000F8A                     LATB            equ	3978	;# 
   392   000F8B                     LATC            equ	3979	;# 
   393   000F8C                     LATD            equ	3980	;# 
   394   000F8D                     LATE            equ	3981	;# 
   395   000F92                     TRISA           equ	3986	;# 
   396   000F92                     DDRA            equ	3986	;# 
   397   000F93                     TRISB           equ	3987	;# 
   398   000F93                     DDRB            equ	3987	;# 
   399   000F94                     TRISC           equ	3988	;# 
   400   000F94                     DDRC            equ	3988	;# 
   401   000F95                     TRISD           equ	3989	;# 
   402   000F95                     DDRD            equ	3989	;# 
   403   000F96                     TRISE           equ	3990	;# 
   404   000F96                     DDRE            equ	3990	;# 
   405   000F9B                     OSCTUNE         equ	3995	;# 
   406   000F9D                     PIE1            equ	3997	;# 
   407   000F9E                     PIR1            equ	3998	;# 
   408   000F9F                     IPR1            equ	3999	;# 
   409   000FA0                     PIE2            equ	4000	;# 
   410   000FA1                     PIR2            equ	4001	;# 
   411   000FA2                     IPR2            equ	4002	;# 
   412   000FA3                     PIE3            equ	4003	;# 
   413   000FA4                     PIR3            equ	4004	;# 
   414   000FA5                     IPR3            equ	4005	;# 
   415   000FA6                     EECON1          equ	4006	;# 
   416   000FA7                     EECON2          equ	4007	;# 
   417   000FA8                     EEDATA          equ	4008	;# 
   418   000FA9                     EEADR           equ	4009	;# 
   419   000FAB                     RCSTA           equ	4011	;# 
   420   000FAB                     RCSTA1          equ	4011	;# 
   421   000FAC                     TXSTA           equ	4012	;# 
   422   000FAC                     TXSTA1          equ	4012	;# 
   423   000FAD                     TXREG           equ	4013	;# 
   424   000FAD                     TXREG1          equ	4013	;# 
   425   000FAE                     RCREG           equ	4014	;# 
   426   000FAE                     RCREG1          equ	4014	;# 
   427   000FAF                     SPBRG           equ	4015	;# 
   428   000FAF                     SPBRG1          equ	4015	;# 
   429   000FB0                     SPBRGH          equ	4016	;# 
   430   000FB1                     T3CON           equ	4017	;# 
   431   000FB2                     TMR3            equ	4018	;# 
   432   000FB2                     TMR3L           equ	4018	;# 
   433   000FB3                     TMR3H           equ	4019	;# 
   434   000FB4                     CMCON           equ	4020	;# 
   435   000FB5                     CVRCON          equ	4021	;# 
   436   000FB6                     ECCP1AS         equ	4022	;# 
   437   000FB7                     ECCP1DEL        equ	4023	;# 
   438   000FB8                     BAUDCON         equ	4024	;# 
   439   000FB8                     BAUDCTL         equ	4024	;# 
   440   000FBA                     ECCP1CON        equ	4026	;# 
   441   000FBB                     ECCPR1          equ	4027	;# 
   442   000FBB                     ECCPR1L         equ	4027	;# 
   443   000FBC                     ECCPR1H         equ	4028	;# 
   444   000FBD                     CCP1CON         equ	4029	;# 
   445   000FBE                     CCPR1           equ	4030	;# 
   446   000FBE                     CCPR1L          equ	4030	;# 
   447   000FBF                     CCPR1H          equ	4031	;# 
   448   000FC0                     ADCON2          equ	4032	;# 
   449   000FC1                     ADCON1          equ	4033	;# 
   450   000FC2                     ADCON0          equ	4034	;# 
   451   000FC3                     ADRES           equ	4035	;# 
   452   000FC3                     ADRESL          equ	4035	;# 
   453   000FC4                     ADRESH          equ	4036	;# 
   454   000FC5                     SSPCON2         equ	4037	;# 
   455   000FC6                     SSPCON1         equ	4038	;# 
   456   000FC7                     SSPSTAT         equ	4039	;# 
   457   000FC8                     SSPADD          equ	4040	;# 
   458   000FC9                     SSPBUF          equ	4041	;# 
   459   000FCA                     T2CON           equ	4042	;# 
   460   000FCB                     PR2             equ	4043	;# 
   461   000FCB                     MEMCON          equ	4043	;# 
   462   000FCC                     TMR2            equ	4044	;# 
   463   000FCD                     T1CON           equ	4045	;# 
   464   000FCE                     TMR1            equ	4046	;# 
   465   000FCE                     TMR1L           equ	4046	;# 
   466   000FCF                     TMR1H           equ	4047	;# 
   467   000FD0                     RCON            equ	4048	;# 
   468   000FD1                     WDTCON          equ	4049	;# 
   469   000FD2                     HLVDCON         equ	4050	;# 
   470   000FD2                     LVDCON          equ	4050	;# 
   471   000FD3                     OSCCON          equ	4051	;# 
   472   000FD5                     T0CON           equ	4053	;# 
   473   000FD6                     TMR0            equ	4054	;# 
   474   000FD6                     TMR0L           equ	4054	;# 
   475   000FD7                     TMR0H           equ	4055	;# 
   476   000FD8                     STATUS          equ	4056	;# 
   477   000FD9                     FSR2            equ	4057	;# 
   478   000FD9                     FSR2L           equ	4057	;# 
   479   000FDA                     FSR2H           equ	4058	;# 
   480   000FDB                     PLUSW2          equ	4059	;# 
   481   000FDC                     PREINC2         equ	4060	;# 
   482   000FDD                     POSTDEC2        equ	4061	;# 
   483   000FDE                     POSTINC2        equ	4062	;# 
   484   000FDF                     INDF2           equ	4063	;# 
   485   000FE0                     BSR             equ	4064	;# 
   486   000FE1                     FSR1            equ	4065	;# 
   487   000FE1                     FSR1L           equ	4065	;# 
   488   000FE2                     FSR1H           equ	4066	;# 
   489   000FE3                     PLUSW1          equ	4067	;# 
   490   000FE4                     PREINC1         equ	4068	;# 
   491   000FE5                     POSTDEC1        equ	4069	;# 
   492   000FE6                     POSTINC1        equ	4070	;# 
   493   000FE7                     INDF1           equ	4071	;# 
   494   000FE8                     WREG            equ	4072	;# 
   495   000FE9                     FSR0            equ	4073	;# 
   496   000FE9                     FSR0L           equ	4073	;# 
   497   000FEA                     FSR0H           equ	4074	;# 
   498   000FEB                     PLUSW0          equ	4075	;# 
   499   000FEC                     PREINC0         equ	4076	;# 
   500   000FED                     POSTDEC0        equ	4077	;# 
   501   000FEE                     POSTINC0        equ	4078	;# 
   502   000FEF                     INDF0           equ	4079	;# 
   503   000FF0                     INTCON3         equ	4080	;# 
   504   000FF1                     INTCON2         equ	4081	;# 
   505   000FF2                     INTCON          equ	4082	;# 
   506   000FF3                     PROD            equ	4083	;# 
   507   000FF3                     PRODL           equ	4083	;# 
   508   000FF4                     PRODH           equ	4084	;# 
   509   000FF5                     TABLAT          equ	4085	;# 
   510   000FF6                     TBLPTR          equ	4086	;# 
   511   000FF6                     TBLPTRL         equ	4086	;# 
   512   000FF7                     TBLPTRH         equ	4087	;# 
   513   000FF8                     TBLPTRU         equ	4088	;# 
   514   000FF9                     PCLAT           equ	4089	;# 
   515   000FF9                     PC              equ	4089	;# 
   516   000FF9                     PCL             equ	4089	;# 
   517   000FFA                     PCLATH          equ	4090	;# 
   518   000FFB                     PCLATU          equ	4091	;# 
   519   000FFC                     STKPTR          equ	4092	;# 
   520   000FFD                     TOS             equ	4093	;# 
   521   000FFD                     TOSL            equ	4093	;# 
   522   000FFE                     TOSH            equ	4094	;# 
   523   000FFF                     TOSU            equ	4095	;# 
   524   000D60                     RXF6SIDH        equ	3424	;# 
   525   000D61                     RXF6SIDL        equ	3425	;# 
   526   000D62                     RXF6EIDH        equ	3426	;# 
   527   000D63                     RXF6EIDL        equ	3427	;# 
   528   000D64                     RXF7SIDH        equ	3428	;# 
   529   000D65                     RXF7SIDL        equ	3429	;# 
   530   000D66                     RXF7EIDH        equ	3430	;# 
   531   000D67                     RXF7EIDL        equ	3431	;# 
   532   000D68                     RXF8SIDH        equ	3432	;# 
   533   000D69                     RXF8SIDL        equ	3433	;# 
   534   000D6A                     RXF8EIDH        equ	3434	;# 
   535   000D6B                     RXF8EIDL        equ	3435	;# 
   536   000D70                     RXF9SIDH        equ	3440	;# 
   537   000D71                     RXF9SIDL        equ	3441	;# 
   538   000D72                     RXF9EIDH        equ	3442	;# 
   539   000D73                     RXF9EIDL        equ	3443	;# 
   540   000D74                     RXF10SIDH       equ	3444	;# 
   541   000D75                     RXF10SIDL       equ	3445	;# 
   542   000D76                     RXF10EIDH       equ	3446	;# 
   543   000D77                     RXF10EIDL       equ	3447	;# 
   544   000D78                     RXF11SIDH       equ	3448	;# 
   545   000D79                     RXF11SIDL       equ	3449	;# 
   546   000D7A                     RXF11EIDH       equ	3450	;# 
   547   000D7B                     RXF11EIDL       equ	3451	;# 
   548   000D80                     RXF12SIDH       equ	3456	;# 
   549   000D81                     RXF12SIDL       equ	3457	;# 
   550   000D82                     RXF12EIDH       equ	3458	;# 
   551   000D83                     RXF12EIDL       equ	3459	;# 
   552   000D84                     RXF13SIDH       equ	3460	;# 
   553   000D85                     RXF13SIDL       equ	3461	;# 
   554   000D86                     RXF13EIDH       equ	3462	;# 
   555   000D87                     RXF13EIDL       equ	3463	;# 
   556   000D88                     RXF14SIDH       equ	3464	;# 
   557   000D89                     RXF14SIDL       equ	3465	;# 
   558   000D8A                     RXF14EIDH       equ	3466	;# 
   559   000D8B                     RXF14EIDL       equ	3467	;# 
   560   000D90                     RXF15SIDH       equ	3472	;# 
   561   000D91                     RXF15SIDL       equ	3473	;# 
   562   000D92                     RXF15EIDH       equ	3474	;# 
   563   000D93                     RXF15EIDL       equ	3475	;# 
   564   000DD4                     RXFCON0         equ	3540	;# 
   565   000DD5                     RXFCON1         equ	3541	;# 
   566   000DD8                     SDFLC           equ	3544	;# 
   567   000DE0                     RXFBCON0        equ	3552	;# 
   568   000DE1                     RXFBCON1        equ	3553	;# 
   569   000DE2                     RXFBCON2        equ	3554	;# 
   570   000DE3                     RXFBCON3        equ	3555	;# 
   571   000DE4                     RXFBCON4        equ	3556	;# 
   572   000DE5                     RXFBCON5        equ	3557	;# 
   573   000DE6                     RXFBCON6        equ	3558	;# 
   574   000DE7                     RXFBCON7        equ	3559	;# 
   575   000DF0                     MSEL0           equ	3568	;# 
   576   000DF1                     MSEL1           equ	3569	;# 
   577   000DF2                     MSEL2           equ	3570	;# 
   578   000DF3                     MSEL3           equ	3571	;# 
   579   000DF8                     BSEL0           equ	3576	;# 
   580   000DFA                     BIE0            equ	3578	;# 
   581   000DFC                     TXBIE           equ	3580	;# 
   582   000E20                     B0CON           equ	3616	;# 
   583   000E21                     B0SIDH          equ	3617	;# 
   584   000E22                     B0SIDL          equ	3618	;# 
   585   000E23                     B0EIDH          equ	3619	;# 
   586   000E24                     B0EIDL          equ	3620	;# 
   587   000E25                     B0DLC           equ	3621	;# 
   588   000E26                     B0D0            equ	3622	;# 
   589   000E27                     B0D1            equ	3623	;# 
   590   000E28                     B0D2            equ	3624	;# 
   591   000E29                     B0D3            equ	3625	;# 
   592   000E2A                     B0D4            equ	3626	;# 
   593   000E2B                     B0D5            equ	3627	;# 
   594   000E2C                     B0D6            equ	3628	;# 
   595   000E2D                     B0D7            equ	3629	;# 
   596   000E2E                     CANSTAT_RO9     equ	3630	;# 
   597   000E2F                     CANCON_RO9      equ	3631	;# 
   598   000E30                     B1CON           equ	3632	;# 
   599   000E31                     B1SIDH          equ	3633	;# 
   600   000E32                     B1SIDL          equ	3634	;# 
   601   000E33                     B1EIDH          equ	3635	;# 
   602   000E34                     B1EIDL          equ	3636	;# 
   603   000E35                     B1DLC           equ	3637	;# 
   604   000E36                     B1D0            equ	3638	;# 
   605   000E37                     B1D1            equ	3639	;# 
   606   000E38                     B1D2            equ	3640	;# 
   607   000E39                     B1D3            equ	3641	;# 
   608   000E3A                     B1D4            equ	3642	;# 
   609   000E3B                     B1D5            equ	3643	;# 
   610   000E3C                     B1D6            equ	3644	;# 
   611   000E3D                     B1D7            equ	3645	;# 
   612   000E3E                     CANSTAT_RO8     equ	3646	;# 
   613   000E3F                     CANCON_RO8      equ	3647	;# 
   614   000E40                     B2CON           equ	3648	;# 
   615   000E41                     B2SIDH          equ	3649	;# 
   616   000E42                     B2SIDL          equ	3650	;# 
   617   000E43                     B2EIDH          equ	3651	;# 
   618   000E44                     B2EIDL          equ	3652	;# 
   619   000E45                     B2DLC           equ	3653	;# 
   620   000E46                     B2D0            equ	3654	;# 
   621   000E47                     B2D1            equ	3655	;# 
   622   000E48                     B2D2            equ	3656	;# 
   623   000E49                     B2D3            equ	3657	;# 
   624   000E4A                     B2D4            equ	3658	;# 
   625   000E4B                     B2D5            equ	3659	;# 
   626   000E4C                     B2D6            equ	3660	;# 
   627   000E4D                     B2D7            equ	3661	;# 
   628   000E4E                     CANSTAT_RO7     equ	3662	;# 
   629   000E4F                     CANCON_RO7      equ	3663	;# 
   630   000E50                     B3CON           equ	3664	;# 
   631   000E51                     B3SIDH          equ	3665	;# 
   632   000E52                     B3SIDL          equ	3666	;# 
   633   000E53                     B3EIDH          equ	3667	;# 
   634   000E54                     B3EIDL          equ	3668	;# 
   635   000E55                     B3DLC           equ	3669	;# 
   636   000E56                     B3D0            equ	3670	;# 
   637   000E57                     B3D1            equ	3671	;# 
   638   000E58                     B3D2            equ	3672	;# 
   639   000E59                     B3D3            equ	3673	;# 
   640   000E5A                     B3D4            equ	3674	;# 
   641   000E5B                     B3D5            equ	3675	;# 
   642   000E5C                     B3D6            equ	3676	;# 
   643   000E5D                     B3D7            equ	3677	;# 
   644   000E5E                     CANSTAT_RO6     equ	3678	;# 
   645   000E5F                     CANCON_RO6      equ	3679	;# 
   646   000E60                     B4CON           equ	3680	;# 
   647   000E61                     B4SIDH          equ	3681	;# 
   648   000E62                     B4SIDL          equ	3682	;# 
   649   000E63                     B4EIDH          equ	3683	;# 
   650   000E64                     B4EIDL          equ	3684	;# 
   651   000E65                     B4DLC           equ	3685	;# 
   652   000E66                     B4D0            equ	3686	;# 
   653   000E67                     B4D1            equ	3687	;# 
   654   000E68                     B4D2            equ	3688	;# 
   655   000E69                     B4D3            equ	3689	;# 
   656   000E6A                     B4D4            equ	3690	;# 
   657   000E6B                     B4D5            equ	3691	;# 
   658   000E6C                     B4D6            equ	3692	;# 
   659   000E6D                     B4D7            equ	3693	;# 
   660   000E6E                     CANSTAT_RO5     equ	3694	;# 
   661   000E6F                     CANCON_RO5      equ	3695	;# 
   662   000E70                     B5CON           equ	3696	;# 
   663   000E71                     B5SIDH          equ	3697	;# 
   664   000E72                     B5SIDL          equ	3698	;# 
   665   000E73                     B5EIDH          equ	3699	;# 
   666   000E74                     B5EIDL          equ	3700	;# 
   667   000E75                     B5DLC           equ	3701	;# 
   668   000E76                     B5D0            equ	3702	;# 
   669   000E77                     B5D1            equ	3703	;# 
   670   000E78                     B5D2            equ	3704	;# 
   671   000E79                     B5D3            equ	3705	;# 
   672   000E7A                     B5D4            equ	3706	;# 
   673   000E7B                     B5D5            equ	3707	;# 
   674   000E7C                     B5D6            equ	3708	;# 
   675   000E7D                     B5D7            equ	3709	;# 
   676   000E7E                     CANSTAT_RO4     equ	3710	;# 
   677   000E7F                     CANCON_RO4      equ	3711	;# 
   678   000F00                     RXF0SIDH        equ	3840	;# 
   679   000F01                     RXF0SIDL        equ	3841	;# 
   680   000F02                     RXF0EIDH        equ	3842	;# 
   681   000F03                     RXF0EIDL        equ	3843	;# 
   682   000F04                     RXF1SIDH        equ	3844	;# 
   683   000F05                     RXF1SIDL        equ	3845	;# 
   684   000F06                     RXF1EIDH        equ	3846	;# 
   685   000F07                     RXF1EIDL        equ	3847	;# 
   686   000F08                     RXF2SIDH        equ	3848	;# 
   687   000F09                     RXF2SIDL        equ	3849	;# 
   688   000F0A                     RXF2EIDH        equ	3850	;# 
   689   000F0B                     RXF2EIDL        equ	3851	;# 
   690   000F0C                     RXF3SIDH        equ	3852	;# 
   691   000F0D                     RXF3SIDL        equ	3853	;# 
   692   000F0E                     RXF3EIDH        equ	3854	;# 
   693   000F0F                     RXF3EIDL        equ	3855	;# 
   694   000F10                     RXF4SIDH        equ	3856	;# 
   695   000F11                     RXF4SIDL        equ	3857	;# 
   696   000F12                     RXF4EIDH        equ	3858	;# 
   697   000F13                     RXF4EIDL        equ	3859	;# 
   698   000F14                     RXF5SIDH        equ	3860	;# 
   699   000F15                     RXF5SIDL        equ	3861	;# 
   700   000F16                     RXF5EIDH        equ	3862	;# 
   701   000F17                     RXF5EIDL        equ	3863	;# 
   702   000F18                     RXM0SIDH        equ	3864	;# 
   703   000F19                     RXM0SIDL        equ	3865	;# 
   704   000F1A                     RXM0EIDH        equ	3866	;# 
   705   000F1B                     RXM0EIDL        equ	3867	;# 
   706   000F1C                     RXM1SIDH        equ	3868	;# 
   707   000F1D                     RXM1SIDL        equ	3869	;# 
   708   000F1E                     RXM1EIDH        equ	3870	;# 
   709   000F1F                     RXM1EIDL        equ	3871	;# 
   710   000F20                     TXB2CON         equ	3872	;# 
   711   000F21                     TXB2SIDH        equ	3873	;# 
   712   000F22                     TXB2SIDL        equ	3874	;# 
   713   000F23                     TXB2EIDH        equ	3875	;# 
   714   000F24                     TXB2EIDL        equ	3876	;# 
   715   000F25                     TXB2DLC         equ	3877	;# 
   716   000F26                     TXB2D0          equ	3878	;# 
   717   000F27                     TXB2D1          equ	3879	;# 
   718   000F28                     TXB2D2          equ	3880	;# 
   719   000F29                     TXB2D3          equ	3881	;# 
   720   000F2A                     TXB2D4          equ	3882	;# 
   721   000F2B                     TXB2D5          equ	3883	;# 
   722   000F2C                     TXB2D6          equ	3884	;# 
   723   000F2D                     TXB2D7          equ	3885	;# 
   724   000F2E                     CANSTAT_RO3     equ	3886	;# 
   725   000F2F                     CANCON_RO3      equ	3887	;# 
   726   000F30                     TXB1CON         equ	3888	;# 
   727   000F31                     TXB1SIDH        equ	3889	;# 
   728   000F32                     TXB1SIDL        equ	3890	;# 
   729   000F33                     TXB1EIDH        equ	3891	;# 
   730   000F34                     TXB1EIDL        equ	3892	;# 
   731   000F35                     TXB1DLC         equ	3893	;# 
   732   000F36                     TXB1D0          equ	3894	;# 
   733   000F37                     TXB1D1          equ	3895	;# 
   734   000F38                     TXB1D2          equ	3896	;# 
   735   000F39                     TXB1D3          equ	3897	;# 
   736   000F3A                     TXB1D4          equ	3898	;# 
   737   000F3B                     TXB1D5          equ	3899	;# 
   738   000F3C                     TXB1D6          equ	3900	;# 
   739   000F3D                     TXB1D7          equ	3901	;# 
   740   000F3E                     CANSTAT_RO2     equ	3902	;# 
   741   000F3F                     CANCON_RO2      equ	3903	;# 
   742   000F40                     TXB0CON         equ	3904	;# 
   743   000F41                     TXB0SIDH        equ	3905	;# 
   744   000F42                     TXB0SIDL        equ	3906	;# 
   745   000F43                     TXB0EIDH        equ	3907	;# 
   746   000F44                     TXB0EIDL        equ	3908	;# 
   747   000F45                     TXB0DLC         equ	3909	;# 
   748   000F46                     TXB0D0          equ	3910	;# 
   749   000F47                     TXB0D1          equ	3911	;# 
   750   000F48                     TXB0D2          equ	3912	;# 
   751   000F49                     TXB0D3          equ	3913	;# 
   752   000F4A                     TXB0D4          equ	3914	;# 
   753   000F4B                     TXB0D5          equ	3915	;# 
   754   000F4C                     TXB0D6          equ	3916	;# 
   755   000F4D                     TXB0D7          equ	3917	;# 
   756   000F4E                     CANSTAT_RO1     equ	3918	;# 
   757   000F4F                     CANCON_RO1      equ	3919	;# 
   758   000F50                     RXB1CON         equ	3920	;# 
   759   000F51                     RXB1SIDH        equ	3921	;# 
   760   000F52                     RXB1SIDL        equ	3922	;# 
   761   000F53                     RXB1EIDH        equ	3923	;# 
   762   000F54                     RXB1EIDL        equ	3924	;# 
   763   000F55                     RXB1DLC         equ	3925	;# 
   764   000F56                     RXB1D0          equ	3926	;# 
   765   000F57                     RXB1D1          equ	3927	;# 
   766   000F58                     RXB1D2          equ	3928	;# 
   767   000F59                     RXB1D3          equ	3929	;# 
   768   000F5A                     RXB1D4          equ	3930	;# 
   769   000F5B                     RXB1D5          equ	3931	;# 
   770   000F5C                     RXB1D6          equ	3932	;# 
   771   000F5D                     RXB1D7          equ	3933	;# 
   772   000F5E                     CANSTAT_RO0     equ	3934	;# 
   773   000F5F                     CANCON_RO0      equ	3935	;# 
   774   000F60                     RXB0CON         equ	3936	;# 
   775   000F61                     RXB0SIDH        equ	3937	;# 
   776   000F62                     RXB0SIDL        equ	3938	;# 
   777   000F63                     RXB0EIDH        equ	3939	;# 
   778   000F64                     RXB0EIDL        equ	3940	;# 
   779   000F65                     RXB0DLC         equ	3941	;# 
   780   000F66                     RXB0D0          equ	3942	;# 
   781   000F67                     RXB0D1          equ	3943	;# 
   782   000F68                     RXB0D2          equ	3944	;# 
   783   000F69                     RXB0D3          equ	3945	;# 
   784   000F6A                     RXB0D4          equ	3946	;# 
   785   000F6B                     RXB0D5          equ	3947	;# 
   786   000F6C                     RXB0D6          equ	3948	;# 
   787   000F6D                     RXB0D7          equ	3949	;# 
   788   000F6E                     CANSTAT         equ	3950	;# 
   789   000F6F                     CANCON          equ	3951	;# 
   790   000F70                     BRGCON1         equ	3952	;# 
   791   000F71                     BRGCON2         equ	3953	;# 
   792   000F72                     BRGCON3         equ	3954	;# 
   793   000F73                     CIOCON          equ	3955	;# 
   794   000F74                     COMSTAT         equ	3956	;# 
   795   000F75                     RXERRCNT        equ	3957	;# 
   796   000F76                     TXERRCNT        equ	3958	;# 
   797   000F77                     ECANCON         equ	3959	;# 
   798   000F80                     PORTA           equ	3968	;# 
   799   000F81                     PORTB           equ	3969	;# 
   800   000F82                     PORTC           equ	3970	;# 
   801   000F83                     PORTD           equ	3971	;# 
   802   000F84                     PORTE           equ	3972	;# 
   803   000F89                     LATA            equ	3977	;# 
   804   000F8A                     LATB            equ	3978	;# 
   805   000F8B                     LATC            equ	3979	;# 
   806   000F8C                     LATD            equ	3980	;# 
   807   000F8D                     LATE            equ	3981	;# 
   808   000F92                     TRISA           equ	3986	;# 
   809   000F92                     DDRA            equ	3986	;# 
   810   000F93                     TRISB           equ	3987	;# 
   811   000F93                     DDRB            equ	3987	;# 
   812   000F94                     TRISC           equ	3988	;# 
   813   000F94                     DDRC            equ	3988	;# 
   814   000F95                     TRISD           equ	3989	;# 
   815   000F95                     DDRD            equ	3989	;# 
   816   000F96                     TRISE           equ	3990	;# 
   817   000F96                     DDRE            equ	3990	;# 
   818   000F9B                     OSCTUNE         equ	3995	;# 
   819   000F9D                     PIE1            equ	3997	;# 
   820   000F9E                     PIR1            equ	3998	;# 
   821   000F9F                     IPR1            equ	3999	;# 
   822   000FA0                     PIE2            equ	4000	;# 
   823   000FA1                     PIR2            equ	4001	;# 
   824   000FA2                     IPR2            equ	4002	;# 
   825   000FA3                     PIE3            equ	4003	;# 
   826   000FA4                     PIR3            equ	4004	;# 
   827   000FA5                     IPR3            equ	4005	;# 
   828   000FA6                     EECON1          equ	4006	;# 
   829   000FA7                     EECON2          equ	4007	;# 
   830   000FA8                     EEDATA          equ	4008	;# 
   831   000FA9                     EEADR           equ	4009	;# 
   832   000FAB                     RCSTA           equ	4011	;# 
   833   000FAB                     RCSTA1          equ	4011	;# 
   834   000FAC                     TXSTA           equ	4012	;# 
   835   000FAC                     TXSTA1          equ	4012	;# 
   836   000FAD                     TXREG           equ	4013	;# 
   837   000FAD                     TXREG1          equ	4013	;# 
   838   000FAE                     RCREG           equ	4014	;# 
   839   000FAE                     RCREG1          equ	4014	;# 
   840   000FAF                     SPBRG           equ	4015	;# 
   841   000FAF                     SPBRG1          equ	4015	;# 
   842   000FB0                     SPBRGH          equ	4016	;# 
   843   000FB1                     T3CON           equ	4017	;# 
   844   000FB2                     TMR3            equ	4018	;# 
   845   000FB2                     TMR3L           equ	4018	;# 
   846   000FB3                     TMR3H           equ	4019	;# 
   847   000FB4                     CMCON           equ	4020	;# 
   848   000FB5                     CVRCON          equ	4021	;# 
   849   000FB6                     ECCP1AS         equ	4022	;# 
   850   000FB7                     ECCP1DEL        equ	4023	;# 
   851   000FB8                     BAUDCON         equ	4024	;# 
   852   000FB8                     BAUDCTL         equ	4024	;# 
   853   000FBA                     ECCP1CON        equ	4026	;# 
   854   000FBB                     ECCPR1          equ	4027	;# 
   855   000FBB                     ECCPR1L         equ	4027	;# 
   856   000FBC                     ECCPR1H         equ	4028	;# 
   857   000FBD                     CCP1CON         equ	4029	;# 
   858   000FBE                     CCPR1           equ	4030	;# 
   859   000FBE                     CCPR1L          equ	4030	;# 
   860   000FBF                     CCPR1H          equ	4031	;# 
   861   000FC0                     ADCON2          equ	4032	;# 
   862   000FC1                     ADCON1          equ	4033	;# 
   863   000FC2                     ADCON0          equ	4034	;# 
   864   000FC3                     ADRES           equ	4035	;# 
   865   000FC3                     ADRESL          equ	4035	;# 
   866   000FC4                     ADRESH          equ	4036	;# 
   867   000FC5                     SSPCON2         equ	4037	;# 
   868   000FC6                     SSPCON1         equ	4038	;# 
   869   000FC7                     SSPSTAT         equ	4039	;# 
   870   000FC8                     SSPADD          equ	4040	;# 
   871   000FC9                     SSPBUF          equ	4041	;# 
   872   000FCA                     T2CON           equ	4042	;# 
   873   000FCB                     PR2             equ	4043	;# 
   874   000FCB                     MEMCON          equ	4043	;# 
   875   000FCC                     TMR2            equ	4044	;# 
   876   000FCD                     T1CON           equ	4045	;# 
   877   000FCE                     TMR1            equ	4046	;# 
   878   000FCE                     TMR1L           equ	4046	;# 
   879   000FCF                     TMR1H           equ	4047	;# 
   880   000FD0                     RCON            equ	4048	;# 
   881   000FD1                     WDTCON          equ	4049	;# 
   882   000FD2                     HLVDCON         equ	4050	;# 
   883   000FD2                     LVDCON          equ	4050	;# 
   884   000FD3                     OSCCON          equ	4051	;# 
   885   000FD5                     T0CON           equ	4053	;# 
   886   000FD6                     TMR0            equ	4054	;# 
   887   000FD6                     TMR0L           equ	4054	;# 
   888   000FD7                     TMR0H           equ	4055	;# 
   889   000FD8                     STATUS          equ	4056	;# 
   890   000FD9                     FSR2            equ	4057	;# 
   891   000FD9                     FSR2L           equ	4057	;# 
   892   000FDA                     FSR2H           equ	4058	;# 
   893   000FDB                     PLUSW2          equ	4059	;# 
   894   000FDC                     PREINC2         equ	4060	;# 
   895   000FDD                     POSTDEC2        equ	4061	;# 
   896   000FDE                     POSTINC2        equ	4062	;# 
   897   000FDF                     INDF2           equ	4063	;# 
   898   000FE0                     BSR             equ	4064	;# 
   899   000FE1                     FSR1            equ	4065	;# 
   900   000FE1                     FSR1L           equ	4065	;# 
   901   000FE2                     FSR1H           equ	4066	;# 
   902   000FE3                     PLUSW1          equ	4067	;# 
   903   000FE4                     PREINC1         equ	4068	;# 
   904   000FE5                     POSTDEC1        equ	4069	;# 
   905   000FE6                     POSTINC1        equ	4070	;# 
   906   000FE7                     INDF1           equ	4071	;# 
   907   000FE8                     WREG            equ	4072	;# 
   908   000FE9                     FSR0            equ	4073	;# 
   909   000FE9                     FSR0L           equ	4073	;# 
   910   000FEA                     FSR0H           equ	4074	;# 
   911   000FEB                     PLUSW0          equ	4075	;# 
   912   000FEC                     PREINC0         equ	4076	;# 
   913   000FED                     POSTDEC0        equ	4077	;# 
   914   000FEE                     POSTINC0        equ	4078	;# 
   915   000FEF                     INDF0           equ	4079	;# 
   916   000FF0                     INTCON3         equ	4080	;# 
   917   000FF1                     INTCON2         equ	4081	;# 
   918   000FF2                     INTCON          equ	4082	;# 
   919   000FF3                     PROD            equ	4083	;# 
   920   000FF3                     PRODL           equ	4083	;# 
   921   000FF4                     PRODH           equ	4084	;# 
   922   000FF5                     TABLAT          equ	4085	;# 
   923   000FF6                     TBLPTR          equ	4086	;# 
   924   000FF6                     TBLPTRL         equ	4086	;# 
   925   000FF7                     TBLPTRH         equ	4087	;# 
   926   000FF8                     TBLPTRU         equ	4088	;# 
   927   000FF9                     PCLAT           equ	4089	;# 
   928   000FF9                     PC              equ	4089	;# 
   929   000FF9                     PCL             equ	4089	;# 
   930   000FFA                     PCLATH          equ	4090	;# 
   931   000FFB                     PCLATU          equ	4091	;# 
   932   000FFC                     STKPTR          equ	4092	;# 
   933   000FFD                     TOS             equ	4093	;# 
   934   000FFD                     TOSL            equ	4093	;# 
   935   000FFE                     TOSH            equ	4094	;# 
   936   000FFF                     TOSU            equ	4095	;# 
   937   000D60                     RXF6SIDH        equ	3424	;# 
   938   000D61                     RXF6SIDL        equ	3425	;# 
   939   000D62                     RXF6EIDH        equ	3426	;# 
   940   000D63                     RXF6EIDL        equ	3427	;# 
   941   000D64                     RXF7SIDH        equ	3428	;# 
   942   000D65                     RXF7SIDL        equ	3429	;# 
   943   000D66                     RXF7EIDH        equ	3430	;# 
   944   000D67                     RXF7EIDL        equ	3431	;# 
   945   000D68                     RXF8SIDH        equ	3432	;# 
   946   000D69                     RXF8SIDL        equ	3433	;# 
   947   000D6A                     RXF8EIDH        equ	3434	;# 
   948   000D6B                     RXF8EIDL        equ	3435	;# 
   949   000D70                     RXF9SIDH        equ	3440	;# 
   950   000D71                     RXF9SIDL        equ	3441	;# 
   951   000D72                     RXF9EIDH        equ	3442	;# 
   952   000D73                     RXF9EIDL        equ	3443	;# 
   953   000D74                     RXF10SIDH       equ	3444	;# 
   954   000D75                     RXF10SIDL       equ	3445	;# 
   955   000D76                     RXF10EIDH       equ	3446	;# 
   956   000D77                     RXF10EIDL       equ	3447	;# 
   957   000D78                     RXF11SIDH       equ	3448	;# 
   958   000D79                     RXF11SIDL       equ	3449	;# 
   959   000D7A                     RXF11EIDH       equ	3450	;# 
   960   000D7B                     RXF11EIDL       equ	3451	;# 
   961   000D80                     RXF12SIDH       equ	3456	;# 
   962   000D81                     RXF12SIDL       equ	3457	;# 
   963   000D82                     RXF12EIDH       equ	3458	;# 
   964   000D83                     RXF12EIDL       equ	3459	;# 
   965   000D84                     RXF13SIDH       equ	3460	;# 
   966   000D85                     RXF13SIDL       equ	3461	;# 
   967   000D86                     RXF13EIDH       equ	3462	;# 
   968   000D87                     RXF13EIDL       equ	3463	;# 
   969   000D88                     RXF14SIDH       equ	3464	;# 
   970   000D89                     RXF14SIDL       equ	3465	;# 
   971   000D8A                     RXF14EIDH       equ	3466	;# 
   972   000D8B                     RXF14EIDL       equ	3467	;# 
   973   000D90                     RXF15SIDH       equ	3472	;# 
   974   000D91                     RXF15SIDL       equ	3473	;# 
   975   000D92                     RXF15EIDH       equ	3474	;# 
   976   000D93                     RXF15EIDL       equ	3475	;# 
   977   000DD4                     RXFCON0         equ	3540	;# 
   978   000DD5                     RXFCON1         equ	3541	;# 
   979   000DD8                     SDFLC           equ	3544	;# 
   980   000DE0                     RXFBCON0        equ	3552	;# 
   981   000DE1                     RXFBCON1        equ	3553	;# 
   982   000DE2                     RXFBCON2        equ	3554	;# 
   983   000DE3                     RXFBCON3        equ	3555	;# 
   984   000DE4                     RXFBCON4        equ	3556	;# 
   985   000DE5                     RXFBCON5        equ	3557	;# 
   986   000DE6                     RXFBCON6        equ	3558	;# 
   987   000DE7                     RXFBCON7        equ	3559	;# 
   988   000DF0                     MSEL0           equ	3568	;# 
   989   000DF1                     MSEL1           equ	3569	;# 
   990   000DF2                     MSEL2           equ	3570	;# 
   991   000DF3                     MSEL3           equ	3571	;# 
   992   000DF8                     BSEL0           equ	3576	;# 
   993   000DFA                     BIE0            equ	3578	;# 
   994   000DFC                     TXBIE           equ	3580	;# 
   995   000E20                     B0CON           equ	3616	;# 
   996   000E21                     B0SIDH          equ	3617	;# 
   997   000E22                     B0SIDL          equ	3618	;# 
   998   000E23                     B0EIDH          equ	3619	;# 
   999   000E24                     B0EIDL          equ	3620	;# 
  1000   000E25                     B0DLC           equ	3621	;# 
  1001   000E26                     B0D0            equ	3622	;# 
  1002   000E27                     B0D1            equ	3623	;# 
  1003   000E28                     B0D2            equ	3624	;# 
  1004   000E29                     B0D3            equ	3625	;# 
  1005   000E2A                     B0D4            equ	3626	;# 
  1006   000E2B                     B0D5            equ	3627	;# 
  1007   000E2C                     B0D6            equ	3628	;# 
  1008   000E2D                     B0D7            equ	3629	;# 
  1009   000E2E                     CANSTAT_RO9     equ	3630	;# 
  1010   000E2F                     CANCON_RO9      equ	3631	;# 
  1011   000E30                     B1CON           equ	3632	;# 
  1012   000E31                     B1SIDH          equ	3633	;# 
  1013   000E32                     B1SIDL          equ	3634	;# 
  1014   000E33                     B1EIDH          equ	3635	;# 
  1015   000E34                     B1EIDL          equ	3636	;# 
  1016   000E35                     B1DLC           equ	3637	;# 
  1017   000E36                     B1D0            equ	3638	;# 
  1018   000E37                     B1D1            equ	3639	;# 
  1019   000E38                     B1D2            equ	3640	;# 
  1020   000E39                     B1D3            equ	3641	;# 
  1021   000E3A                     B1D4            equ	3642	;# 
  1022   000E3B                     B1D5            equ	3643	;# 
  1023   000E3C                     B1D6            equ	3644	;# 
  1024   000E3D                     B1D7            equ	3645	;# 
  1025   000E3E                     CANSTAT_RO8     equ	3646	;# 
  1026   000E3F                     CANCON_RO8      equ	3647	;# 
  1027   000E40                     B2CON           equ	3648	;# 
  1028   000E41                     B2SIDH          equ	3649	;# 
  1029   000E42                     B2SIDL          equ	3650	;# 
  1030   000E43                     B2EIDH          equ	3651	;# 
  1031   000E44                     B2EIDL          equ	3652	;# 
  1032   000E45                     B2DLC           equ	3653	;# 
  1033   000E46                     B2D0            equ	3654	;# 
  1034   000E47                     B2D1            equ	3655	;# 
  1035   000E48                     B2D2            equ	3656	;# 
  1036   000E49                     B2D3            equ	3657	;# 
  1037   000E4A                     B2D4            equ	3658	;# 
  1038   000E4B                     B2D5            equ	3659	;# 
  1039   000E4C                     B2D6            equ	3660	;# 
  1040   000E4D                     B2D7            equ	3661	;# 
  1041   000E4E                     CANSTAT_RO7     equ	3662	;# 
  1042   000E4F                     CANCON_RO7      equ	3663	;# 
  1043   000E50                     B3CON           equ	3664	;# 
  1044   000E51                     B3SIDH          equ	3665	;# 
  1045   000E52                     B3SIDL          equ	3666	;# 
  1046   000E53                     B3EIDH          equ	3667	;# 
  1047   000E54                     B3EIDL          equ	3668	;# 
  1048   000E55                     B3DLC           equ	3669	;# 
  1049   000E56                     B3D0            equ	3670	;# 
  1050   000E57                     B3D1            equ	3671	;# 
  1051   000E58                     B3D2            equ	3672	;# 
  1052   000E59                     B3D3            equ	3673	;# 
  1053   000E5A                     B3D4            equ	3674	;# 
  1054   000E5B                     B3D5            equ	3675	;# 
  1055   000E5C                     B3D6            equ	3676	;# 
  1056   000E5D                     B3D7            equ	3677	;# 
  1057   000E5E                     CANSTAT_RO6     equ	3678	;# 
  1058   000E5F                     CANCON_RO6      equ	3679	;# 
  1059   000E60                     B4CON           equ	3680	;# 
  1060   000E61                     B4SIDH          equ	3681	;# 
  1061   000E62                     B4SIDL          equ	3682	;# 
  1062   000E63                     B4EIDH          equ	3683	;# 
  1063   000E64                     B4EIDL          equ	3684	;# 
  1064   000E65                     B4DLC           equ	3685	;# 
  1065   000E66                     B4D0            equ	3686	;# 
  1066   000E67                     B4D1            equ	3687	;# 
  1067   000E68                     B4D2            equ	3688	;# 
  1068   000E69                     B4D3            equ	3689	;# 
  1069   000E6A                     B4D4            equ	3690	;# 
  1070   000E6B                     B4D5            equ	3691	;# 
  1071   000E6C                     B4D6            equ	3692	;# 
  1072   000E6D                     B4D7            equ	3693	;# 
  1073   000E6E                     CANSTAT_RO5     equ	3694	;# 
  1074   000E6F                     CANCON_RO5      equ	3695	;# 
  1075   000E70                     B5CON           equ	3696	;# 
  1076   000E71                     B5SIDH          equ	3697	;# 
  1077   000E72                     B5SIDL          equ	3698	;# 
  1078   000E73                     B5EIDH          equ	3699	;# 
  1079   000E74                     B5EIDL          equ	3700	;# 
  1080   000E75                     B5DLC           equ	3701	;# 
  1081   000E76                     B5D0            equ	3702	;# 
  1082   000E77                     B5D1            equ	3703	;# 
  1083   000E78                     B5D2            equ	3704	;# 
  1084   000E79                     B5D3            equ	3705	;# 
  1085   000E7A                     B5D4            equ	3706	;# 
  1086   000E7B                     B5D5            equ	3707	;# 
  1087   000E7C                     B5D6            equ	3708	;# 
  1088   000E7D                     B5D7            equ	3709	;# 
  1089   000E7E                     CANSTAT_RO4     equ	3710	;# 
  1090   000E7F                     CANCON_RO4      equ	3711	;# 
  1091   000F00                     RXF0SIDH        equ	3840	;# 
  1092   000F01                     RXF0SIDL        equ	3841	;# 
  1093   000F02                     RXF0EIDH        equ	3842	;# 
  1094   000F03                     RXF0EIDL        equ	3843	;# 
  1095   000F04                     RXF1SIDH        equ	3844	;# 
  1096   000F05                     RXF1SIDL        equ	3845	;# 
  1097   000F06                     RXF1EIDH        equ	3846	;# 
  1098   000F07                     RXF1EIDL        equ	3847	;# 
  1099   000F08                     RXF2SIDH        equ	3848	;# 
  1100   000F09                     RXF2SIDL        equ	3849	;# 
  1101   000F0A                     RXF2EIDH        equ	3850	;# 
  1102   000F0B                     RXF2EIDL        equ	3851	;# 
  1103   000F0C                     RXF3SIDH        equ	3852	;# 
  1104   000F0D                     RXF3SIDL        equ	3853	;# 
  1105   000F0E                     RXF3EIDH        equ	3854	;# 
  1106   000F0F                     RXF3EIDL        equ	3855	;# 
  1107   000F10                     RXF4SIDH        equ	3856	;# 
  1108   000F11                     RXF4SIDL        equ	3857	;# 
  1109   000F12                     RXF4EIDH        equ	3858	;# 
  1110   000F13                     RXF4EIDL        equ	3859	;# 
  1111   000F14                     RXF5SIDH        equ	3860	;# 
  1112   000F15                     RXF5SIDL        equ	3861	;# 
  1113   000F16                     RXF5EIDH        equ	3862	;# 
  1114   000F17                     RXF5EIDL        equ	3863	;# 
  1115   000F18                     RXM0SIDH        equ	3864	;# 
  1116   000F19                     RXM0SIDL        equ	3865	;# 
  1117   000F1A                     RXM0EIDH        equ	3866	;# 
  1118   000F1B                     RXM0EIDL        equ	3867	;# 
  1119   000F1C                     RXM1SIDH        equ	3868	;# 
  1120   000F1D                     RXM1SIDL        equ	3869	;# 
  1121   000F1E                     RXM1EIDH        equ	3870	;# 
  1122   000F1F                     RXM1EIDL        equ	3871	;# 
  1123   000F20                     TXB2CON         equ	3872	;# 
  1124   000F21                     TXB2SIDH        equ	3873	;# 
  1125   000F22                     TXB2SIDL        equ	3874	;# 
  1126   000F23                     TXB2EIDH        equ	3875	;# 
  1127   000F24                     TXB2EIDL        equ	3876	;# 
  1128   000F25                     TXB2DLC         equ	3877	;# 
  1129   000F26                     TXB2D0          equ	3878	;# 
  1130   000F27                     TXB2D1          equ	3879	;# 
  1131   000F28                     TXB2D2          equ	3880	;# 
  1132   000F29                     TXB2D3          equ	3881	;# 
  1133   000F2A                     TXB2D4          equ	3882	;# 
  1134   000F2B                     TXB2D5          equ	3883	;# 
  1135   000F2C                     TXB2D6          equ	3884	;# 
  1136   000F2D                     TXB2D7          equ	3885	;# 
  1137   000F2E                     CANSTAT_RO3     equ	3886	;# 
  1138   000F2F                     CANCON_RO3      equ	3887	;# 
  1139   000F30                     TXB1CON         equ	3888	;# 
  1140   000F31                     TXB1SIDH        equ	3889	;# 
  1141   000F32                     TXB1SIDL        equ	3890	;# 
  1142   000F33                     TXB1EIDH        equ	3891	;# 
  1143   000F34                     TXB1EIDL        equ	3892	;# 
  1144   000F35                     TXB1DLC         equ	3893	;# 
  1145   000F36                     TXB1D0          equ	3894	;# 
  1146   000F37                     TXB1D1          equ	3895	;# 
  1147   000F38                     TXB1D2          equ	3896	;# 
  1148   000F39                     TXB1D3          equ	3897	;# 
  1149   000F3A                     TXB1D4          equ	3898	;# 
  1150   000F3B                     TXB1D5          equ	3899	;# 
  1151   000F3C                     TXB1D6          equ	3900	;# 
  1152   000F3D                     TXB1D7          equ	3901	;# 
  1153   000F3E                     CANSTAT_RO2     equ	3902	;# 
  1154   000F3F                     CANCON_RO2      equ	3903	;# 
  1155   000F40                     TXB0CON         equ	3904	;# 
  1156   000F41                     TXB0SIDH        equ	3905	;# 
  1157   000F42                     TXB0SIDL        equ	3906	;# 
  1158   000F43                     TXB0EIDH        equ	3907	;# 
  1159   000F44                     TXB0EIDL        equ	3908	;# 
  1160   000F45                     TXB0DLC         equ	3909	;# 
  1161   000F46                     TXB0D0          equ	3910	;# 
  1162   000F47                     TXB0D1          equ	3911	;# 
  1163   000F48                     TXB0D2          equ	3912	;# 
  1164   000F49                     TXB0D3          equ	3913	;# 
  1165   000F4A                     TXB0D4          equ	3914	;# 
  1166   000F4B                     TXB0D5          equ	3915	;# 
  1167   000F4C                     TXB0D6          equ	3916	;# 
  1168   000F4D                     TXB0D7          equ	3917	;# 
  1169   000F4E                     CANSTAT_RO1     equ	3918	;# 
  1170   000F4F                     CANCON_RO1      equ	3919	;# 
  1171   000F50                     RXB1CON         equ	3920	;# 
  1172   000F51                     RXB1SIDH        equ	3921	;# 
  1173   000F52                     RXB1SIDL        equ	3922	;# 
  1174   000F53                     RXB1EIDH        equ	3923	;# 
  1175   000F54                     RXB1EIDL        equ	3924	;# 
  1176   000F55                     RXB1DLC         equ	3925	;# 
  1177   000F56                     RXB1D0          equ	3926	;# 
  1178   000F57                     RXB1D1          equ	3927	;# 
  1179   000F58                     RXB1D2          equ	3928	;# 
  1180   000F59                     RXB1D3          equ	3929	;# 
  1181   000F5A                     RXB1D4          equ	3930	;# 
  1182   000F5B                     RXB1D5          equ	3931	;# 
  1183   000F5C                     RXB1D6          equ	3932	;# 
  1184   000F5D                     RXB1D7          equ	3933	;# 
  1185   000F5E                     CANSTAT_RO0     equ	3934	;# 
  1186   000F5F                     CANCON_RO0      equ	3935	;# 
  1187   000F60                     RXB0CON         equ	3936	;# 
  1188   000F61                     RXB0SIDH        equ	3937	;# 
  1189   000F62                     RXB0SIDL        equ	3938	;# 
  1190   000F63                     RXB0EIDH        equ	3939	;# 
  1191   000F64                     RXB0EIDL        equ	3940	;# 
  1192   000F65                     RXB0DLC         equ	3941	;# 
  1193   000F66                     RXB0D0          equ	3942	;# 
  1194   000F67                     RXB0D1          equ	3943	;# 
  1195   000F68                     RXB0D2          equ	3944	;# 
  1196   000F69                     RXB0D3          equ	3945	;# 
  1197   000F6A                     RXB0D4          equ	3946	;# 
  1198   000F6B                     RXB0D5          equ	3947	;# 
  1199   000F6C                     RXB0D6          equ	3948	;# 
  1200   000F6D                     RXB0D7          equ	3949	;# 
  1201   000F6E                     CANSTAT         equ	3950	;# 
  1202   000F6F                     CANCON          equ	3951	;# 
  1203   000F70                     BRGCON1         equ	3952	;# 
  1204   000F71                     BRGCON2         equ	3953	;# 
  1205   000F72                     BRGCON3         equ	3954	;# 
  1206   000F73                     CIOCON          equ	3955	;# 
  1207   000F74                     COMSTAT         equ	3956	;# 
  1208   000F75                     RXERRCNT        equ	3957	;# 
  1209   000F76                     TXERRCNT        equ	3958	;# 
  1210   000F77                     ECANCON         equ	3959	;# 
  1211   000F80                     PORTA           equ	3968	;# 
  1212   000F81                     PORTB           equ	3969	;# 
  1213   000F82                     PORTC           equ	3970	;# 
  1214   000F83                     PORTD           equ	3971	;# 
  1215   000F84                     PORTE           equ	3972	;# 
  1216   000F89                     LATA            equ	3977	;# 
  1217   000F8A                     LATB            equ	3978	;# 
  1218   000F8B                     LATC            equ	3979	;# 
  1219   000F8C                     LATD            equ	3980	;# 
  1220   000F8D                     LATE            equ	3981	;# 
  1221   000F92                     TRISA           equ	3986	;# 
  1222   000F92                     DDRA            equ	3986	;# 
  1223   000F93                     TRISB           equ	3987	;# 
  1224   000F93                     DDRB            equ	3987	;# 
  1225   000F94                     TRISC           equ	3988	;# 
  1226   000F94                     DDRC            equ	3988	;# 
  1227   000F95                     TRISD           equ	3989	;# 
  1228   000F95                     DDRD            equ	3989	;# 
  1229   000F96                     TRISE           equ	3990	;# 
  1230   000F96                     DDRE            equ	3990	;# 
  1231   000F9B                     OSCTUNE         equ	3995	;# 
  1232   000F9D                     PIE1            equ	3997	;# 
  1233   000F9E                     PIR1            equ	3998	;# 
  1234   000F9F                     IPR1            equ	3999	;# 
  1235   000FA0                     PIE2            equ	4000	;# 
  1236   000FA1                     PIR2            equ	4001	;# 
  1237   000FA2                     IPR2            equ	4002	;# 
  1238   000FA3                     PIE3            equ	4003	;# 
  1239   000FA4                     PIR3            equ	4004	;# 
  1240   000FA5                     IPR3            equ	4005	;# 
  1241   000FA6                     EECON1          equ	4006	;# 
  1242   000FA7                     EECON2          equ	4007	;# 
  1243   000FA8                     EEDATA          equ	4008	;# 
  1244   000FA9                     EEADR           equ	4009	;# 
  1245   000FAB                     RCSTA           equ	4011	;# 
  1246   000FAB                     RCSTA1          equ	4011	;# 
  1247   000FAC                     TXSTA           equ	4012	;# 
  1248   000FAC                     TXSTA1          equ	4012	;# 
  1249   000FAD                     TXREG           equ	4013	;# 
  1250   000FAD                     TXREG1          equ	4013	;# 
  1251   000FAE                     RCREG           equ	4014	;# 
  1252   000FAE                     RCREG1          equ	4014	;# 
  1253   000FAF                     SPBRG           equ	4015	;# 
  1254   000FAF                     SPBRG1          equ	4015	;# 
  1255   000FB0                     SPBRGH          equ	4016	;# 
  1256   000FB1                     T3CON           equ	4017	;# 
  1257   000FB2                     TMR3            equ	4018	;# 
  1258   000FB2                     TMR3L           equ	4018	;# 
  1259   000FB3                     TMR3H           equ	4019	;# 
  1260   000FB4                     CMCON           equ	4020	;# 
  1261   000FB5                     CVRCON          equ	4021	;# 
  1262   000FB6                     ECCP1AS         equ	4022	;# 
  1263   000FB7                     ECCP1DEL        equ	4023	;# 
  1264   000FB8                     BAUDCON         equ	4024	;# 
  1265   000FB8                     BAUDCTL         equ	4024	;# 
  1266   000FBA                     ECCP1CON        equ	4026	;# 
  1267   000FBB                     ECCPR1          equ	4027	;# 
  1268   000FBB                     ECCPR1L         equ	4027	;# 
  1269   000FBC                     ECCPR1H         equ	4028	;# 
  1270   000FBD                     CCP1CON         equ	4029	;# 
  1271   000FBE                     CCPR1           equ	4030	;# 
  1272   000FBE                     CCPR1L          equ	4030	;# 
  1273   000FBF                     CCPR1H          equ	4031	;# 
  1274   000FC0                     ADCON2          equ	4032	;# 
  1275   000FC1                     ADCON1          equ	4033	;# 
  1276   000FC2                     ADCON0          equ	4034	;# 
  1277   000FC3                     ADRES           equ	4035	;# 
  1278   000FC3                     ADRESL          equ	4035	;# 
  1279   000FC4                     ADRESH          equ	4036	;# 
  1280   000FC5                     SSPCON2         equ	4037	;# 
  1281   000FC6                     SSPCON1         equ	4038	;# 
  1282   000FC7                     SSPSTAT         equ	4039	;# 
  1283   000FC8                     SSPADD          equ	4040	;# 
  1284   000FC9                     SSPBUF          equ	4041	;# 
  1285   000FCA                     T2CON           equ	4042	;# 
  1286   000FCB                     PR2             equ	4043	;# 
  1287   000FCB                     MEMCON          equ	4043	;# 
  1288   000FCC                     TMR2            equ	4044	;# 
  1289   000FCD                     T1CON           equ	4045	;# 
  1290   000FCE                     TMR1            equ	4046	;# 
  1291   000FCE                     TMR1L           equ	4046	;# 
  1292   000FCF                     TMR1H           equ	4047	;# 
  1293   000FD0                     RCON            equ	4048	;# 
  1294   000FD1                     WDTCON          equ	4049	;# 
  1295   000FD2                     HLVDCON         equ	4050	;# 
  1296   000FD2                     LVDCON          equ	4050	;# 
  1297   000FD3                     OSCCON          equ	4051	;# 
  1298   000FD5                     T0CON           equ	4053	;# 
  1299   000FD6                     TMR0            equ	4054	;# 
  1300   000FD6                     TMR0L           equ	4054	;# 
  1301   000FD7                     TMR0H           equ	4055	;# 
  1302   000FD8                     STATUS          equ	4056	;# 
  1303   000FD9                     FSR2            equ	4057	;# 
  1304   000FD9                     FSR2L           equ	4057	;# 
  1305   000FDA                     FSR2H           equ	4058	;# 
  1306   000FDB                     PLUSW2          equ	4059	;# 
  1307   000FDC                     PREINC2         equ	4060	;# 
  1308   000FDD                     POSTDEC2        equ	4061	;# 
  1309   000FDE                     POSTINC2        equ	4062	;# 
  1310   000FDF                     INDF2           equ	4063	;# 
  1311   000FE0                     BSR             equ	4064	;# 
  1312   000FE1                     FSR1            equ	4065	;# 
  1313   000FE1                     FSR1L           equ	4065	;# 
  1314   000FE2                     FSR1H           equ	4066	;# 
  1315   000FE3                     PLUSW1          equ	4067	;# 
  1316   000FE4                     PREINC1         equ	4068	;# 
  1317   000FE5                     POSTDEC1        equ	4069	;# 
  1318   000FE6                     POSTINC1        equ	4070	;# 
  1319   000FE7                     INDF1           equ	4071	;# 
  1320   000FE8                     WREG            equ	4072	;# 
  1321   000FE9                     FSR0            equ	4073	;# 
  1322   000FE9                     FSR0L           equ	4073	;# 
  1323   000FEA                     FSR0H           equ	4074	;# 
  1324   000FEB                     PLUSW0          equ	4075	;# 
  1325   000FEC                     PREINC0         equ	4076	;# 
  1326   000FED                     POSTDEC0        equ	4077	;# 
  1327   000FEE                     POSTINC0        equ	4078	;# 
  1328   000FEF                     INDF0           equ	4079	;# 
  1329   000FF0                     INTCON3         equ	4080	;# 
  1330   000FF1                     INTCON2         equ	4081	;# 
  1331   000FF2                     INTCON          equ	4082	;# 
  1332   000FF3                     PROD            equ	4083	;# 
  1333   000FF3                     PRODL           equ	4083	;# 
  1334   000FF4                     PRODH           equ	4084	;# 
  1335   000FF5                     TABLAT          equ	4085	;# 
  1336   000FF6                     TBLPTR          equ	4086	;# 
  1337   000FF6                     TBLPTRL         equ	4086	;# 
  1338   000FF7                     TBLPTRH         equ	4087	;# 
  1339   000FF8                     TBLPTRU         equ	4088	;# 
  1340   000FF9                     PCLAT           equ	4089	;# 
  1341   000FF9                     PC              equ	4089	;# 
  1342   000FF9                     PCL             equ	4089	;# 
  1343   000FFA                     PCLATH          equ	4090	;# 
  1344   000FFB                     PCLATU          equ	4091	;# 
  1345   000FFC                     STKPTR          equ	4092	;# 
  1346   000FFD                     TOS             equ	4093	;# 
  1347   000FFD                     TOSL            equ	4093	;# 
  1348   000FFE                     TOSH            equ	4094	;# 
  1349   000FFF                     TOSU            equ	4095	;# 
  1350   000D60                     RXF6SIDH        equ	3424	;# 
  1351   000D61                     RXF6SIDL        equ	3425	;# 
  1352   000D62                     RXF6EIDH        equ	3426	;# 
  1353   000D63                     RXF6EIDL        equ	3427	;# 
  1354   000D64                     RXF7SIDH        equ	3428	;# 
  1355   000D65                     RXF7SIDL        equ	3429	;# 
  1356   000D66                     RXF7EIDH        equ	3430	;# 
  1357   000D67                     RXF7EIDL        equ	3431	;# 
  1358   000D68                     RXF8SIDH        equ	3432	;# 
  1359   000D69                     RXF8SIDL        equ	3433	;# 
  1360   000D6A                     RXF8EIDH        equ	3434	;# 
  1361   000D6B                     RXF8EIDL        equ	3435	;# 
  1362   000D70                     RXF9SIDH        equ	3440	;# 
  1363   000D71                     RXF9SIDL        equ	3441	;# 
  1364   000D72                     RXF9EIDH        equ	3442	;# 
  1365   000D73                     RXF9EIDL        equ	3443	;# 
  1366   000D74                     RXF10SIDH       equ	3444	;# 
  1367   000D75                     RXF10SIDL       equ	3445	;# 
  1368   000D76                     RXF10EIDH       equ	3446	;# 
  1369   000D77                     RXF10EIDL       equ	3447	;# 
  1370   000D78                     RXF11SIDH       equ	3448	;# 
  1371   000D79                     RXF11SIDL       equ	3449	;# 
  1372   000D7A                     RXF11EIDH       equ	3450	;# 
  1373   000D7B                     RXF11EIDL       equ	3451	;# 
  1374   000D80                     RXF12SIDH       equ	3456	;# 
  1375   000D81                     RXF12SIDL       equ	3457	;# 
  1376   000D82                     RXF12EIDH       equ	3458	;# 
  1377   000D83                     RXF12EIDL       equ	3459	;# 
  1378   000D84                     RXF13SIDH       equ	3460	;# 
  1379   000D85                     RXF13SIDL       equ	3461	;# 
  1380   000D86                     RXF13EIDH       equ	3462	;# 
  1381   000D87                     RXF13EIDL       equ	3463	;# 
  1382   000D88                     RXF14SIDH       equ	3464	;# 
  1383   000D89                     RXF14SIDL       equ	3465	;# 
  1384   000D8A                     RXF14EIDH       equ	3466	;# 
  1385   000D8B                     RXF14EIDL       equ	3467	;# 
  1386   000D90                     RXF15SIDH       equ	3472	;# 
  1387   000D91                     RXF15SIDL       equ	3473	;# 
  1388   000D92                     RXF15EIDH       equ	3474	;# 
  1389   000D93                     RXF15EIDL       equ	3475	;# 
  1390   000DD4                     RXFCON0         equ	3540	;# 
  1391   000DD5                     RXFCON1         equ	3541	;# 
  1392   000DD8                     SDFLC           equ	3544	;# 
  1393   000DE0                     RXFBCON0        equ	3552	;# 
  1394   000DE1                     RXFBCON1        equ	3553	;# 
  1395   000DE2                     RXFBCON2        equ	3554	;# 
  1396   000DE3                     RXFBCON3        equ	3555	;# 
  1397   000DE4                     RXFBCON4        equ	3556	;# 
  1398   000DE5                     RXFBCON5        equ	3557	;# 
  1399   000DE6                     RXFBCON6        equ	3558	;# 
  1400   000DE7                     RXFBCON7        equ	3559	;# 
  1401   000DF0                     MSEL0           equ	3568	;# 
  1402   000DF1                     MSEL1           equ	3569	;# 
  1403   000DF2                     MSEL2           equ	3570	;# 
  1404   000DF3                     MSEL3           equ	3571	;# 
  1405   000DF8                     BSEL0           equ	3576	;# 
  1406   000DFA                     BIE0            equ	3578	;# 
  1407   000DFC                     TXBIE           equ	3580	;# 
  1408   000E20                     B0CON           equ	3616	;# 
  1409   000E21                     B0SIDH          equ	3617	;# 
  1410   000E22                     B0SIDL          equ	3618	;# 
  1411   000E23                     B0EIDH          equ	3619	;# 
  1412   000E24                     B0EIDL          equ	3620	;# 
  1413   000E25                     B0DLC           equ	3621	;# 
  1414   000E26                     B0D0            equ	3622	;# 
  1415   000E27                     B0D1            equ	3623	;# 
  1416   000E28                     B0D2            equ	3624	;# 
  1417   000E29                     B0D3            equ	3625	;# 
  1418   000E2A                     B0D4            equ	3626	;# 
  1419   000E2B                     B0D5            equ	3627	;# 
  1420   000E2C                     B0D6            equ	3628	;# 
  1421   000E2D                     B0D7            equ	3629	;# 
  1422   000E2E                     CANSTAT_RO9     equ	3630	;# 
  1423   000E2F                     CANCON_RO9      equ	3631	;# 
  1424   000E30                     B1CON           equ	3632	;# 
  1425   000E31                     B1SIDH          equ	3633	;# 
  1426   000E32                     B1SIDL          equ	3634	;# 
  1427   000E33                     B1EIDH          equ	3635	;# 
  1428   000E34                     B1EIDL          equ	3636	;# 
  1429   000E35                     B1DLC           equ	3637	;# 
  1430   000E36                     B1D0            equ	3638	;# 
  1431   000E37                     B1D1            equ	3639	;# 
  1432   000E38                     B1D2            equ	3640	;# 
  1433   000E39                     B1D3            equ	3641	;# 
  1434   000E3A                     B1D4            equ	3642	;# 
  1435   000E3B                     B1D5            equ	3643	;# 
  1436   000E3C                     B1D6            equ	3644	;# 
  1437   000E3D                     B1D7            equ	3645	;# 
  1438   000E3E                     CANSTAT_RO8     equ	3646	;# 
  1439   000E3F                     CANCON_RO8      equ	3647	;# 
  1440   000E40                     B2CON           equ	3648	;# 
  1441   000E41                     B2SIDH          equ	3649	;# 
  1442   000E42                     B2SIDL          equ	3650	;# 
  1443   000E43                     B2EIDH          equ	3651	;# 
  1444   000E44                     B2EIDL          equ	3652	;# 
  1445   000E45                     B2DLC           equ	3653	;# 
  1446   000E46                     B2D0            equ	3654	;# 
  1447   000E47                     B2D1            equ	3655	;# 
  1448   000E48                     B2D2            equ	3656	;# 
  1449   000E49                     B2D3            equ	3657	;# 
  1450   000E4A                     B2D4            equ	3658	;# 
  1451   000E4B                     B2D5            equ	3659	;# 
  1452   000E4C                     B2D6            equ	3660	;# 
  1453   000E4D                     B2D7            equ	3661	;# 
  1454   000E4E                     CANSTAT_RO7     equ	3662	;# 
  1455   000E4F                     CANCON_RO7      equ	3663	;# 
  1456   000E50                     B3CON           equ	3664	;# 
  1457   000E51                     B3SIDH          equ	3665	;# 
  1458   000E52                     B3SIDL          equ	3666	;# 
  1459   000E53                     B3EIDH          equ	3667	;# 
  1460   000E54                     B3EIDL          equ	3668	;# 
  1461   000E55                     B3DLC           equ	3669	;# 
  1462   000E56                     B3D0            equ	3670	;# 
  1463   000E57                     B3D1            equ	3671	;# 
  1464   000E58                     B3D2            equ	3672	;# 
  1465   000E59                     B3D3            equ	3673	;# 
  1466   000E5A                     B3D4            equ	3674	;# 
  1467   000E5B                     B3D5            equ	3675	;# 
  1468   000E5C                     B3D6            equ	3676	;# 
  1469   000E5D                     B3D7            equ	3677	;# 
  1470   000E5E                     CANSTAT_RO6     equ	3678	;# 
  1471   000E5F                     CANCON_RO6      equ	3679	;# 
  1472   000E60                     B4CON           equ	3680	;# 
  1473   000E61                     B4SIDH          equ	3681	;# 
  1474   000E62                     B4SIDL          equ	3682	;# 
  1475   000E63                     B4EIDH          equ	3683	;# 
  1476   000E64                     B4EIDL          equ	3684	;# 
  1477   000E65                     B4DLC           equ	3685	;# 
  1478   000E66                     B4D0            equ	3686	;# 
  1479   000E67                     B4D1            equ	3687	;# 
  1480   000E68                     B4D2            equ	3688	;# 
  1481   000E69                     B4D3            equ	3689	;# 
  1482   000E6A                     B4D4            equ	3690	;# 
  1483   000E6B                     B4D5            equ	3691	;# 
  1484   000E6C                     B4D6            equ	3692	;# 
  1485   000E6D                     B4D7            equ	3693	;# 
  1486   000E6E                     CANSTAT_RO5     equ	3694	;# 
  1487   000E6F                     CANCON_RO5      equ	3695	;# 
  1488   000E70                     B5CON           equ	3696	;# 
  1489   000E71                     B5SIDH          equ	3697	;# 
  1490   000E72                     B5SIDL          equ	3698	;# 
  1491   000E73                     B5EIDH          equ	3699	;# 
  1492   000E74                     B5EIDL          equ	3700	;# 
  1493   000E75                     B5DLC           equ	3701	;# 
  1494   000E76                     B5D0            equ	3702	;# 
  1495   000E77                     B5D1            equ	3703	;# 
  1496   000E78                     B5D2            equ	3704	;# 
  1497   000E79                     B5D3            equ	3705	;# 
  1498   000E7A                     B5D4            equ	3706	;# 
  1499   000E7B                     B5D5            equ	3707	;# 
  1500   000E7C                     B5D6            equ	3708	;# 
  1501   000E7D                     B5D7            equ	3709	;# 
  1502   000E7E                     CANSTAT_RO4     equ	3710	;# 
  1503   000E7F                     CANCON_RO4      equ	3711	;# 
  1504   000F00                     RXF0SIDH        equ	3840	;# 
  1505   000F01                     RXF0SIDL        equ	3841	;# 
  1506   000F02                     RXF0EIDH        equ	3842	;# 
  1507   000F03                     RXF0EIDL        equ	3843	;# 
  1508   000F04                     RXF1SIDH        equ	3844	;# 
  1509   000F05                     RXF1SIDL        equ	3845	;# 
  1510   000F06                     RXF1EIDH        equ	3846	;# 
  1511   000F07                     RXF1EIDL        equ	3847	;# 
  1512   000F08                     RXF2SIDH        equ	3848	;# 
  1513   000F09                     RXF2SIDL        equ	3849	;# 
  1514   000F0A                     RXF2EIDH        equ	3850	;# 
  1515   000F0B                     RXF2EIDL        equ	3851	;# 
  1516   000F0C                     RXF3SIDH        equ	3852	;# 
  1517   000F0D                     RXF3SIDL        equ	3853	;# 
  1518   000F0E                     RXF3EIDH        equ	3854	;# 
  1519   000F0F                     RXF3EIDL        equ	3855	;# 
  1520   000F10                     RXF4SIDH        equ	3856	;# 
  1521   000F11                     RXF4SIDL        equ	3857	;# 
  1522   000F12                     RXF4EIDH        equ	3858	;# 
  1523   000F13                     RXF4EIDL        equ	3859	;# 
  1524   000F14                     RXF5SIDH        equ	3860	;# 
  1525   000F15                     RXF5SIDL        equ	3861	;# 
  1526   000F16                     RXF5EIDH        equ	3862	;# 
  1527   000F17                     RXF5EIDL        equ	3863	;# 
  1528   000F18                     RXM0SIDH        equ	3864	;# 
  1529   000F19                     RXM0SIDL        equ	3865	;# 
  1530   000F1A                     RXM0EIDH        equ	3866	;# 
  1531   000F1B                     RXM0EIDL        equ	3867	;# 
  1532   000F1C                     RXM1SIDH        equ	3868	;# 
  1533   000F1D                     RXM1SIDL        equ	3869	;# 
  1534   000F1E                     RXM1EIDH        equ	3870	;# 
  1535   000F1F                     RXM1EIDL        equ	3871	;# 
  1536   000F20                     TXB2CON         equ	3872	;# 
  1537   000F21                     TXB2SIDH        equ	3873	;# 
  1538   000F22                     TXB2SIDL        equ	3874	;# 
  1539   000F23                     TXB2EIDH        equ	3875	;# 
  1540   000F24                     TXB2EIDL        equ	3876	;# 
  1541   000F25                     TXB2DLC         equ	3877	;# 
  1542   000F26                     TXB2D0          equ	3878	;# 
  1543   000F27                     TXB2D1          equ	3879	;# 
  1544   000F28                     TXB2D2          equ	3880	;# 
  1545   000F29                     TXB2D3          equ	3881	;# 
  1546   000F2A                     TXB2D4          equ	3882	;# 
  1547   000F2B                     TXB2D5          equ	3883	;# 
  1548   000F2C                     TXB2D6          equ	3884	;# 
  1549   000F2D                     TXB2D7          equ	3885	;# 
  1550   000F2E                     CANSTAT_RO3     equ	3886	;# 
  1551   000F2F                     CANCON_RO3      equ	3887	;# 
  1552   000F30                     TXB1CON         equ	3888	;# 
  1553   000F31                     TXB1SIDH        equ	3889	;# 
  1554   000F32                     TXB1SIDL        equ	3890	;# 
  1555   000F33                     TXB1EIDH        equ	3891	;# 
  1556   000F34                     TXB1EIDL        equ	3892	;# 
  1557   000F35                     TXB1DLC         equ	3893	;# 
  1558   000F36                     TXB1D0          equ	3894	;# 
  1559   000F37                     TXB1D1          equ	3895	;# 
  1560   000F38                     TXB1D2          equ	3896	;# 
  1561   000F39                     TXB1D3          equ	3897	;# 
  1562   000F3A                     TXB1D4          equ	3898	;# 
  1563   000F3B                     TXB1D5          equ	3899	;# 
  1564   000F3C                     TXB1D6          equ	3900	;# 
  1565   000F3D                     TXB1D7          equ	3901	;# 
  1566   000F3E                     CANSTAT_RO2     equ	3902	;# 
  1567   000F3F                     CANCON_RO2      equ	3903	;# 
  1568   000F40                     TXB0CON         equ	3904	;# 
  1569   000F41                     TXB0SIDH        equ	3905	;# 
  1570   000F42                     TXB0SIDL        equ	3906	;# 
  1571   000F43                     TXB0EIDH        equ	3907	;# 
  1572   000F44                     TXB0EIDL        equ	3908	;# 
  1573   000F45                     TXB0DLC         equ	3909	;# 
  1574   000F46                     TXB0D0          equ	3910	;# 
  1575   000F47                     TXB0D1          equ	3911	;# 
  1576   000F48                     TXB0D2          equ	3912	;# 
  1577   000F49                     TXB0D3          equ	3913	;# 
  1578   000F4A                     TXB0D4          equ	3914	;# 
  1579   000F4B                     TXB0D5          equ	3915	;# 
  1580   000F4C                     TXB0D6          equ	3916	;# 
  1581   000F4D                     TXB0D7          equ	3917	;# 
  1582   000F4E                     CANSTAT_RO1     equ	3918	;# 
  1583   000F4F                     CANCON_RO1      equ	3919	;# 
  1584   000F50                     RXB1CON         equ	3920	;# 
  1585   000F51                     RXB1SIDH        equ	3921	;# 
  1586   000F52                     RXB1SIDL        equ	3922	;# 
  1587   000F53                     RXB1EIDH        equ	3923	;# 
  1588   000F54                     RXB1EIDL        equ	3924	;# 
  1589   000F55                     RXB1DLC         equ	3925	;# 
  1590   000F56                     RXB1D0          equ	3926	;# 
  1591   000F57                     RXB1D1          equ	3927	;# 
  1592   000F58                     RXB1D2          equ	3928	;# 
  1593   000F59                     RXB1D3          equ	3929	;# 
  1594   000F5A                     RXB1D4          equ	3930	;# 
  1595   000F5B                     RXB1D5          equ	3931	;# 
  1596   000F5C                     RXB1D6          equ	3932	;# 
  1597   000F5D                     RXB1D7          equ	3933	;# 
  1598   000F5E                     CANSTAT_RO0     equ	3934	;# 
  1599   000F5F                     CANCON_RO0      equ	3935	;# 
  1600   000F60                     RXB0CON         equ	3936	;# 
  1601   000F61                     RXB0SIDH        equ	3937	;# 
  1602   000F62                     RXB0SIDL        equ	3938	;# 
  1603   000F63                     RXB0EIDH        equ	3939	;# 
  1604   000F64                     RXB0EIDL        equ	3940	;# 
  1605   000F65                     RXB0DLC         equ	3941	;# 
  1606   000F66                     RXB0D0          equ	3942	;# 
  1607   000F67                     RXB0D1          equ	3943	;# 
  1608   000F68                     RXB0D2          equ	3944	;# 
  1609   000F69                     RXB0D3          equ	3945	;# 
  1610   000F6A                     RXB0D4          equ	3946	;# 
  1611   000F6B                     RXB0D5          equ	3947	;# 
  1612   000F6C                     RXB0D6          equ	3948	;# 
  1613   000F6D                     RXB0D7          equ	3949	;# 
  1614   000F6E                     CANSTAT         equ	3950	;# 
  1615   000F6F                     CANCON          equ	3951	;# 
  1616   000F70                     BRGCON1         equ	3952	;# 
  1617   000F71                     BRGCON2         equ	3953	;# 
  1618   000F72                     BRGCON3         equ	3954	;# 
  1619   000F73                     CIOCON          equ	3955	;# 
  1620   000F74                     COMSTAT         equ	3956	;# 
  1621   000F75                     RXERRCNT        equ	3957	;# 
  1622   000F76                     TXERRCNT        equ	3958	;# 
  1623   000F77                     ECANCON         equ	3959	;# 
  1624   000F80                     PORTA           equ	3968	;# 
  1625   000F81                     PORTB           equ	3969	;# 
  1626   000F82                     PORTC           equ	3970	;# 
  1627   000F83                     PORTD           equ	3971	;# 
  1628   000F84                     PORTE           equ	3972	;# 
  1629   000F89                     LATA            equ	3977	;# 
  1630   000F8A                     LATB            equ	3978	;# 
  1631   000F8B                     LATC            equ	3979	;# 
  1632   000F8C                     LATD            equ	3980	;# 
  1633   000F8D                     LATE            equ	3981	;# 
  1634   000F92                     TRISA           equ	3986	;# 
  1635   000F92                     DDRA            equ	3986	;# 
  1636   000F93                     TRISB           equ	3987	;# 
  1637   000F93                     DDRB            equ	3987	;# 
  1638   000F94                     TRISC           equ	3988	;# 
  1639   000F94                     DDRC            equ	3988	;# 
  1640   000F95                     TRISD           equ	3989	;# 
  1641   000F95                     DDRD            equ	3989	;# 
  1642   000F96                     TRISE           equ	3990	;# 
  1643   000F96                     DDRE            equ	3990	;# 
  1644   000F9B                     OSCTUNE         equ	3995	;# 
  1645   000F9D                     PIE1            equ	3997	;# 
  1646   000F9E                     PIR1            equ	3998	;# 
  1647   000F9F                     IPR1            equ	3999	;# 
  1648   000FA0                     PIE2            equ	4000	;# 
  1649   000FA1                     PIR2            equ	4001	;# 
  1650   000FA2                     IPR2            equ	4002	;# 
  1651   000FA3                     PIE3            equ	4003	;# 
  1652   000FA4                     PIR3            equ	4004	;# 
  1653   000FA5                     IPR3            equ	4005	;# 
  1654   000FA6                     EECON1          equ	4006	;# 
  1655   000FA7                     EECON2          equ	4007	;# 
  1656   000FA8                     EEDATA          equ	4008	;# 
  1657   000FA9                     EEADR           equ	4009	;# 
  1658   000FAB                     RCSTA           equ	4011	;# 
  1659   000FAB                     RCSTA1          equ	4011	;# 
  1660   000FAC                     TXSTA           equ	4012	;# 
  1661   000FAC                     TXSTA1          equ	4012	;# 
  1662   000FAD                     TXREG           equ	4013	;# 
  1663   000FAD                     TXREG1          equ	4013	;# 
  1664   000FAE                     RCREG           equ	4014	;# 
  1665   000FAE                     RCREG1          equ	4014	;# 
  1666   000FAF                     SPBRG           equ	4015	;# 
  1667   000FAF                     SPBRG1          equ	4015	;# 
  1668   000FB0                     SPBRGH          equ	4016	;# 
  1669   000FB1                     T3CON           equ	4017	;# 
  1670   000FB2                     TMR3            equ	4018	;# 
  1671   000FB2                     TMR3L           equ	4018	;# 
  1672   000FB3                     TMR3H           equ	4019	;# 
  1673   000FB4                     CMCON           equ	4020	;# 
  1674   000FB5                     CVRCON          equ	4021	;# 
  1675   000FB6                     ECCP1AS         equ	4022	;# 
  1676   000FB7                     ECCP1DEL        equ	4023	;# 
  1677   000FB8                     BAUDCON         equ	4024	;# 
  1678   000FB8                     BAUDCTL         equ	4024	;# 
  1679   000FBA                     ECCP1CON        equ	4026	;# 
  1680   000FBB                     ECCPR1          equ	4027	;# 
  1681   000FBB                     ECCPR1L         equ	4027	;# 
  1682   000FBC                     ECCPR1H         equ	4028	;# 
  1683   000FBD                     CCP1CON         equ	4029	;# 
  1684   000FBE                     CCPR1           equ	4030	;# 
  1685   000FBE                     CCPR1L          equ	4030	;# 
  1686   000FBF                     CCPR1H          equ	4031	;# 
  1687   000FC0                     ADCON2          equ	4032	;# 
  1688   000FC1                     ADCON1          equ	4033	;# 
  1689   000FC2                     ADCON0          equ	4034	;# 
  1690   000FC3                     ADRES           equ	4035	;# 
  1691   000FC3                     ADRESL          equ	4035	;# 
  1692   000FC4                     ADRESH          equ	4036	;# 
  1693   000FC5                     SSPCON2         equ	4037	;# 
  1694   000FC6                     SSPCON1         equ	4038	;# 
  1695   000FC7                     SSPSTAT         equ	4039	;# 
  1696   000FC8                     SSPADD          equ	4040	;# 
  1697   000FC9                     SSPBUF          equ	4041	;# 
  1698   000FCA                     T2CON           equ	4042	;# 
  1699   000FCB                     PR2             equ	4043	;# 
  1700   000FCB                     MEMCON          equ	4043	;# 
  1701   000FCC                     TMR2            equ	4044	;# 
  1702   000FCD                     T1CON           equ	4045	;# 
  1703   000FCE                     TMR1            equ	4046	;# 
  1704   000FCE                     TMR1L           equ	4046	;# 
  1705   000FCF                     TMR1H           equ	4047	;# 
  1706   000FD0                     RCON            equ	4048	;# 
  1707   000FD1                     WDTCON          equ	4049	;# 
  1708   000FD2                     HLVDCON         equ	4050	;# 
  1709   000FD2                     LVDCON          equ	4050	;# 
  1710   000FD3                     OSCCON          equ	4051	;# 
  1711   000FD5                     T0CON           equ	4053	;# 
  1712   000FD6                     TMR0            equ	4054	;# 
  1713   000FD6                     TMR0L           equ	4054	;# 
  1714   000FD7                     TMR0H           equ	4055	;# 
  1715   000FD8                     STATUS          equ	4056	;# 
  1716   000FD9                     FSR2            equ	4057	;# 
  1717   000FD9                     FSR2L           equ	4057	;# 
  1718   000FDA                     FSR2H           equ	4058	;# 
  1719   000FDB                     PLUSW2          equ	4059	;# 
  1720   000FDC                     PREINC2         equ	4060	;# 
  1721   000FDD                     POSTDEC2        equ	4061	;# 
  1722   000FDE                     POSTINC2        equ	4062	;# 
  1723   000FDF                     INDF2           equ	4063	;# 
  1724   000FE0                     BSR             equ	4064	;# 
  1725   000FE1                     FSR1            equ	4065	;# 
  1726   000FE1                     FSR1L           equ	4065	;# 
  1727   000FE2                     FSR1H           equ	4066	;# 
  1728   000FE3                     PLUSW1          equ	4067	;# 
  1729   000FE4                     PREINC1         equ	4068	;# 
  1730   000FE5                     POSTDEC1        equ	4069	;# 
  1731   000FE6                     POSTINC1        equ	4070	;# 
  1732   000FE7                     INDF1           equ	4071	;# 
  1733   000FE8                     WREG            equ	4072	;# 
  1734   000FE9                     FSR0            equ	4073	;# 
  1735   000FE9                     FSR0L           equ	4073	;# 
  1736   000FEA                     FSR0H           equ	4074	;# 
  1737   000FEB                     PLUSW0          equ	4075	;# 
  1738   000FEC                     PREINC0         equ	4076	;# 
  1739   000FED                     POSTDEC0        equ	4077	;# 
  1740   000FEE                     POSTINC0        equ	4078	;# 
  1741   000FEF                     INDF0           equ	4079	;# 
  1742   000FF0                     INTCON3         equ	4080	;# 
  1743   000FF1                     INTCON2         equ	4081	;# 
  1744   000FF2                     INTCON          equ	4082	;# 
  1745   000FF3                     PROD            equ	4083	;# 
  1746   000FF3                     PRODL           equ	4083	;# 
  1747   000FF4                     PRODH           equ	4084	;# 
  1748   000FF5                     TABLAT          equ	4085	;# 
  1749   000FF6                     TBLPTR          equ	4086	;# 
  1750   000FF6                     TBLPTRL         equ	4086	;# 
  1751   000FF7                     TBLPTRH         equ	4087	;# 
  1752   000FF8                     TBLPTRU         equ	4088	;# 
  1753   000FF9                     PCLAT           equ	4089	;# 
  1754   000FF9                     PC              equ	4089	;# 
  1755   000FF9                     PCL             equ	4089	;# 
  1756   000FFA                     PCLATH          equ	4090	;# 
  1757   000FFB                     PCLATU          equ	4091	;# 
  1758   000FFC                     STKPTR          equ	4092	;# 
  1759   000FFD                     TOS             equ	4093	;# 
  1760   000FFD                     TOSL            equ	4093	;# 
  1761   000FFE                     TOSH            equ	4094	;# 
  1762   000FFF                     TOSU            equ	4095	;# 
  1763   000D60                     RXF6SIDH        equ	3424	;# 
  1764   000D61                     RXF6SIDL        equ	3425	;# 
  1765   000D62                     RXF6EIDH        equ	3426	;# 
  1766   000D63                     RXF6EIDL        equ	3427	;# 
  1767   000D64                     RXF7SIDH        equ	3428	;# 
  1768   000D65                     RXF7SIDL        equ	3429	;# 
  1769   000D66                     RXF7EIDH        equ	3430	;# 
  1770   000D67                     RXF7EIDL        equ	3431	;# 
  1771   000D68                     RXF8SIDH        equ	3432	;# 
  1772   000D69                     RXF8SIDL        equ	3433	;# 
  1773   000D6A                     RXF8EIDH        equ	3434	;# 
  1774   000D6B                     RXF8EIDL        equ	3435	;# 
  1775   000D70                     RXF9SIDH        equ	3440	;# 
  1776   000D71                     RXF9SIDL        equ	3441	;# 
  1777   000D72                     RXF9EIDH        equ	3442	;# 
  1778   000D73                     RXF9EIDL        equ	3443	;# 
  1779   000D74                     RXF10SIDH       equ	3444	;# 
  1780   000D75                     RXF10SIDL       equ	3445	;# 
  1781   000D76                     RXF10EIDH       equ	3446	;# 
  1782   000D77                     RXF10EIDL       equ	3447	;# 
  1783   000D78                     RXF11SIDH       equ	3448	;# 
  1784   000D79                     RXF11SIDL       equ	3449	;# 
  1785   000D7A                     RXF11EIDH       equ	3450	;# 
  1786   000D7B                     RXF11EIDL       equ	3451	;# 
  1787   000D80                     RXF12SIDH       equ	3456	;# 
  1788   000D81                     RXF12SIDL       equ	3457	;# 
  1789   000D82                     RXF12EIDH       equ	3458	;# 
  1790   000D83                     RXF12EIDL       equ	3459	;# 
  1791   000D84                     RXF13SIDH       equ	3460	;# 
  1792   000D85                     RXF13SIDL       equ	3461	;# 
  1793   000D86                     RXF13EIDH       equ	3462	;# 
  1794   000D87                     RXF13EIDL       equ	3463	;# 
  1795   000D88                     RXF14SIDH       equ	3464	;# 
  1796   000D89                     RXF14SIDL       equ	3465	;# 
  1797   000D8A                     RXF14EIDH       equ	3466	;# 
  1798   000D8B                     RXF14EIDL       equ	3467	;# 
  1799   000D90                     RXF15SIDH       equ	3472	;# 
  1800   000D91                     RXF15SIDL       equ	3473	;# 
  1801   000D92                     RXF15EIDH       equ	3474	;# 
  1802   000D93                     RXF15EIDL       equ	3475	;# 
  1803   000DD4                     RXFCON0         equ	3540	;# 
  1804   000DD5                     RXFCON1         equ	3541	;# 
  1805   000DD8                     SDFLC           equ	3544	;# 
  1806   000DE0                     RXFBCON0        equ	3552	;# 
  1807   000DE1                     RXFBCON1        equ	3553	;# 
  1808   000DE2                     RXFBCON2        equ	3554	;# 
  1809   000DE3                     RXFBCON3        equ	3555	;# 
  1810   000DE4                     RXFBCON4        equ	3556	;# 
  1811   000DE5                     RXFBCON5        equ	3557	;# 
  1812   000DE6                     RXFBCON6        equ	3558	;# 
  1813   000DE7                     RXFBCON7        equ	3559	;# 
  1814   000DF0                     MSEL0           equ	3568	;# 
  1815   000DF1                     MSEL1           equ	3569	;# 
  1816   000DF2                     MSEL2           equ	3570	;# 
  1817   000DF3                     MSEL3           equ	3571	;# 
  1818   000DF8                     BSEL0           equ	3576	;# 
  1819   000DFA                     BIE0            equ	3578	;# 
  1820   000DFC                     TXBIE           equ	3580	;# 
  1821   000E20                     B0CON           equ	3616	;# 
  1822   000E21                     B0SIDH          equ	3617	;# 
  1823   000E22                     B0SIDL          equ	3618	;# 
  1824   000E23                     B0EIDH          equ	3619	;# 
  1825   000E24                     B0EIDL          equ	3620	;# 
  1826   000E25                     B0DLC           equ	3621	;# 
  1827   000E26                     B0D0            equ	3622	;# 
  1828   000E27                     B0D1            equ	3623	;# 
  1829   000E28                     B0D2            equ	3624	;# 
  1830   000E29                     B0D3            equ	3625	;# 
  1831   000E2A                     B0D4            equ	3626	;# 
  1832   000E2B                     B0D5            equ	3627	;# 
  1833   000E2C                     B0D6            equ	3628	;# 
  1834   000E2D                     B0D7            equ	3629	;# 
  1835   000E2E                     CANSTAT_RO9     equ	3630	;# 
  1836   000E2F                     CANCON_RO9      equ	3631	;# 
  1837   000E30                     B1CON           equ	3632	;# 
  1838   000E31                     B1SIDH          equ	3633	;# 
  1839   000E32                     B1SIDL          equ	3634	;# 
  1840   000E33                     B1EIDH          equ	3635	;# 
  1841   000E34                     B1EIDL          equ	3636	;# 
  1842   000E35                     B1DLC           equ	3637	;# 
  1843   000E36                     B1D0            equ	3638	;# 
  1844   000E37                     B1D1            equ	3639	;# 
  1845   000E38                     B1D2            equ	3640	;# 
  1846   000E39                     B1D3            equ	3641	;# 
  1847   000E3A                     B1D4            equ	3642	;# 
  1848   000E3B                     B1D5            equ	3643	;# 
  1849   000E3C                     B1D6            equ	3644	;# 
  1850   000E3D                     B1D7            equ	3645	;# 
  1851   000E3E                     CANSTAT_RO8     equ	3646	;# 
  1852   000E3F                     CANCON_RO8      equ	3647	;# 
  1853   000E40                     B2CON           equ	3648	;# 
  1854   000E41                     B2SIDH          equ	3649	;# 
  1855   000E42                     B2SIDL          equ	3650	;# 
  1856   000E43                     B2EIDH          equ	3651	;# 
  1857   000E44                     B2EIDL          equ	3652	;# 
  1858   000E45                     B2DLC           equ	3653	;# 
  1859   000E46                     B2D0            equ	3654	;# 
  1860   000E47                     B2D1            equ	3655	;# 
  1861   000E48                     B2D2            equ	3656	;# 
  1862   000E49                     B2D3            equ	3657	;# 
  1863   000E4A                     B2D4            equ	3658	;# 
  1864   000E4B                     B2D5            equ	3659	;# 
  1865   000E4C                     B2D6            equ	3660	;# 
  1866   000E4D                     B2D7            equ	3661	;# 
  1867   000E4E                     CANSTAT_RO7     equ	3662	;# 
  1868   000E4F                     CANCON_RO7      equ	3663	;# 
  1869   000E50                     B3CON           equ	3664	;# 
  1870   000E51                     B3SIDH          equ	3665	;# 
  1871   000E52                     B3SIDL          equ	3666	;# 
  1872   000E53                     B3EIDH          equ	3667	;# 
  1873   000E54                     B3EIDL          equ	3668	;# 
  1874   000E55                     B3DLC           equ	3669	;# 
  1875   000E56                     B3D0            equ	3670	;# 
  1876   000E57                     B3D1            equ	3671	;# 
  1877   000E58                     B3D2            equ	3672	;# 
  1878   000E59                     B3D3            equ	3673	;# 
  1879   000E5A                     B3D4            equ	3674	;# 
  1880   000E5B                     B3D5            equ	3675	;# 
  1881   000E5C                     B3D6            equ	3676	;# 
  1882   000E5D                     B3D7            equ	3677	;# 
  1883   000E5E                     CANSTAT_RO6     equ	3678	;# 
  1884   000E5F                     CANCON_RO6      equ	3679	;# 
  1885   000E60                     B4CON           equ	3680	;# 
  1886   000E61                     B4SIDH          equ	3681	;# 
  1887   000E62                     B4SIDL          equ	3682	;# 
  1888   000E63                     B4EIDH          equ	3683	;# 
  1889   000E64                     B4EIDL          equ	3684	;# 
  1890   000E65                     B4DLC           equ	3685	;# 
  1891   000E66                     B4D0            equ	3686	;# 
  1892   000E67                     B4D1            equ	3687	;# 
  1893   000E68                     B4D2            equ	3688	;# 
  1894   000E69                     B4D3            equ	3689	;# 
  1895   000E6A                     B4D4            equ	3690	;# 
  1896   000E6B                     B4D5            equ	3691	;# 
  1897   000E6C                     B4D6            equ	3692	;# 
  1898   000E6D                     B4D7            equ	3693	;# 
  1899   000E6E                     CANSTAT_RO5     equ	3694	;# 
  1900   000E6F                     CANCON_RO5      equ	3695	;# 
  1901   000E70                     B5CON           equ	3696	;# 
  1902   000E71                     B5SIDH          equ	3697	;# 
  1903   000E72                     B5SIDL          equ	3698	;# 
  1904   000E73                     B5EIDH          equ	3699	;# 
  1905   000E74                     B5EIDL          equ	3700	;# 
  1906   000E75                     B5DLC           equ	3701	;# 
  1907   000E76                     B5D0            equ	3702	;# 
  1908   000E77                     B5D1            equ	3703	;# 
  1909   000E78                     B5D2            equ	3704	;# 
  1910   000E79                     B5D3            equ	3705	;# 
  1911   000E7A                     B5D4            equ	3706	;# 
  1912   000E7B                     B5D5            equ	3707	;# 
  1913   000E7C                     B5D6            equ	3708	;# 
  1914   000E7D                     B5D7            equ	3709	;# 
  1915   000E7E                     CANSTAT_RO4     equ	3710	;# 
  1916   000E7F                     CANCON_RO4      equ	3711	;# 
  1917   000F00                     RXF0SIDH        equ	3840	;# 
  1918   000F01                     RXF0SIDL        equ	3841	;# 
  1919   000F02                     RXF0EIDH        equ	3842	;# 
  1920   000F03                     RXF0EIDL        equ	3843	;# 
  1921   000F04                     RXF1SIDH        equ	3844	;# 
  1922   000F05                     RXF1SIDL        equ	3845	;# 
  1923   000F06                     RXF1EIDH        equ	3846	;# 
  1924   000F07                     RXF1EIDL        equ	3847	;# 
  1925   000F08                     RXF2SIDH        equ	3848	;# 
  1926   000F09                     RXF2SIDL        equ	3849	;# 
  1927   000F0A                     RXF2EIDH        equ	3850	;# 
  1928   000F0B                     RXF2EIDL        equ	3851	;# 
  1929   000F0C                     RXF3SIDH        equ	3852	;# 
  1930   000F0D                     RXF3SIDL        equ	3853	;# 
  1931   000F0E                     RXF3EIDH        equ	3854	;# 
  1932   000F0F                     RXF3EIDL        equ	3855	;# 
  1933   000F10                     RXF4SIDH        equ	3856	;# 
  1934   000F11                     RXF4SIDL        equ	3857	;# 
  1935   000F12                     RXF4EIDH        equ	3858	;# 
  1936   000F13                     RXF4EIDL        equ	3859	;# 
  1937   000F14                     RXF5SIDH        equ	3860	;# 
  1938   000F15                     RXF5SIDL        equ	3861	;# 
  1939   000F16                     RXF5EIDH        equ	3862	;# 
  1940   000F17                     RXF5EIDL        equ	3863	;# 
  1941   000F18                     RXM0SIDH        equ	3864	;# 
  1942   000F19                     RXM0SIDL        equ	3865	;# 
  1943   000F1A                     RXM0EIDH        equ	3866	;# 
  1944   000F1B                     RXM0EIDL        equ	3867	;# 
  1945   000F1C                     RXM1SIDH        equ	3868	;# 
  1946   000F1D                     RXM1SIDL        equ	3869	;# 
  1947   000F1E                     RXM1EIDH        equ	3870	;# 
  1948   000F1F                     RXM1EIDL        equ	3871	;# 
  1949   000F20                     TXB2CON         equ	3872	;# 
  1950   000F21                     TXB2SIDH        equ	3873	;# 
  1951   000F22                     TXB2SIDL        equ	3874	;# 
  1952   000F23                     TXB2EIDH        equ	3875	;# 
  1953   000F24                     TXB2EIDL        equ	3876	;# 
  1954   000F25                     TXB2DLC         equ	3877	;# 
  1955   000F26                     TXB2D0          equ	3878	;# 
  1956   000F27                     TXB2D1          equ	3879	;# 
  1957   000F28                     TXB2D2          equ	3880	;# 
  1958   000F29                     TXB2D3          equ	3881	;# 
  1959   000F2A                     TXB2D4          equ	3882	;# 
  1960   000F2B                     TXB2D5          equ	3883	;# 
  1961   000F2C                     TXB2D6          equ	3884	;# 
  1962   000F2D                     TXB2D7          equ	3885	;# 
  1963   000F2E                     CANSTAT_RO3     equ	3886	;# 
  1964   000F2F                     CANCON_RO3      equ	3887	;# 
  1965   000F30                     TXB1CON         equ	3888	;# 
  1966   000F31                     TXB1SIDH        equ	3889	;# 
  1967   000F32                     TXB1SIDL        equ	3890	;# 
  1968   000F33                     TXB1EIDH        equ	3891	;# 
  1969   000F34                     TXB1EIDL        equ	3892	;# 
  1970   000F35                     TXB1DLC         equ	3893	;# 
  1971   000F36                     TXB1D0          equ	3894	;# 
  1972   000F37                     TXB1D1          equ	3895	;# 
  1973   000F38                     TXB1D2          equ	3896	;# 
  1974   000F39                     TXB1D3          equ	3897	;# 
  1975   000F3A                     TXB1D4          equ	3898	;# 
  1976   000F3B                     TXB1D5          equ	3899	;# 
  1977   000F3C                     TXB1D6          equ	3900	;# 
  1978   000F3D                     TXB1D7          equ	3901	;# 
  1979   000F3E                     CANSTAT_RO2     equ	3902	;# 
  1980   000F3F                     CANCON_RO2      equ	3903	;# 
  1981   000F40                     TXB0CON         equ	3904	;# 
  1982   000F41                     TXB0SIDH        equ	3905	;# 
  1983   000F42                     TXB0SIDL        equ	3906	;# 
  1984   000F43                     TXB0EIDH        equ	3907	;# 
  1985   000F44                     TXB0EIDL        equ	3908	;# 
  1986   000F45                     TXB0DLC         equ	3909	;# 
  1987   000F46                     TXB0D0          equ	3910	;# 
  1988   000F47                     TXB0D1          equ	3911	;# 
  1989   000F48                     TXB0D2          equ	3912	;# 
  1990   000F49                     TXB0D3          equ	3913	;# 
  1991   000F4A                     TXB0D4          equ	3914	;# 
  1992   000F4B                     TXB0D5          equ	3915	;# 
  1993   000F4C                     TXB0D6          equ	3916	;# 
  1994   000F4D                     TXB0D7          equ	3917	;# 
  1995   000F4E                     CANSTAT_RO1     equ	3918	;# 
  1996   000F4F                     CANCON_RO1      equ	3919	;# 
  1997   000F50                     RXB1CON         equ	3920	;# 
  1998   000F51                     RXB1SIDH        equ	3921	;# 
  1999   000F52                     RXB1SIDL        equ	3922	;# 
  2000   000F53                     RXB1EIDH        equ	3923	;# 
  2001   000F54                     RXB1EIDL        equ	3924	;# 
  2002   000F55                     RXB1DLC         equ	3925	;# 
  2003   000F56                     RXB1D0          equ	3926	;# 
  2004   000F57                     RXB1D1          equ	3927	;# 
  2005   000F58                     RXB1D2          equ	3928	;# 
  2006   000F59                     RXB1D3          equ	3929	;# 
  2007   000F5A                     RXB1D4          equ	3930	;# 
  2008   000F5B                     RXB1D5          equ	3931	;# 
  2009   000F5C                     RXB1D6          equ	3932	;# 
  2010   000F5D                     RXB1D7          equ	3933	;# 
  2011   000F5E                     CANSTAT_RO0     equ	3934	;# 
  2012   000F5F                     CANCON_RO0      equ	3935	;# 
  2013   000F60                     RXB0CON         equ	3936	;# 
  2014   000F61                     RXB0SIDH        equ	3937	;# 
  2015   000F62                     RXB0SIDL        equ	3938	;# 
  2016   000F63                     RXB0EIDH        equ	3939	;# 
  2017   000F64                     RXB0EIDL        equ	3940	;# 
  2018   000F65                     RXB0DLC         equ	3941	;# 
  2019   000F66                     RXB0D0          equ	3942	;# 
  2020   000F67                     RXB0D1          equ	3943	;# 
  2021   000F68                     RXB0D2          equ	3944	;# 
  2022   000F69                     RXB0D3          equ	3945	;# 
  2023   000F6A                     RXB0D4          equ	3946	;# 
  2024   000F6B                     RXB0D5          equ	3947	;# 
  2025   000F6C                     RXB0D6          equ	3948	;# 
  2026   000F6D                     RXB0D7          equ	3949	;# 
  2027   000F6E                     CANSTAT         equ	3950	;# 
  2028   000F6F                     CANCON          equ	3951	;# 
  2029   000F70                     BRGCON1         equ	3952	;# 
  2030   000F71                     BRGCON2         equ	3953	;# 
  2031   000F72                     BRGCON3         equ	3954	;# 
  2032   000F73                     CIOCON          equ	3955	;# 
  2033   000F74                     COMSTAT         equ	3956	;# 
  2034   000F75                     RXERRCNT        equ	3957	;# 
  2035   000F76                     TXERRCNT        equ	3958	;# 
  2036   000F77                     ECANCON         equ	3959	;# 
  2037   000F80                     PORTA           equ	3968	;# 
  2038   000F81                     PORTB           equ	3969	;# 
  2039   000F82                     PORTC           equ	3970	;# 
  2040   000F83                     PORTD           equ	3971	;# 
  2041   000F84                     PORTE           equ	3972	;# 
  2042   000F89                     LATA            equ	3977	;# 
  2043   000F8A                     LATB            equ	3978	;# 
  2044   000F8B                     LATC            equ	3979	;# 
  2045   000F8C                     LATD            equ	3980	;# 
  2046   000F8D                     LATE            equ	3981	;# 
  2047   000F92                     TRISA           equ	3986	;# 
  2048   000F92                     DDRA            equ	3986	;# 
  2049   000F93                     TRISB           equ	3987	;# 
  2050   000F93                     DDRB            equ	3987	;# 
  2051   000F94                     TRISC           equ	3988	;# 
  2052   000F94                     DDRC            equ	3988	;# 
  2053   000F95                     TRISD           equ	3989	;# 
  2054   000F95                     DDRD            equ	3989	;# 
  2055   000F96                     TRISE           equ	3990	;# 
  2056   000F96                     DDRE            equ	3990	;# 
  2057   000F9B                     OSCTUNE         equ	3995	;# 
  2058   000F9D                     PIE1            equ	3997	;# 
  2059   000F9E                     PIR1            equ	3998	;# 
  2060   000F9F                     IPR1            equ	3999	;# 
  2061   000FA0                     PIE2            equ	4000	;# 
  2062   000FA1                     PIR2            equ	4001	;# 
  2063   000FA2                     IPR2            equ	4002	;# 
  2064   000FA3                     PIE3            equ	4003	;# 
  2065   000FA4                     PIR3            equ	4004	;# 
  2066   000FA5                     IPR3            equ	4005	;# 
  2067   000FA6                     EECON1          equ	4006	;# 
  2068   000FA7                     EECON2          equ	4007	;# 
  2069   000FA8                     EEDATA          equ	4008	;# 
  2070   000FA9                     EEADR           equ	4009	;# 
  2071   000FAB                     RCSTA           equ	4011	;# 
  2072   000FAB                     RCSTA1          equ	4011	;# 
  2073   000FAC                     TXSTA           equ	4012	;# 
  2074   000FAC                     TXSTA1          equ	4012	;# 
  2075   000FAD                     TXREG           equ	4013	;# 
  2076   000FAD                     TXREG1          equ	4013	;# 
  2077   000FAE                     RCREG           equ	4014	;# 
  2078   000FAE                     RCREG1          equ	4014	;# 
  2079   000FAF                     SPBRG           equ	4015	;# 
  2080   000FAF                     SPBRG1          equ	4015	;# 
  2081   000FB0                     SPBRGH          equ	4016	;# 
  2082   000FB1                     T3CON           equ	4017	;# 
  2083   000FB2                     TMR3            equ	4018	;# 
  2084   000FB2                     TMR3L           equ	4018	;# 
  2085   000FB3                     TMR3H           equ	4019	;# 
  2086   000FB4                     CMCON           equ	4020	;# 
  2087   000FB5                     CVRCON          equ	4021	;# 
  2088   000FB6                     ECCP1AS         equ	4022	;# 
  2089   000FB7                     ECCP1DEL        equ	4023	;# 
  2090   000FB8                     BAUDCON         equ	4024	;# 
  2091   000FB8                     BAUDCTL         equ	4024	;# 
  2092   000FBA                     ECCP1CON        equ	4026	;# 
  2093   000FBB                     ECCPR1          equ	4027	;# 
  2094   000FBB                     ECCPR1L         equ	4027	;# 
  2095   000FBC                     ECCPR1H         equ	4028	;# 
  2096   000FBD                     CCP1CON         equ	4029	;# 
  2097   000FBE                     CCPR1           equ	4030	;# 
  2098   000FBE                     CCPR1L          equ	4030	;# 
  2099   000FBF                     CCPR1H          equ	4031	;# 
  2100   000FC0                     ADCON2          equ	4032	;# 
  2101   000FC1                     ADCON1          equ	4033	;# 
  2102   000FC2                     ADCON0          equ	4034	;# 
  2103   000FC3                     ADRES           equ	4035	;# 
  2104   000FC3                     ADRESL          equ	4035	;# 
  2105   000FC4                     ADRESH          equ	4036	;# 
  2106   000FC5                     SSPCON2         equ	4037	;# 
  2107   000FC6                     SSPCON1         equ	4038	;# 
  2108   000FC7                     SSPSTAT         equ	4039	;# 
  2109   000FC8                     SSPADD          equ	4040	;# 
  2110   000FC9                     SSPBUF          equ	4041	;# 
  2111   000FCA                     T2CON           equ	4042	;# 
  2112   000FCB                     PR2             equ	4043	;# 
  2113   000FCB                     MEMCON          equ	4043	;# 
  2114   000FCC                     TMR2            equ	4044	;# 
  2115   000FCD                     T1CON           equ	4045	;# 
  2116   000FCE                     TMR1            equ	4046	;# 
  2117   000FCE                     TMR1L           equ	4046	;# 
  2118   000FCF                     TMR1H           equ	4047	;# 
  2119   000FD0                     RCON            equ	4048	;# 
  2120   000FD1                     WDTCON          equ	4049	;# 
  2121   000FD2                     HLVDCON         equ	4050	;# 
  2122   000FD2                     LVDCON          equ	4050	;# 
  2123   000FD3                     OSCCON          equ	4051	;# 
  2124   000FD5                     T0CON           equ	4053	;# 
  2125   000FD6                     TMR0            equ	4054	;# 
  2126   000FD6                     TMR0L           equ	4054	;# 
  2127   000FD7                     TMR0H           equ	4055	;# 
  2128   000FD8                     STATUS          equ	4056	;# 
  2129   000FD9                     FSR2            equ	4057	;# 
  2130   000FD9                     FSR2L           equ	4057	;# 
  2131   000FDA                     FSR2H           equ	4058	;# 
  2132   000FDB                     PLUSW2          equ	4059	;# 
  2133   000FDC                     PREINC2         equ	4060	;# 
  2134   000FDD                     POSTDEC2        equ	4061	;# 
  2135   000FDE                     POSTINC2        equ	4062	;# 
  2136   000FDF                     INDF2           equ	4063	;# 
  2137   000FE0                     BSR             equ	4064	;# 
  2138   000FE1                     FSR1            equ	4065	;# 
  2139   000FE1                     FSR1L           equ	4065	;# 
  2140   000FE2                     FSR1H           equ	4066	;# 
  2141   000FE3                     PLUSW1          equ	4067	;# 
  2142   000FE4                     PREINC1         equ	4068	;# 
  2143   000FE5                     POSTDEC1        equ	4069	;# 
  2144   000FE6                     POSTINC1        equ	4070	;# 
  2145   000FE7                     INDF1           equ	4071	;# 
  2146   000FE8                     WREG            equ	4072	;# 
  2147   000FE9                     FSR0            equ	4073	;# 
  2148   000FE9                     FSR0L           equ	4073	;# 
  2149   000FEA                     FSR0H           equ	4074	;# 
  2150   000FEB                     PLUSW0          equ	4075	;# 
  2151   000FEC                     PREINC0         equ	4076	;# 
  2152   000FED                     POSTDEC0        equ	4077	;# 
  2153   000FEE                     POSTINC0        equ	4078	;# 
  2154   000FEF                     INDF0           equ	4079	;# 
  2155   000FF0                     INTCON3         equ	4080	;# 
  2156   000FF1                     INTCON2         equ	4081	;# 
  2157   000FF2                     INTCON          equ	4082	;# 
  2158   000FF3                     PROD            equ	4083	;# 
  2159   000FF3                     PRODL           equ	4083	;# 
  2160   000FF4                     PRODH           equ	4084	;# 
  2161   000FF5                     TABLAT          equ	4085	;# 
  2162   000FF6                     TBLPTR          equ	4086	;# 
  2163   000FF6                     TBLPTRL         equ	4086	;# 
  2164   000FF7                     TBLPTRH         equ	4087	;# 
  2165   000FF8                     TBLPTRU         equ	4088	;# 
  2166   000FF9                     PCLAT           equ	4089	;# 
  2167   000FF9                     PC              equ	4089	;# 
  2168   000FF9                     PCL             equ	4089	;# 
  2169   000FFA                     PCLATH          equ	4090	;# 
  2170   000FFB                     PCLATU          equ	4091	;# 
  2171   000FFC                     STKPTR          equ	4092	;# 
  2172   000FFD                     TOS             equ	4093	;# 
  2173   000FFD                     TOSL            equ	4093	;# 
  2174   000FFE                     TOSH            equ	4094	;# 
  2175   000FFF                     TOSU            equ	4095	;# 
  2176   000D60                     RXF6SIDH        equ	3424	;# 
  2177   000D61                     RXF6SIDL        equ	3425	;# 
  2178   000D62                     RXF6EIDH        equ	3426	;# 
  2179   000D63                     RXF6EIDL        equ	3427	;# 
  2180   000D64                     RXF7SIDH        equ	3428	;# 
  2181   000D65                     RXF7SIDL        equ	3429	;# 
  2182   000D66                     RXF7EIDH        equ	3430	;# 
  2183   000D67                     RXF7EIDL        equ	3431	;# 
  2184   000D68                     RXF8SIDH        equ	3432	;# 
  2185   000D69                     RXF8SIDL        equ	3433	;# 
  2186   000D6A                     RXF8EIDH        equ	3434	;# 
  2187   000D6B                     RXF8EIDL        equ	3435	;# 
  2188   000D70                     RXF9SIDH        equ	3440	;# 
  2189   000D71                     RXF9SIDL        equ	3441	;# 
  2190   000D72                     RXF9EIDH        equ	3442	;# 
  2191   000D73                     RXF9EIDL        equ	3443	;# 
  2192   000D74                     RXF10SIDH       equ	3444	;# 
  2193   000D75                     RXF10SIDL       equ	3445	;# 
  2194   000D76                     RXF10EIDH       equ	3446	;# 
  2195   000D77                     RXF10EIDL       equ	3447	;# 
  2196   000D78                     RXF11SIDH       equ	3448	;# 
  2197   000D79                     RXF11SIDL       equ	3449	;# 
  2198   000D7A                     RXF11EIDH       equ	3450	;# 
  2199   000D7B                     RXF11EIDL       equ	3451	;# 
  2200   000D80                     RXF12SIDH       equ	3456	;# 
  2201   000D81                     RXF12SIDL       equ	3457	;# 
  2202   000D82                     RXF12EIDH       equ	3458	;# 
  2203   000D83                     RXF12EIDL       equ	3459	;# 
  2204   000D84                     RXF13SIDH       equ	3460	;# 
  2205   000D85                     RXF13SIDL       equ	3461	;# 
  2206   000D86                     RXF13EIDH       equ	3462	;# 
  2207   000D87                     RXF13EIDL       equ	3463	;# 
  2208   000D88                     RXF14SIDH       equ	3464	;# 
  2209   000D89                     RXF14SIDL       equ	3465	;# 
  2210   000D8A                     RXF14EIDH       equ	3466	;# 
  2211   000D8B                     RXF14EIDL       equ	3467	;# 
  2212   000D90                     RXF15SIDH       equ	3472	;# 
  2213   000D91                     RXF15SIDL       equ	3473	;# 
  2214   000D92                     RXF15EIDH       equ	3474	;# 
  2215   000D93                     RXF15EIDL       equ	3475	;# 
  2216   000DD4                     RXFCON0         equ	3540	;# 
  2217   000DD5                     RXFCON1         equ	3541	;# 
  2218   000DD8                     SDFLC           equ	3544	;# 
  2219   000DE0                     RXFBCON0        equ	3552	;# 
  2220   000DE1                     RXFBCON1        equ	3553	;# 
  2221   000DE2                     RXFBCON2        equ	3554	;# 
  2222   000DE3                     RXFBCON3        equ	3555	;# 
  2223   000DE4                     RXFBCON4        equ	3556	;# 
  2224   000DE5                     RXFBCON5        equ	3557	;# 
  2225   000DE6                     RXFBCON6        equ	3558	;# 
  2226   000DE7                     RXFBCON7        equ	3559	;# 
  2227   000DF0                     MSEL0           equ	3568	;# 
  2228   000DF1                     MSEL1           equ	3569	;# 
  2229   000DF2                     MSEL2           equ	3570	;# 
  2230   000DF3                     MSEL3           equ	3571	;# 
  2231   000DF8                     BSEL0           equ	3576	;# 
  2232   000DFA                     BIE0            equ	3578	;# 
  2233   000DFC                     TXBIE           equ	3580	;# 
  2234   000E20                     B0CON           equ	3616	;# 
  2235   000E21                     B0SIDH          equ	3617	;# 
  2236   000E22                     B0SIDL          equ	3618	;# 
  2237   000E23                     B0EIDH          equ	3619	;# 
  2238   000E24                     B0EIDL          equ	3620	;# 
  2239   000E25                     B0DLC           equ	3621	;# 
  2240   000E26                     B0D0            equ	3622	;# 
  2241   000E27                     B0D1            equ	3623	;# 
  2242   000E28                     B0D2            equ	3624	;# 
  2243   000E29                     B0D3            equ	3625	;# 
  2244   000E2A                     B0D4            equ	3626	;# 
  2245   000E2B                     B0D5            equ	3627	;# 
  2246   000E2C                     B0D6            equ	3628	;# 
  2247   000E2D                     B0D7            equ	3629	;# 
  2248   000E2E                     CANSTAT_RO9     equ	3630	;# 
  2249   000E2F                     CANCON_RO9      equ	3631	;# 
  2250   000E30                     B1CON           equ	3632	;# 
  2251   000E31                     B1SIDH          equ	3633	;# 
  2252   000E32                     B1SIDL          equ	3634	;# 
  2253   000E33                     B1EIDH          equ	3635	;# 
  2254   000E34                     B1EIDL          equ	3636	;# 
  2255   000E35                     B1DLC           equ	3637	;# 
  2256   000E36                     B1D0            equ	3638	;# 
  2257   000E37                     B1D1            equ	3639	;# 
  2258   000E38                     B1D2            equ	3640	;# 
  2259   000E39                     B1D3            equ	3641	;# 
  2260   000E3A                     B1D4            equ	3642	;# 
  2261   000E3B                     B1D5            equ	3643	;# 
  2262   000E3C                     B1D6            equ	3644	;# 
  2263   000E3D                     B1D7            equ	3645	;# 
  2264   000E3E                     CANSTAT_RO8     equ	3646	;# 
  2265   000E3F                     CANCON_RO8      equ	3647	;# 
  2266   000E40                     B2CON           equ	3648	;# 
  2267   000E41                     B2SIDH          equ	3649	;# 
  2268   000E42                     B2SIDL          equ	3650	;# 
  2269   000E43                     B2EIDH          equ	3651	;# 
  2270   000E44                     B2EIDL          equ	3652	;# 
  2271   000E45                     B2DLC           equ	3653	;# 
  2272   000E46                     B2D0            equ	3654	;# 
  2273   000E47                     B2D1            equ	3655	;# 
  2274   000E48                     B2D2            equ	3656	;# 
  2275   000E49                     B2D3            equ	3657	;# 
  2276   000E4A                     B2D4            equ	3658	;# 
  2277   000E4B                     B2D5            equ	3659	;# 
  2278   000E4C                     B2D6            equ	3660	;# 
  2279   000E4D                     B2D7            equ	3661	;# 
  2280   000E4E                     CANSTAT_RO7     equ	3662	;# 
  2281   000E4F                     CANCON_RO7      equ	3663	;# 
  2282   000E50                     B3CON           equ	3664	;# 
  2283   000E51                     B3SIDH          equ	3665	;# 
  2284   000E52                     B3SIDL          equ	3666	;# 
  2285   000E53                     B3EIDH          equ	3667	;# 
  2286   000E54                     B3EIDL          equ	3668	;# 
  2287   000E55                     B3DLC           equ	3669	;# 
  2288   000E56                     B3D0            equ	3670	;# 
  2289   000E57                     B3D1            equ	3671	;# 
  2290   000E58                     B3D2            equ	3672	;# 
  2291   000E59                     B3D3            equ	3673	;# 
  2292   000E5A                     B3D4            equ	3674	;# 
  2293   000E5B                     B3D5            equ	3675	;# 
  2294   000E5C                     B3D6            equ	3676	;# 
  2295   000E5D                     B3D7            equ	3677	;# 
  2296   000E5E                     CANSTAT_RO6     equ	3678	;# 
  2297   000E5F                     CANCON_RO6      equ	3679	;# 
  2298   000E60                     B4CON           equ	3680	;# 
  2299   000E61                     B4SIDH          equ	3681	;# 
  2300   000E62                     B4SIDL          equ	3682	;# 
  2301   000E63                     B4EIDH          equ	3683	;# 
  2302   000E64                     B4EIDL          equ	3684	;# 
  2303   000E65                     B4DLC           equ	3685	;# 
  2304   000E66                     B4D0            equ	3686	;# 
  2305   000E67                     B4D1            equ	3687	;# 
  2306   000E68                     B4D2            equ	3688	;# 
  2307   000E69                     B4D3            equ	3689	;# 
  2308   000E6A                     B4D4            equ	3690	;# 
  2309   000E6B                     B4D5            equ	3691	;# 
  2310   000E6C                     B4D6            equ	3692	;# 
  2311   000E6D                     B4D7            equ	3693	;# 
  2312   000E6E                     CANSTAT_RO5     equ	3694	;# 
  2313   000E6F                     CANCON_RO5      equ	3695	;# 
  2314   000E70                     B5CON           equ	3696	;# 
  2315   000E71                     B5SIDH          equ	3697	;# 
  2316   000E72                     B5SIDL          equ	3698	;# 
  2317   000E73                     B5EIDH          equ	3699	;# 
  2318   000E74                     B5EIDL          equ	3700	;# 
  2319   000E75                     B5DLC           equ	3701	;# 
  2320   000E76                     B5D0            equ	3702	;# 
  2321   000E77                     B5D1            equ	3703	;# 
  2322   000E78                     B5D2            equ	3704	;# 
  2323   000E79                     B5D3            equ	3705	;# 
  2324   000E7A                     B5D4            equ	3706	;# 
  2325   000E7B                     B5D5            equ	3707	;# 
  2326   000E7C                     B5D6            equ	3708	;# 
  2327   000E7D                     B5D7            equ	3709	;# 
  2328   000E7E                     CANSTAT_RO4     equ	3710	;# 
  2329   000E7F                     CANCON_RO4      equ	3711	;# 
  2330   000F00                     RXF0SIDH        equ	3840	;# 
  2331   000F01                     RXF0SIDL        equ	3841	;# 
  2332   000F02                     RXF0EIDH        equ	3842	;# 
  2333   000F03                     RXF0EIDL        equ	3843	;# 
  2334   000F04                     RXF1SIDH        equ	3844	;# 
  2335   000F05                     RXF1SIDL        equ	3845	;# 
  2336   000F06                     RXF1EIDH        equ	3846	;# 
  2337   000F07                     RXF1EIDL        equ	3847	;# 
  2338   000F08                     RXF2SIDH        equ	3848	;# 
  2339   000F09                     RXF2SIDL        equ	3849	;# 
  2340   000F0A                     RXF2EIDH        equ	3850	;# 
  2341   000F0B                     RXF2EIDL        equ	3851	;# 
  2342   000F0C                     RXF3SIDH        equ	3852	;# 
  2343   000F0D                     RXF3SIDL        equ	3853	;# 
  2344   000F0E                     RXF3EIDH        equ	3854	;# 
  2345   000F0F                     RXF3EIDL        equ	3855	;# 
  2346   000F10                     RXF4SIDH        equ	3856	;# 
  2347   000F11                     RXF4SIDL        equ	3857	;# 
  2348   000F12                     RXF4EIDH        equ	3858	;# 
  2349   000F13                     RXF4EIDL        equ	3859	;# 
  2350   000F14                     RXF5SIDH        equ	3860	;# 
  2351   000F15                     RXF5SIDL        equ	3861	;# 
  2352   000F16                     RXF5EIDH        equ	3862	;# 
  2353   000F17                     RXF5EIDL        equ	3863	;# 
  2354   000F18                     RXM0SIDH        equ	3864	;# 
  2355   000F19                     RXM0SIDL        equ	3865	;# 
  2356   000F1A                     RXM0EIDH        equ	3866	;# 
  2357   000F1B                     RXM0EIDL        equ	3867	;# 
  2358   000F1C                     RXM1SIDH        equ	3868	;# 
  2359   000F1D                     RXM1SIDL        equ	3869	;# 
  2360   000F1E                     RXM1EIDH        equ	3870	;# 
  2361   000F1F                     RXM1EIDL        equ	3871	;# 
  2362   000F20                     TXB2CON         equ	3872	;# 
  2363   000F21                     TXB2SIDH        equ	3873	;# 
  2364   000F22                     TXB2SIDL        equ	3874	;# 
  2365   000F23                     TXB2EIDH        equ	3875	;# 
  2366   000F24                     TXB2EIDL        equ	3876	;# 
  2367   000F25                     TXB2DLC         equ	3877	;# 
  2368   000F26                     TXB2D0          equ	3878	;# 
  2369   000F27                     TXB2D1          equ	3879	;# 
  2370   000F28                     TXB2D2          equ	3880	;# 
  2371   000F29                     TXB2D3          equ	3881	;# 
  2372   000F2A                     TXB2D4          equ	3882	;# 
  2373   000F2B                     TXB2D5          equ	3883	;# 
  2374   000F2C                     TXB2D6          equ	3884	;# 
  2375   000F2D                     TXB2D7          equ	3885	;# 
  2376   000F2E                     CANSTAT_RO3     equ	3886	;# 
  2377   000F2F                     CANCON_RO3      equ	3887	;# 
  2378   000F30                     TXB1CON         equ	3888	;# 
  2379   000F31                     TXB1SIDH        equ	3889	;# 
  2380   000F32                     TXB1SIDL        equ	3890	;# 
  2381   000F33                     TXB1EIDH        equ	3891	;# 
  2382   000F34                     TXB1EIDL        equ	3892	;# 
  2383   000F35                     TXB1DLC         equ	3893	;# 
  2384   000F36                     TXB1D0          equ	3894	;# 
  2385   000F37                     TXB1D1          equ	3895	;# 
  2386   000F38                     TXB1D2          equ	3896	;# 
  2387   000F39                     TXB1D3          equ	3897	;# 
  2388   000F3A                     TXB1D4          equ	3898	;# 
  2389   000F3B                     TXB1D5          equ	3899	;# 
  2390   000F3C                     TXB1D6          equ	3900	;# 
  2391   000F3D                     TXB1D7          equ	3901	;# 
  2392   000F3E                     CANSTAT_RO2     equ	3902	;# 
  2393   000F3F                     CANCON_RO2      equ	3903	;# 
  2394   000F40                     TXB0CON         equ	3904	;# 
  2395   000F41                     TXB0SIDH        equ	3905	;# 
  2396   000F42                     TXB0SIDL        equ	3906	;# 
  2397   000F43                     TXB0EIDH        equ	3907	;# 
  2398   000F44                     TXB0EIDL        equ	3908	;# 
  2399   000F45                     TXB0DLC         equ	3909	;# 
  2400   000F46                     TXB0D0          equ	3910	;# 
  2401   000F47                     TXB0D1          equ	3911	;# 
  2402   000F48                     TXB0D2          equ	3912	;# 
  2403   000F49                     TXB0D3          equ	3913	;# 
  2404   000F4A                     TXB0D4          equ	3914	;# 
  2405   000F4B                     TXB0D5          equ	3915	;# 
  2406   000F4C                     TXB0D6          equ	3916	;# 
  2407   000F4D                     TXB0D7          equ	3917	;# 
  2408   000F4E                     CANSTAT_RO1     equ	3918	;# 
  2409   000F4F                     CANCON_RO1      equ	3919	;# 
  2410   000F50                     RXB1CON         equ	3920	;# 
  2411   000F51                     RXB1SIDH        equ	3921	;# 
  2412   000F52                     RXB1SIDL        equ	3922	;# 
  2413   000F53                     RXB1EIDH        equ	3923	;# 
  2414   000F54                     RXB1EIDL        equ	3924	;# 
  2415   000F55                     RXB1DLC         equ	3925	;# 
  2416   000F56                     RXB1D0          equ	3926	;# 
  2417   000F57                     RXB1D1          equ	3927	;# 
  2418   000F58                     RXB1D2          equ	3928	;# 
  2419   000F59                     RXB1D3          equ	3929	;# 
  2420   000F5A                     RXB1D4          equ	3930	;# 
  2421   000F5B                     RXB1D5          equ	3931	;# 
  2422   000F5C                     RXB1D6          equ	3932	;# 
  2423   000F5D                     RXB1D7          equ	3933	;# 
  2424   000F5E                     CANSTAT_RO0     equ	3934	;# 
  2425   000F5F                     CANCON_RO0      equ	3935	;# 
  2426   000F60                     RXB0CON         equ	3936	;# 
  2427   000F61                     RXB0SIDH        equ	3937	;# 
  2428   000F62                     RXB0SIDL        equ	3938	;# 
  2429   000F63                     RXB0EIDH        equ	3939	;# 
  2430   000F64                     RXB0EIDL        equ	3940	;# 
  2431   000F65                     RXB0DLC         equ	3941	;# 
  2432   000F66                     RXB0D0          equ	3942	;# 
  2433   000F67                     RXB0D1          equ	3943	;# 
  2434   000F68                     RXB0D2          equ	3944	;# 
  2435   000F69                     RXB0D3          equ	3945	;# 
  2436   000F6A                     RXB0D4          equ	3946	;# 
  2437   000F6B                     RXB0D5          equ	3947	;# 
  2438   000F6C                     RXB0D6          equ	3948	;# 
  2439   000F6D                     RXB0D7          equ	3949	;# 
  2440   000F6E                     CANSTAT         equ	3950	;# 
  2441   000F6F                     CANCON          equ	3951	;# 
  2442   000F70                     BRGCON1         equ	3952	;# 
  2443   000F71                     BRGCON2         equ	3953	;# 
  2444   000F72                     BRGCON3         equ	3954	;# 
  2445   000F73                     CIOCON          equ	3955	;# 
  2446   000F74                     COMSTAT         equ	3956	;# 
  2447   000F75                     RXERRCNT        equ	3957	;# 
  2448   000F76                     TXERRCNT        equ	3958	;# 
  2449   000F77                     ECANCON         equ	3959	;# 
  2450   000F80                     PORTA           equ	3968	;# 
  2451   000F81                     PORTB           equ	3969	;# 
  2452   000F82                     PORTC           equ	3970	;# 
  2453   000F83                     PORTD           equ	3971	;# 
  2454   000F84                     PORTE           equ	3972	;# 
  2455   000F89                     LATA            equ	3977	;# 
  2456   000F8A                     LATB            equ	3978	;# 
  2457   000F8B                     LATC            equ	3979	;# 
  2458   000F8C                     LATD            equ	3980	;# 
  2459   000F8D                     LATE            equ	3981	;# 
  2460   000F92                     TRISA           equ	3986	;# 
  2461   000F92                     DDRA            equ	3986	;# 
  2462   000F93                     TRISB           equ	3987	;# 
  2463   000F93                     DDRB            equ	3987	;# 
  2464   000F94                     TRISC           equ	3988	;# 
  2465   000F94                     DDRC            equ	3988	;# 
  2466   000F95                     TRISD           equ	3989	;# 
  2467   000F95                     DDRD            equ	3989	;# 
  2468   000F96                     TRISE           equ	3990	;# 
  2469   000F96                     DDRE            equ	3990	;# 
  2470   000F9B                     OSCTUNE         equ	3995	;# 
  2471   000F9D                     PIE1            equ	3997	;# 
  2472   000F9E                     PIR1            equ	3998	;# 
  2473   000F9F                     IPR1            equ	3999	;# 
  2474   000FA0                     PIE2            equ	4000	;# 
  2475   000FA1                     PIR2            equ	4001	;# 
  2476   000FA2                     IPR2            equ	4002	;# 
  2477   000FA3                     PIE3            equ	4003	;# 
  2478   000FA4                     PIR3            equ	4004	;# 
  2479   000FA5                     IPR3            equ	4005	;# 
  2480   000FA6                     EECON1          equ	4006	;# 
  2481   000FA7                     EECON2          equ	4007	;# 
  2482   000FA8                     EEDATA          equ	4008	;# 
  2483   000FA9                     EEADR           equ	4009	;# 
  2484   000FAB                     RCSTA           equ	4011	;# 
  2485   000FAB                     RCSTA1          equ	4011	;# 
  2486   000FAC                     TXSTA           equ	4012	;# 
  2487   000FAC                     TXSTA1          equ	4012	;# 
  2488   000FAD                     TXREG           equ	4013	;# 
  2489   000FAD                     TXREG1          equ	4013	;# 
  2490   000FAE                     RCREG           equ	4014	;# 
  2491   000FAE                     RCREG1          equ	4014	;# 
  2492   000FAF                     SPBRG           equ	4015	;# 
  2493   000FAF                     SPBRG1          equ	4015	;# 
  2494   000FB0                     SPBRGH          equ	4016	;# 
  2495   000FB1                     T3CON           equ	4017	;# 
  2496   000FB2                     TMR3            equ	4018	;# 
  2497   000FB2                     TMR3L           equ	4018	;# 
  2498   000FB3                     TMR3H           equ	4019	;# 
  2499   000FB4                     CMCON           equ	4020	;# 
  2500   000FB5                     CVRCON          equ	4021	;# 
  2501   000FB6                     ECCP1AS         equ	4022	;# 
  2502   000FB7                     ECCP1DEL        equ	4023	;# 
  2503   000FB8                     BAUDCON         equ	4024	;# 
  2504   000FB8                     BAUDCTL         equ	4024	;# 
  2505   000FBA                     ECCP1CON        equ	4026	;# 
  2506   000FBB                     ECCPR1          equ	4027	;# 
  2507   000FBB                     ECCPR1L         equ	4027	;# 
  2508   000FBC                     ECCPR1H         equ	4028	;# 
  2509   000FBD                     CCP1CON         equ	4029	;# 
  2510   000FBE                     CCPR1           equ	4030	;# 
  2511   000FBE                     CCPR1L          equ	4030	;# 
  2512   000FBF                     CCPR1H          equ	4031	;# 
  2513   000FC0                     ADCON2          equ	4032	;# 
  2514   000FC1                     ADCON1          equ	4033	;# 
  2515   000FC2                     ADCON0          equ	4034	;# 
  2516   000FC3                     ADRES           equ	4035	;# 
  2517   000FC3                     ADRESL          equ	4035	;# 
  2518   000FC4                     ADRESH          equ	4036	;# 
  2519   000FC5                     SSPCON2         equ	4037	;# 
  2520   000FC6                     SSPCON1         equ	4038	;# 
  2521   000FC7                     SSPSTAT         equ	4039	;# 
  2522   000FC8                     SSPADD          equ	4040	;# 
  2523   000FC9                     SSPBUF          equ	4041	;# 
  2524   000FCA                     T2CON           equ	4042	;# 
  2525   000FCB                     PR2             equ	4043	;# 
  2526   000FCB                     MEMCON          equ	4043	;# 
  2527   000FCC                     TMR2            equ	4044	;# 
  2528   000FCD                     T1CON           equ	4045	;# 
  2529   000FCE                     TMR1            equ	4046	;# 
  2530   000FCE                     TMR1L           equ	4046	;# 
  2531   000FCF                     TMR1H           equ	4047	;# 
  2532   000FD0                     RCON            equ	4048	;# 
  2533   000FD1                     WDTCON          equ	4049	;# 
  2534   000FD2                     HLVDCON         equ	4050	;# 
  2535   000FD2                     LVDCON          equ	4050	;# 
  2536   000FD3                     OSCCON          equ	4051	;# 
  2537   000FD5                     T0CON           equ	4053	;# 
  2538   000FD6                     TMR0            equ	4054	;# 
  2539   000FD6                     TMR0L           equ	4054	;# 
  2540   000FD7                     TMR0H           equ	4055	;# 
  2541   000FD8                     STATUS          equ	4056	;# 
  2542   000FD9                     FSR2            equ	4057	;# 
  2543   000FD9                     FSR2L           equ	4057	;# 
  2544   000FDA                     FSR2H           equ	4058	;# 
  2545   000FDB                     PLUSW2          equ	4059	;# 
  2546   000FDC                     PREINC2         equ	4060	;# 
  2547   000FDD                     POSTDEC2        equ	4061	;# 
  2548   000FDE                     POSTINC2        equ	4062	;# 
  2549   000FDF                     INDF2           equ	4063	;# 
  2550   000FE0                     BSR             equ	4064	;# 
  2551   000FE1                     FSR1            equ	4065	;# 
  2552   000FE1                     FSR1L           equ	4065	;# 
  2553   000FE2                     FSR1H           equ	4066	;# 
  2554   000FE3                     PLUSW1          equ	4067	;# 
  2555   000FE4                     PREINC1         equ	4068	;# 
  2556   000FE5                     POSTDEC1        equ	4069	;# 
  2557   000FE6                     POSTINC1        equ	4070	;# 
  2558   000FE7                     INDF1           equ	4071	;# 
  2559   000FE8                     WREG            equ	4072	;# 
  2560   000FE9                     FSR0            equ	4073	;# 
  2561   000FE9                     FSR0L           equ	4073	;# 
  2562   000FEA                     FSR0H           equ	4074	;# 
  2563   000FEB                     PLUSW0          equ	4075	;# 
  2564   000FEC                     PREINC0         equ	4076	;# 
  2565   000FED                     POSTDEC0        equ	4077	;# 
  2566   000FEE                     POSTINC0        equ	4078	;# 
  2567   000FEF                     INDF0           equ	4079	;# 
  2568   000FF0                     INTCON3         equ	4080	;# 
  2569   000FF1                     INTCON2         equ	4081	;# 
  2570   000FF2                     INTCON          equ	4082	;# 
  2571   000FF3                     PROD            equ	4083	;# 
  2572   000FF3                     PRODL           equ	4083	;# 
  2573   000FF4                     PRODH           equ	4084	;# 
  2574   000FF5                     TABLAT          equ	4085	;# 
  2575   000FF6                     TBLPTR          equ	4086	;# 
  2576   000FF6                     TBLPTRL         equ	4086	;# 
  2577   000FF7                     TBLPTRH         equ	4087	;# 
  2578   000FF8                     TBLPTRU         equ	4088	;# 
  2579   000FF9                     PCLAT           equ	4089	;# 
  2580   000FF9                     PC              equ	4089	;# 
  2581   000FF9                     PCL             equ	4089	;# 
  2582   000FFA                     PCLATH          equ	4090	;# 
  2583   000FFB                     PCLATU          equ	4091	;# 
  2584   000FFC                     STKPTR          equ	4092	;# 
  2585   000FFD                     TOS             equ	4093	;# 
  2586   000FFD                     TOSL            equ	4093	;# 
  2587   000FFE                     TOSH            equ	4094	;# 
  2588   000FFF                     TOSU            equ	4095	;# 
  2589                           
  2590                           	psect	idataCOMRAM
  2591   003000                     __pidataCOMRAM:
  2592                           	callstack 0
  2593                           
  2594                           ;initializer for read_digital_keypad@once
  2595   003000  01                 	db	1
  2596                           
  2597                           	psect	idataBANK0
  2598   00114E                     __pidataBANK0:
  2599                           	callstack 0
  2600                           
  2601                           ;initializer for _arr
  2602   00114E  52                 	db	82
  2603   00114F  47                 	db	71
  2604   001150  00                 	db	0
  2605   001151  4E                 	db	78
  2606   001152  47                 	db	71
  2607   001153  00                 	db	0
  2608   001154  47                 	db	71
  2609   001155  31                 	db	49
  2610   001156  00                 	db	0
  2611   001157  47                 	db	71
  2612   001158  32                 	db	50
  2613   001159  00                 	db	0
  2614   00115A  47                 	db	71
  2615   00115B  33                 	db	51
  2616   00115C  00                 	db	0
  2617   00115D  47                 	db	71
  2618   00115E  34                 	db	52
  2619   00115F  00                 	db	0
  2620   001160  47                 	db	71
  2621   001161  35                 	db	53
  2622   001162  00                 	db	0
  2623   001163  43                 	db	67
  2624   001164  43                 	db	67
  2625   001165  00                 	db	0
  2626                           
  2627                           ;initializer for main@F10511
  2628   001166  52                 	db	82
  2629   001167  47                 	db	71
  2630   001168  00                 	db	0
  2631   001169  4E                 	db	78
  2632   00116A  47                 	db	71
  2633   00116B  00                 	db	0
  2634   00116C  47                 	db	71
  2635   00116D  31                 	db	49
  2636   00116E  00                 	db	0
  2637   00116F  47                 	db	71
  2638   001170  32                 	db	50
  2639   001171  00                 	db	0
  2640   001172  47                 	db	71
  2641   001173  33                 	db	51
  2642   001174  00                 	db	0
  2643   001175  47                 	db	71
  2644   001176  34                 	db	52
  2645   001177  00                 	db	0
  2646   001178  47                 	db	71
  2647   001179  35                 	db	53
  2648   00117A  00                 	db	0
  2649   00117B  43                 	db	67
  2650   00117C  43                 	db	67
  2651   00117D  00                 	db	0
  2652   000DD4                     _RXFCON0        set	3540
  2653   000F45                     _TXB0DLC        set	3909
  2654   000F44                     _TXB0EIDL       set	3908
  2655   000F43                     _TXB0EIDH       set	3907
  2656   000F41                     _TXB0SIDH       set	3905
  2657   000F42                     _TXB0SIDL       set	3906
  2658   000F46                     _TXB0D0         set	3910
  2659   007A03                     _TXB0REQ        set	31235
  2660   000F82                     _PORTC          set	3970
  2661   000F94                     _TRISC          set	3988
  2662   000FAE                     _RCREG          set	4014
  2663   000FAD                     _TXREG          set	4013
  2664   000FAF                     _SPBRG          set	4015
  2665   000FC2                     _ADCON0         set	4034
  2666   000FC3                     _ADRESL         set	4035
  2667   000FC4                     _ADRESH         set	4036
  2668   000F65                     _RXB0DLC        set	3941
  2669   000F61                     _RXB0SIDH       set	3937
  2670   000F62                     _RXB0SIDL       set	3938
  2671   000F60                     _RXB0CONbits    set	3936
  2672   000F60                     _RXB0CON        set	3936
  2673   000F72                     _BRGCON3        set	3954
  2674   000F71                     _BRGCON2        set	3953
  2675   000F70                     _BRGCON1        set	3952
  2676   000F77                     _ECANCON        set	3959
  2677   000F6E                     _CANSTAT        set	3950
  2678   000F6F                     _CANCON         set	3951
  2679   000F66                     _RXB0D0         set	3942
  2680   007CF5                     _RCIF           set	31989
  2681   007CF4                     _TXIF           set	31988
  2682   007DC3                     _BRG16          set	32195
  2683   007D5C                     _CREN           set	32092
  2684   007D5E                     _RX9            set	32094
  2685   007D5F                     _SPEN           set	32095
  2686   007D62                     _BRGH           set	32098
  2687   007D63                     _SENDB          set	32099
  2688   007D64                     _SYNC           set	32100
  2689   007D65                     _TXEN           set	32101
  2690   007D66                     _TX9            set	32102
  2691   007CA6                     _TRISC6         set	31910
  2692   007CA7                     _TRISC7         set	31911
  2693   007E11                     _GO             set	32273
  2694   007E10                     _ADON           set	32272
  2695   007E0C                     _VCFG0          set	32268
  2696   007E0D                     _VCFG1          set	32269
  2697   007E11                     _GODONE         set	32273
  2698   007E02                     _ADCS2          set	32258
  2699   007E01                     _ADCS1          set	32257
  2700   007E00                     _ADCS0          set	32256
  2701   007E03                     _ACQT0          set	32259
  2702   007E04                     _ACQT1          set	32260
  2703   007E05                     _ACQT2          set	32261
  2704   007E07                     _ADFM           set	32263
  2705   007D20                     _RXB0IF         set	32032
  2706   007B07                     _RXB0FUL        set	31495
  2707   007C9B                     _TRISB3         set	31899
  2708   007C9A                     _TRISB2         set	31898
  2709                           
  2710                           ; #config settings
  2711                           
  2712                           	psect	cinit
  2713   001040                     __pcinit:
  2714                           	callstack 0
  2715   001040                     start_initialization:
  2716                           	callstack 0
  2717   001040                     __initialization:
  2718                           	callstack 0
  2719                           
  2720                           ; Initialize objects allocated to BANK0 (48 bytes)
  2721                           ; load TBLPTR registers with __pidataBANK0
  2722   001040  0E4E               	movlw	low __pidataBANK0
  2723   001042  6EF6               	movwf	tblptrl,c
  2724   001044  0E11               	movlw	high __pidataBANK0
  2725   001046  6EF7               	movwf	tblptrh,c
  2726   001048  0E00               	movlw	low (__pidataBANK0 shr (0+16))
  2727   00104A  6EF8               	movwf	tblptru,c
  2728   00104C  EE00  F060         	lfsr	0,__pdataBANK0
  2729   001050  EE10 F030          	lfsr	1,48
  2730   001054                     copy_data0:
  2731   001054  0009               	tblrd		*+
  2732   001056  CFF5 FFEE          	movff	tablat,postinc0
  2733   00105A  50E5               	movf	postdec1,w,c
  2734   00105C  50E1               	movf	fsr1l,w,c
  2735   00105E  E1FA               	bnz	copy_data0
  2736                           
  2737                           ; Initialize objects allocated to COMRAM (1 bytes)
  2738                           ; load TBLPTR registers with __pidataCOMRAM
  2739   001060  0E00               	movlw	low __pidataCOMRAM
  2740   001062  6EF6               	movwf	tblptrl,c
  2741   001064  0E30               	movlw	high __pidataCOMRAM
  2742   001066  6EF7               	movwf	tblptrh,c
  2743   001068  0E00               	movlw	low (__pidataCOMRAM shr (0+16))
  2744   00106A  6EF8               	movwf	tblptru,c
  2745   00106C  0009               	tblrd		*+	;fetch initializer
  2746   00106E  CFF5 F05E          	movff	tablat,__pdataCOMRAM
  2747                           
  2748                           ; Clear objects allocated to BANK0 (11 bytes)
  2749   001072  EE00  F090         	lfsr	0,__pbssBANK0
  2750   001076  0E0B               	movlw	11
  2751   001078                     clear_0:
  2752   001078  6AEE               	clrf	postinc0,c
  2753   00107A  06E8               	decf	wreg,f,c
  2754   00107C  E1FD               	bnz	clear_0
  2755                           
  2756                           ; Clear objects allocated to COMRAM (9 bytes)
  2757   00107E  EE00  F055         	lfsr	0,__pbssCOMRAM
  2758   001082  0E09               	movlw	9
  2759   001084                     clear_1:
  2760   001084  6AEE               	clrf	postinc0,c
  2761   001086  06E8               	decf	wreg,f,c
  2762   001088  E1FD               	bnz	clear_1
  2763   00108A                     end_of_initialization:
  2764                           	callstack 0
  2765   00108A                     __end_of__initialization:
  2766                           	callstack 0
  2767   00108A  0100               	movlb	0
  2768   00108C  EF25  F006         	goto	_main	;jump to C main() function
  2769                           
  2770                           	psect	bssCOMRAM
  2771   000055                     __pbssCOMRAM:
  2772                           	callstack 0
  2773   000055                     _speed:
  2774                           	callstack 0
  2775   000055                     	ds	2
  2776   000057                     _adc_value:
  2777                           	callstack 0
  2778   000057                     	ds	2
  2779   000059                     _msg_id:
  2780                           	callstack 0
  2781   000059                     	ds	2
  2782   00005B                     _key:
  2783                           	callstack 0
  2784   00005B                     	ds	1
  2785   00005C                     _gear_index:
  2786                           	callstack 0
  2787   00005C                     	ds	1
  2788   00005D                     _len:
  2789                           	callstack 0
  2790   00005D                     	ds	1
  2791                           
  2792                           	psect	dataCOMRAM
  2793   00005E                     __pdataCOMRAM:
  2794                           	callstack 0
  2795   00005E                     read_digital_keypad@once:
  2796                           	callstack 0
  2797   00005E                     	ds	1
  2798                           
  2799                           	psect	bssBANK0
  2800   000090                     __pbssBANK0:
  2801                           	callstack 0
  2802   000090                     _data:
  2803                           	callstack 0
  2804   000090                     	ds	8
  2805   000098                     _buff:
  2806                           	callstack 0
  2807   000098                     	ds	3
  2808                           
  2809                           	psect	dataBANK0
  2810   000060                     __pdataBANK0:
  2811                           	callstack 0
  2812   000060                     _arr:
  2813                           	callstack 0
  2814   000060                     	ds	24
  2815   000078                     main@F10511:
  2816                           	callstack 0
  2817   000078                     	ds	24
  2818                           
  2819                           	psect	cstackCOMRAM
  2820   000001                     __pcstackCOMRAM:
  2821                           	callstack 0
  2822   000001                     ?___awdiv:
  2823                           	callstack 0
  2824   000001                     ?___awmod:
  2825                           	callstack 0
  2826   000001                     ?_read_adc:
  2827                           	callstack 0
  2828   000001                     ?___xxtofl:
  2829                           	callstack 0
  2830   000001                     read_digital_keypad@detection_type:
  2831                           	callstack 0
  2832   000001                     set_msg_id_std@id:
  2833                           	callstack 0
  2834   000001                     ___awdiv@dividend:
  2835                           	callstack 0
  2836   000001                     ___awmod@dividend:
  2837                           	callstack 0
  2838   000001                     ___xxtofl@val:
  2839                           	callstack 0
  2840   000001                     
  2841                           ; 1 bytes @ 0x0
  2842   000001                     	ds	1
  2843   000002                     
  2844                           ; 1 bytes @ 0x1
  2845   000002                     	ds	1
  2846   000003                     ___awdiv@divisor:
  2847                           	callstack 0
  2848   000003                     ___awmod@divisor:
  2849                           	callstack 0
  2850   000003                     ??_set_msg_id_std:
  2851   000003                     ??_read_adc:
  2852                           
  2853                           ; 1 bytes @ 0x2
  2854   000003                     	ds	2
  2855   000005                     ___awdiv@counter:
  2856                           	callstack 0
  2857   000005                     ___awmod@counter:
  2858                           	callstack 0
  2859   000005                     can_transmit@msg_id:
  2860                           	callstack 0
  2861   000005                     read_adc@reg_val:
  2862                           	callstack 0
  2863   000005                     ??___xxtofl:
  2864                           
  2865                           ; 1 bytes @ 0x4
  2866   000005                     	ds	1
  2867   000006                     ___awdiv@sign:
  2868                           	callstack 0
  2869   000006                     ___awmod@sign:
  2870                           	callstack 0
  2871                           
  2872                           ; 1 bytes @ 0x5
  2873   000006                     	ds	1
  2874   000007                     can_transmit@data:
  2875                           	callstack 0
  2876   000007                     read_adc@channel:
  2877                           	callstack 0
  2878   000007                     ___awdiv@quotient:
  2879                           	callstack 0
  2880                           
  2881                           ; 2 bytes @ 0x6
  2882   000007                     	ds	1
  2883   000008                     can_transmit@len:
  2884                           	callstack 0
  2885                           
  2886                           ; 1 bytes @ 0x7
  2887   000008                     	ds	1
  2888   000009                     ___xxtofl@sign:
  2889                           	callstack 0
  2890   000009                     ??_can_transmit:
  2891                           
  2892                           ; 1 bytes @ 0x8
  2893   000009                     	ds	1
  2894   00000A                     ___xxtofl@exp:
  2895                           	callstack 0
  2896                           
  2897                           ; 1 bytes @ 0x9
  2898   00000A                     	ds	1
  2899   00000B                     ___xxtofl@arg:
  2900                           	callstack 0
  2901                           
  2902                           ; 4 bytes @ 0xA
  2903   00000B                     	ds	1
  2904   00000C                     can_transmit@ptr:
  2905                           	callstack 0
  2906                           
  2907                           ; 2 bytes @ 0xB
  2908   00000C                     	ds	2
  2909   00000E                     can_transmit@i:
  2910                           	callstack 0
  2911                           
  2912                           ; 2 bytes @ 0xD
  2913   00000E                     	ds	1
  2914   00000F                     ?___fldiv:
  2915                           	callstack 0
  2916   00000F                     ___fldiv@b:
  2917                           	callstack 0
  2918                           
  2919                           ; 4 bytes @ 0xE
  2920   00000F                     	ds	4
  2921   000013                     ___fldiv@a:
  2922                           	callstack 0
  2923                           
  2924                           ; 4 bytes @ 0x12
  2925   000013                     	ds	4
  2926   000017                     ??___fldiv:
  2927                           
  2928                           ; 1 bytes @ 0x16
  2929   000017                     	ds	4
  2930   00001B                     ___fldiv@rem:
  2931                           	callstack 0
  2932                           
  2933                           ; 4 bytes @ 0x1A
  2934   00001B                     	ds	4
  2935   00001F                     ___fldiv@sign:
  2936                           	callstack 0
  2937                           
  2938                           ; 1 bytes @ 0x1E
  2939   00001F                     	ds	1
  2940   000020                     ___fldiv@new_exp:
  2941                           	callstack 0
  2942                           
  2943                           ; 2 bytes @ 0x1F
  2944   000020                     	ds	2
  2945   000022                     ___fldiv@grs:
  2946                           	callstack 0
  2947                           
  2948                           ; 4 bytes @ 0x21
  2949   000022                     	ds	4
  2950   000026                     ___fldiv@bexp:
  2951                           	callstack 0
  2952                           
  2953                           ; 1 bytes @ 0x25
  2954   000026                     	ds	1
  2955   000027                     ___fldiv@aexp:
  2956                           	callstack 0
  2957                           
  2958                           ; 1 bytes @ 0x26
  2959   000027                     	ds	1
  2960   000028                     ?___fltol:
  2961                           	callstack 0
  2962   000028                     ___fltol@f1:
  2963                           	callstack 0
  2964                           
  2965                           ; 4 bytes @ 0x27
  2966   000028                     	ds	4
  2967   00002C                     ??___fltol:
  2968                           
  2969                           ; 1 bytes @ 0x2B
  2970   00002C                     	ds	4
  2971   000030                     ___fltol@sign1:
  2972                           	callstack 0
  2973                           
  2974                           ; 1 bytes @ 0x2F
  2975   000030                     	ds	1
  2976   000031                     ___fltol@exp1:
  2977                           	callstack 0
  2978                           
  2979                           ; 1 bytes @ 0x30
  2980   000031                     	ds	1
  2981   000032                     ?_get_speed:
  2982                           	callstack 0
  2983                           
  2984                           ; 2 bytes @ 0x31
  2985   000032                     	ds	2
  2986   000034                     main@arr:
  2987                           	callstack 0
  2988   000034                     
  2989                           ; 1 bytes @ 0x33
  2990   000034                     	ds	24
  2991   00004C                     main@wait:
  2992                           	callstack 0
  2993                           
  2994                           ; 2 bytes @ 0x4B
  2995   00004C                     	ds	2
  2996   00004E                     main@wait_69:
  2997                           	callstack 0
  2998                           
  2999                           ; 2 bytes @ 0x4D
  3000   00004E                     	ds	2
  3001   000050                     main@gear:
  3002                           	callstack 0
  3003                           
  3004                           ; 1 bytes @ 0x4F
  3005   000050                     	ds	1
  3006   000051                     main@speed:
  3007                           	callstack 0
  3008                           
  3009                           ; 2 bytes @ 0x50
  3010   000051                     	ds	2
  3011   000053                     main@buff:
  3012                           	callstack 0
  3013                           
  3014                           ; 2 bytes @ 0x52
  3015   000053                     	ds	2
  3016                           
  3017 ;;
  3018 ;;Main: autosize = 0, tempsize = 0, incstack = 0, save=0
  3019 ;;
  3020 ;; *************** function _main *****************
  3021 ;; Defined at:
  3022 ;;		line 28 in file "main.c"
  3023 ;; Parameters:    Size  Location     Type
  3024 ;;		None
  3025 ;; Auto vars:     Size  Location     Type
  3026 ;;  wait            2   77[COMRAM] int 
  3027 ;;  wait            2   75[COMRAM] int 
  3028 ;;  buff            2   82[COMRAM] unsigned char [2]
  3029 ;;  speed           2   80[COMRAM] int 
  3030 ;;  gear            1   79[COMRAM] unsigned char 
  3031 ;;  arr            24   51[COMRAM] unsigned char [3][8]
  3032 ;; Return value:  Size  Location     Type
  3033 ;;                  2   25[None  ] int 
  3034 ;; Registers used:
  3035 ;;		wreg, fsr1l, fsr1h, fsr2l, fsr2h, status,2, status,0, cstack
  3036 ;; Tracked objects:
  3037 ;;		On entry : 0/0
  3038 ;;		On exit  : 0/0
  3039 ;;		Unchanged: 0/0
  3040 ;; Data sizes:     COMRAM   BANK0   BANK1   BANK2   BANK3   BANK4   BANK5
  3041 ;;      Params:         0       0       0       0       0       0       0
  3042 ;;      Locals:        33       0       0       0       0       0       0
  3043 ;;      Temps:          0       0       0       0       0       0       0
  3044 ;;      Totals:        33       0       0       0       0       0       0
  3045 ;;Total ram usage:       33 bytes
  3046 ;; Hardware stack levels required when called: 2
  3047 ;; This function calls:
  3048 ;;		___awdiv
  3049 ;;		___awmod
  3050 ;;		_can_transmit
  3051 ;;		_get_gear_pos
  3052 ;;		_get_speed
  3053 ;;		_init_config
  3054 ;; This function is called by:
  3055 ;;		Startup code after reset
  3056 ;; This function uses a non-reentrant model
  3057 ;;
  3058                           
  3059                           	psect	text0
  3060   000C4A                     __ptext0:
  3061                           	callstack 0
  3062   000C4A                     _main:
  3063                           	callstack 29
  3064   000C4A                     
  3065                           ;main.c: 29:     unsigned char arr[][3]={"RG","NG","G1","G2","G3","G4","G5","CC"};
  3066   000C4A  EE20  F078         	lfsr	2,main@F10511
  3067   000C4E  EE10  F034         	lfsr	1,main@arr
  3068   000C52  0E17               	movlw	23
  3069   000C54                     u1411:
  3070   000C54  CFDB FFE3          	movff	plusw2,plusw1
  3071   000C58  06E8               	decf	wreg,f,c
  3072   000C5A  E2FC               	bc	u1411
  3073   000C5C                     
  3074                           ;main.c: 30:     init_config();
  3075   000C5C  ECCD  F008         	call	_init_config	;wreg free
  3076   000C60                     l1965:
  3077                           
  3078                           ;main.c: 33:         int speed = get_speed();
  3079   000C60  ECEB  F007         	call	_get_speed	;wreg free
  3080   000C64  C032  F051         	movff	?_get_speed,main@speed
  3081   000C68  C033  F052         	movff	?_get_speed+1,main@speed+1
  3082   000C6C                     
  3083                           ;main.c: 35:         char buff[2];;main.c: 36:         buff[0] = (speed / 10) + '0';
  3084   000C6C  C051  F001         	movff	main@speed,___awdiv@dividend
  3085   000C70  C052  F002         	movff	main@speed+1,___awdiv@dividend+1
  3086   000C74  6A04               	clrf	(___awdiv@divisor+1)^0,c
  3087   000C76  0E0A               	movlw	10
  3088   000C78  6E03               	movwf	___awdiv@divisor^0,c
  3089   000C7A  EC8A  F006         	call	___awdiv	;wreg free
  3090   000C7E  5001               	movf	?___awdiv^0,w,c
  3091   000C80  0F30               	addlw	48
  3092   000C82  6E53               	movwf	main@buff^0,c
  3093   000C84                     
  3094                           ;main.c: 37:         buff[1] = (speed % 10) + '0';
  3095   000C84  C051  F001         	movff	main@speed,___awmod@dividend
  3096   000C88  C052  F002         	movff	main@speed+1,___awmod@dividend+1
  3097   000C8C  6A04               	clrf	(___awmod@divisor+1)^0,c
  3098   000C8E  0E0A               	movlw	10
  3099   000C90  6E03               	movwf	___awmod@divisor^0,c
  3100   000C92  ECEA  F006         	call	___awmod	;wreg free
  3101   000C96  5001               	movf	?___awmod^0,w,c
  3102   000C98  0F30               	addlw	48
  3103   000C9A  6E54               	movwf	(main@buff+1)^0,c
  3104   000C9C                     
  3105                           ;main.c: 38:         buff[2]='\0';
  3106   000C9C  6A55               	clrf	(main@buff+2)^0,c
  3107   000C9E                     
  3108                           ;main.c: 40:         can_transmit(0x10, buff, 2);
  3109   000C9E  6A06               	clrf	(can_transmit@msg_id+1)^0,c
  3110   000CA0  0E10               	movlw	16
  3111   000CA2  6E05               	movwf	can_transmit@msg_id^0,c
  3112   000CA4  0E53               	movlw	low main@buff
  3113   000CA6  6E07               	movwf	can_transmit@data^0,c
  3114   000CA8  0E02               	movlw	2
  3115   000CAA  6E08               	movwf	can_transmit@len^0,c
  3116   000CAC  ECB4  F007         	call	_can_transmit	;wreg free
  3117   000CB0                     
  3118                           ;main.c: 41:         for (int wait = 2000; wait--;);
  3119   000CB0  0E07               	movlw	7
  3120   000CB2  6E4D               	movwf	(main@wait+1)^0,c
  3121   000CB4  0ED0               	movlw	208
  3122   000CB6  6E4C               	movwf	main@wait^0,c
  3123   000CB8                     l1977:
  3124   000CB8  064C               	decf	main@wait^0,f,c
  3125   000CBA  A0D8               	btfss	status,0,c
  3126   000CBC  064D               	decf	(main@wait+1)^0,f,c
  3127   000CBE  284C               	incf	main@wait^0,w,c
  3128   000CC0  E106               	bnz	u1421
  3129   000CC2  284D               	incf	(main@wait+1)^0,w,c
  3130   000CC4  A4D8               	btfss	status,2,c
  3131   000CC6  EF67  F006         	goto	u1421
  3132   000CCA  EF69  F006         	goto	u1420
  3133   000CCE                     u1421:
  3134   000CCE  EF5C  F006         	goto	l1977
  3135   000CD2                     u1420:
  3136   000CD2                     
  3137                           ;main.c: 43:         char gear = get_gear_pos();
  3138   000CD2  EC7B  F007         	call	_get_gear_pos	;wreg free
  3139   000CD6  6E50               	movwf	main@gear^0,c
  3140   000CD8                     
  3141                           ;main.c: 44:         can_transmit(0x20, &gear, 1);
  3142   000CD8  6A06               	clrf	(can_transmit@msg_id+1)^0,c
  3143   000CDA  0E20               	movlw	32
  3144   000CDC  6E05               	movwf	can_transmit@msg_id^0,c
  3145   000CDE  0E50               	movlw	low main@gear
  3146   000CE0  6E07               	movwf	can_transmit@data^0,c
  3147   000CE2  0E01               	movlw	1
  3148   000CE4  6E08               	movwf	can_transmit@len^0,c
  3149   000CE6  ECB4  F007         	call	_can_transmit	;wreg free
  3150   000CEA                     
  3151                           ;main.c: 45:         for (int wait = 2000; wait--;);
  3152   000CEA  0E07               	movlw	7
  3153   000CEC  6E4F               	movwf	(main@wait_69+1)^0,c
  3154   000CEE  0ED0               	movlw	208
  3155   000CF0  6E4E               	movwf	main@wait_69^0,c
  3156   000CF2                     l1985:
  3157   000CF2  064E               	decf	main@wait_69^0,f,c
  3158   000CF4  A0D8               	btfss	status,0,c
  3159   000CF6  064F               	decf	(main@wait_69+1)^0,f,c
  3160   000CF8  284E               	incf	main@wait_69^0,w,c
  3161   000CFA  E106               	bnz	u1431
  3162   000CFC  284F               	incf	(main@wait_69+1)^0,w,c
  3163   000CFE  A4D8               	btfss	status,2,c
  3164   000D00  EF84  F006         	goto	u1431
  3165   000D04  EF86  F006         	goto	u1430
  3166   000D08                     u1431:
  3167   000D08  EF79  F006         	goto	l1985
  3168   000D0C                     u1430:
  3169   000D0C  EF30  F006         	goto	l1965
  3170   000D10  EFFE  F017         	goto	start
  3171   000D14                     __end_of_main:
  3172                           	callstack 0
  3173                           
  3174 ;; *************** function _init_config *****************
  3175 ;; Defined at:
  3176 ;;		line 17 in file "main.c"
  3177 ;; Parameters:    Size  Location     Type
  3178 ;;		None
  3179 ;; Auto vars:     Size  Location     Type
  3180 ;;		None
  3181 ;; Return value:  Size  Location     Type
  3182 ;;                  1    wreg      void 
  3183 ;; Registers used:
  3184 ;;		wreg, status,2, status,0, cstack
  3185 ;; Tracked objects:
  3186 ;;		On entry : 0/0
  3187 ;;		On exit  : 0/0
  3188 ;;		Unchanged: 0/0
  3189 ;; Data sizes:     COMRAM   BANK0   BANK1   BANK2   BANK3   BANK4   BANK5
  3190 ;;      Params:         0       0       0       0       0       0       0
  3191 ;;      Locals:         0       0       0       0       0       0       0
  3192 ;;      Temps:          0       0       0       0       0       0       0
  3193 ;;      Totals:         0       0       0       0       0       0       0
  3194 ;;Total ram usage:        0 bytes
  3195 ;; Hardware stack levels used: 1
  3196 ;; Hardware stack levels required when called: 1
  3197 ;; This function calls:
  3198 ;;		_init_adc
  3199 ;;		_init_can
  3200 ;;		_init_digital_keypad
  3201 ;; This function is called by:
  3202 ;;		_main
  3203 ;; This function uses a non-reentrant model
  3204 ;;
  3205                           
  3206                           	psect	text1
  3207   00119A                     __ptext1:
  3208                           	callstack 0
  3209   00119A                     _init_config:
  3210                           	callstack 29
  3211   00119A                     
  3212                           ;main.c: 18:     init_adc();
  3213   00119A  ECBF  F008         	call	_init_adc	;wreg free
  3214   00119E                     
  3215                           ;main.c: 19:     init_digital_keypad();
  3216   00119E  ECD4  F008         	call	_init_digital_keypad	;wreg free
  3217   0011A2                     
  3218                           ;main.c: 21:     init_can();
  3219   0011A2  EC6B  F008         	call	_init_can	;wreg free
  3220   0011A6  0012               	return		;funcret
  3221   0011A8                     __end_of_init_config:
  3222                           	callstack 0
  3223                           
  3224 ;; *************** function _init_digital_keypad *****************
  3225 ;; Defined at:
  3226 ;;		line 11 in file "digital_keypad.c"
  3227 ;; Parameters:    Size  Location     Type
  3228 ;;		None
  3229 ;; Auto vars:     Size  Location     Type
  3230 ;;		None
  3231 ;; Return value:  Size  Location     Type
  3232 ;;                  1    wreg      void 
  3233 ;; Registers used:
  3234 ;;		wreg, status,2, status,0
  3235 ;; Tracked objects:
  3236 ;;		On entry : 0/0
  3237 ;;		On exit  : 0/0
  3238 ;;		Unchanged: 0/0
  3239 ;; Data sizes:     COMRAM   BANK0   BANK1   BANK2   BANK3   BANK4   BANK5
  3240 ;;      Params:         0       0       0       0       0       0       0
  3241 ;;      Locals:         0       0       0       0       0       0       0
  3242 ;;      Temps:          0       0       0       0       0       0       0
  3243 ;;      Totals:         0       0       0       0       0       0       0
  3244 ;;Total ram usage:        0 bytes
  3245 ;; Hardware stack levels used: 1
  3246 ;; This function calls:
  3247 ;;		Nothing
  3248 ;; This function is called by:
  3249 ;;		_init_config
  3250 ;; This function uses a non-reentrant model
  3251 ;;
  3252                           
  3253                           	psect	text2
  3254   0011A8                     __ptext2:
  3255                           	callstack 0
  3256   0011A8                     _init_digital_keypad:
  3257                           	callstack 29
  3258   0011A8                     
  3259                           ;digital_keypad.c: 13:  TRISC = TRISC | 0x0F;
  3260   0011A8  5094               	movf	148,w,c	;volatile
  3261   0011AA  090F               	iorlw	15
  3262   0011AC  6E94               	movwf	148,c	;volatile
  3263   0011AE  0012               	return		;funcret
  3264   0011B0                     __end_of_init_digital_keypad:
  3265                           	callstack 0
  3266                           
  3267 ;; *************** function _init_can *****************
  3268 ;; Defined at:
  3269 ;;		line 22 in file "can.c"
  3270 ;; Parameters:    Size  Location     Type
  3271 ;;		None
  3272 ;; Auto vars:     Size  Location     Type
  3273 ;;		None
  3274 ;; Return value:  Size  Location     Type
  3275 ;;                  1    wreg      void 
  3276 ;; Registers used:
  3277 ;;		wreg, status,2, status,0
  3278 ;; Tracked objects:
  3279 ;;		On entry : 0/0
  3280 ;;		On exit  : 0/0
  3281 ;;		Unchanged: 0/0
  3282 ;; Data sizes:     COMRAM   BANK0   BANK1   BANK2   BANK3   BANK4   BANK5
  3283 ;;      Params:         0       0       0       0       0       0       0
  3284 ;;      Locals:         0       0       0       0       0       0       0
  3285 ;;      Temps:          0       0       0       0       0       0       0
  3286 ;;      Totals:         0       0       0       0       0       0       0
  3287 ;;Total ram usage:        0 bytes
  3288 ;; Hardware stack levels used: 1
  3289 ;; This function calls:
  3290 ;;		Nothing
  3291 ;; This function is called by:
  3292 ;;		_init_config
  3293 ;; This function uses a non-reentrant model
  3294 ;;
  3295                           
  3296                           	psect	text3
  3297   0010D6                     __ptext3:
  3298                           	callstack 0
  3299   0010D6                     _init_can:
  3300                           	callstack 29
  3301   0010D6                     
  3302                           ;can.c: 24:     TRISB2 = 0;
  3303   0010D6  9493               	bcf	3987,2,c	;volatile
  3304                           
  3305                           ;can.c: 25:     TRISB3 = 1;
  3306   0010D8  8693               	bsf	3987,3,c	;volatile
  3307   0010DA                     
  3308                           ;can.c: 29:     { CANCON &= 0x1F; CANCON |= e_can_op_mode_config; };
  3309   0010DA  0E1F               	movlw	31
  3310   0010DC  166F               	andwf	111,f,c	;volatile
  3311   0010DE  8E6F               	bsf	111,7,c	;volatile
  3312   0010E0                     l1551:
  3313   0010E0  0E80               	movlw	128
  3314   0010E2  186E               	xorwf	110,w,c	;volatile
  3315   0010E4  A4D8               	btfss	status,2,c
  3316   0010E6  EF77  F008         	goto	u751
  3317   0010EA  EF79  F008         	goto	u750
  3318   0010EE                     u751:
  3319   0010EE  EF70  F008         	goto	l1551
  3320   0010F2                     u750:
  3321   0010F2                     
  3322                           ;can.c: 35:     ECANCON = 0x00;
  3323   0010F2  6A77               	clrf	119,c	;volatile
  3324   0010F4                     
  3325                           ;can.c: 38:     BRGCON1 = 0xE1;
  3326   0010F4  0EE1               	movlw	225
  3327   0010F6  6E70               	movwf	112,c	;volatile
  3328                           
  3329                           ;can.c: 39:     BRGCON2 = 0x1B;
  3330   0010F8  0E1B               	movlw	27
  3331   0010FA  6E71               	movwf	113,c	;volatile
  3332                           
  3333                           ;can.c: 40:     BRGCON3 = 0x03;
  3334   0010FC  0E03               	movlw	3
  3335   0010FE  6E72               	movwf	114,c	;volatile
  3336   001100                     
  3337                           ;can.c: 46:     RXFCON0 = 0x00;
  3338   001100  010D               	movlb	13	; () banked
  3339   001102  6BD4               	clrf	212,b	;volatile
  3340   001104                     
  3341                           ; BSR set to: 13
  3342                           ;can.c: 48:     { CANCON &= 0x1F; CANCON |= e_can_op_mode_normal; };
  3343   001104  0E1F               	movlw	31
  3344   001106  166F               	andwf	111,f,c	;volatile
  3345   001108                     
  3346                           ; BSR set to: 13
  3347   001108  506F               	movf	111,w,c	;volatile
  3348   00110A                     
  3349                           ; BSR set to: 13
  3350                           ;can.c: 51:     RXB0CON = 0x00;
  3351   00110A  6A60               	clrf	96,c	;volatile
  3352   00110C                     
  3353                           ; BSR set to: 13
  3354                           ;can.c: 53:     RXB0CONbits.RXM0=1;
  3355   00110C  8A60               	bsf	96,5,c	;volatile
  3356   00110E                     
  3357                           ; BSR set to: 13
  3358                           ;can.c: 54:     RXB0CONbits.RXM1=1;
  3359   00110E  8C60               	bsf	96,6,c	;volatile
  3360   001110                     
  3361                           ; BSR set to: 13
  3362   001110  0012               	return		;funcret
  3363   001112                     __end_of_init_can:
  3364                           	callstack 0
  3365                           
  3366 ;; *************** function _init_adc *****************
  3367 ;; Defined at:
  3368 ;;		line 11 in file "adc.c"
  3369 ;; Parameters:    Size  Location     Type
  3370 ;;		None
  3371 ;; Auto vars:     Size  Location     Type
  3372 ;;		None
  3373 ;; Return value:  Size  Location     Type
  3374 ;;                  1    wreg      void 
  3375 ;; Registers used:
  3376 ;;		None
  3377 ;; Tracked objects:
  3378 ;;		On entry : 0/0
  3379 ;;		On exit  : 0/0
  3380 ;;		Unchanged: 0/0
  3381 ;; Data sizes:     COMRAM   BANK0   BANK1   BANK2   BANK3   BANK4   BANK5
  3382 ;;      Params:         0       0       0       0       0       0       0
  3383 ;;      Locals:         0       0       0       0       0       0       0
  3384 ;;      Temps:          0       0       0       0       0       0       0
  3385 ;;      Totals:         0       0       0       0       0       0       0
  3386 ;;Total ram usage:        0 bytes
  3387 ;; Hardware stack levels used: 1
  3388 ;; This function calls:
  3389 ;;		Nothing
  3390 ;; This function is called by:
  3391 ;;		_init_config
  3392 ;; This function uses a non-reentrant model
  3393 ;;
  3394                           
  3395                           	psect	text4
  3396   00117E                     __ptext4:
  3397                           	callstack 0
  3398   00117E                     _init_adc:
  3399                           	callstack 29
  3400   00117E                     
  3401                           ;adc.c: 14:  ADFM = 1;
  3402   00117E  8EC0               	bsf	4032,7,c	;volatile
  3403                           
  3404                           ;adc.c: 20:  ACQT2 = 0;
  3405   001180  9AC0               	bcf	4032,5,c	;volatile
  3406                           
  3407                           ;adc.c: 21:  ACQT1 = 1;
  3408   001182  88C0               	bsf	4032,4,c	;volatile
  3409                           
  3410                           ;adc.c: 22:  ACQT0 = 0;
  3411   001184  96C0               	bcf	4032,3,c	;volatile
  3412                           
  3413                           ;adc.c: 28:  ADCS0 = 0;
  3414   001186  90C0               	bcf	4032,0,c	;volatile
  3415                           
  3416                           ;adc.c: 29:  ADCS1 = 1;
  3417   001188  82C0               	bsf	4032,1,c	;volatile
  3418                           
  3419                           ;adc.c: 30:  ADCS2 = 0;
  3420   00118A  94C0               	bcf	4032,2,c	;volatile
  3421                           
  3422                           ;adc.c: 33:  GODONE = 0;
  3423   00118C  92C2               	bcf	4034,1,c	;volatile
  3424                           
  3425                           ;adc.c: 38:  VCFG1 = 0;
  3426   00118E  9AC1               	bcf	4033,5,c	;volatile
  3427                           
  3428                           ;adc.c: 40:  VCFG0 = 0;
  3429   001190  98C1               	bcf	4033,4,c	;volatile
  3430                           
  3431                           ;adc.c: 43:  ADRESH = 0;
  3432   001192  6AC4               	clrf	196,c	;volatile
  3433                           
  3434                           ;adc.c: 44:  ADRESL = 0;
  3435   001194  6AC3               	clrf	195,c	;volatile
  3436                           
  3437                           ;adc.c: 47:  ADON = 1;
  3438   001196  80C2               	bsf	4034,0,c	;volatile
  3439   001198  0012               	return		;funcret
  3440   00119A                     __end_of_init_adc:
  3441                           	callstack 0
  3442                           
  3443 ;; *************** function _get_speed *****************
  3444 ;; Defined at:
  3445 ;;		line 24 in file "ecu1_sensor.c"
  3446 ;; Parameters:    Size  Location     Type
  3447 ;;		None
  3448 ;; Auto vars:     Size  Location     Type
  3449 ;;		None
  3450 ;; Return value:  Size  Location     Type
  3451 ;;                  2   49[COMRAM] unsigned short 
  3452 ;; Registers used:
  3453 ;;		wreg, status,2, status,0, cstack
  3454 ;; Tracked objects:
  3455 ;;		On entry : 0/0
  3456 ;;		On exit  : 0/0
  3457 ;;		Unchanged: 0/0
  3458 ;; Data sizes:     COMRAM   BANK0   BANK1   BANK2   BANK3   BANK4   BANK5
  3459 ;;      Params:         2       0       0       0       0       0       0
  3460 ;;      Locals:         0       0       0       0       0       0       0
  3461 ;;      Temps:          0       0       0       0       0       0       0
  3462 ;;      Totals:         2       0       0       0       0       0       0
  3463 ;;Total ram usage:        2 bytes
  3464 ;; Hardware stack levels used: 1
  3465 ;; Hardware stack levels required when called: 1
  3466 ;; This function calls:
  3467 ;;		___fldiv
  3468 ;;		___fltol
  3469 ;;		___xxtofl
  3470 ;;		_read_adc
  3471 ;; This function is called by:
  3472 ;;		_main
  3473 ;; This function uses a non-reentrant model
  3474 ;;
  3475                           
  3476                           	psect	text5
  3477   000FD6                     __ptext5:
  3478                           	callstack 0
  3479   000FD6                     _get_speed:
  3480                           	callstack 29
  3481   000FD6                     
  3482                           ;ecu1_sensor.c: 27:     adc_value = read_adc(0x04);
  3483   000FD6  0E04               	movlw	4
  3484   000FD8  EC48  F008         	call	_read_adc
  3485   000FDC  C001  F057         	movff	?_read_adc,_adc_value
  3486   000FE0  C002  F058         	movff	?_read_adc+1,_adc_value+1
  3487                           
  3488                           ;ecu1_sensor.c: 28:     speed = adc_value / 10.23;
  3489   000FE4  0E14               	movlw	20
  3490   000FE6  6E13               	movwf	___fldiv@a^0,c
  3491   000FE8  0EAE               	movlw	174
  3492   000FEA  6E14               	movwf	(___fldiv@a+1)^0,c
  3493   000FEC  0E23               	movlw	35
  3494   000FEE  6E15               	movwf	(___fldiv@a+2)^0,c
  3495   000FF0  0E41               	movlw	65
  3496   000FF2  6E16               	movwf	(___fldiv@a+3)^0,c
  3497   000FF4  C057  F001         	movff	_adc_value,___xxtofl@val
  3498   000FF8  C058  F002         	movff	_adc_value+1,___xxtofl@val+1
  3499   000FFC  6A03               	clrf	(___xxtofl@val+2)^0,c
  3500   000FFE  6A04               	clrf	(___xxtofl@val+3)^0,c
  3501   001000  0E00               	movlw	0
  3502   001002  ECC8  F004         	call	___xxtofl
  3503   001006  C001  F00F         	movff	?___xxtofl,___fldiv@b
  3504   00100A  C002  F010         	movff	?___xxtofl+1,___fldiv@b+1
  3505   00100E  C003  F011         	movff	?___xxtofl+2,___fldiv@b+2
  3506   001012  C004  F012         	movff	?___xxtofl+3,___fldiv@b+3
  3507   001016  EC01  F003         	call	___fldiv	;wreg free
  3508   00101A  C00F  F028         	movff	?___fldiv,___fltol@f1
  3509   00101E  C010  F029         	movff	?___fldiv+1,___fltol@f1+1
  3510   001022  C011  F02A         	movff	?___fldiv+2,___fltol@f1+2
  3511   001026  C012  F02B         	movff	?___fldiv+3,___fltol@f1+3
  3512   00102A  ECA2  F005         	call	___fltol	;wreg free
  3513   00102E  C028  F055         	movff	?___fltol,_speed
  3514   001032  C029  F056         	movff	?___fltol+1,_speed+1
  3515   001036                     
  3516                           ;ecu1_sensor.c: 30:     return speed;
  3517   001036  C055  F032         	movff	_speed,?_get_speed
  3518   00103A  C056  F033         	movff	_speed+1,?_get_speed+1
  3519   00103E  0012               	return		;funcret
  3520   001040                     __end_of_get_speed:
  3521                           	callstack 0
  3522                           
  3523 ;; *************** function _read_adc *****************
  3524 ;; Defined at:
  3525 ;;		line 50 in file "adc.c"
  3526 ;; Parameters:    Size  Location     Type
  3527 ;;  channel         1    wreg     unsigned char 
  3528 ;; Auto vars:     Size  Location     Type
  3529 ;;  channel         1    6[COMRAM] unsigned char 
  3530 ;;  reg_val         2    4[COMRAM] unsigned short 
  3531 ;; Return value:  Size  Location     Type
  3532 ;;                  2    0[COMRAM] unsigned short 
  3533 ;; Registers used:
  3534 ;;		wreg, status,2, status,0
  3535 ;; Tracked objects:
  3536 ;;		On entry : 0/0
  3537 ;;		On exit  : 0/0
  3538 ;;		Unchanged: 0/0
  3539 ;; Data sizes:     COMRAM   BANK0   BANK1   BANK2   BANK3   BANK4   BANK5
  3540 ;;      Params:         2       0       0       0       0       0       0
  3541 ;;      Locals:         3       0       0       0       0       0       0
  3542 ;;      Temps:          2       0       0       0       0       0       0
  3543 ;;      Totals:         7       0       0       0       0       0       0
  3544 ;;Total ram usage:        7 bytes
  3545 ;; Hardware stack levels used: 1
  3546 ;; This function calls:
  3547 ;;		Nothing
  3548 ;; This function is called by:
  3549 ;;		_get_speed
  3550 ;; This function uses a non-reentrant model
  3551 ;;
  3552                           
  3553                           	psect	text6
  3554   001090                     __ptext6:
  3555                           	callstack 0
  3556   001090                     _read_adc:
  3557                           	callstack 29
  3558                           
  3559                           ;incstack = 0
  3560                           ;read_adc@channel stored from wreg
  3561   001090  6E07               	movwf	read_adc@channel^0,c
  3562   001092                     
  3563                           ;adc.c: 50: unsigned short read_adc(unsigned char channel);adc.c: 51: {;adc.c: 52:  unsi
      +                          gned short reg_val;;adc.c: 55:  ADCON0 = (ADCON0 & 0xC3) | (channel << 2);
  3564   001092  C007  F003         	movff	read_adc@channel,??_read_adc
  3565   001096  90D8               	bcf	status,0,c
  3566   001098  3603               	rlcf	??_read_adc^0,f,c
  3567   00109A  90D8               	bcf	status,0,c
  3568   00109C  3603               	rlcf	??_read_adc^0,f,c
  3569   00109E  50C2               	movf	194,w,c	;volatile
  3570   0010A0  0BC3               	andlw	195
  3571   0010A2  1003               	iorwf	??_read_adc^0,w,c
  3572   0010A4  6EC2               	movwf	194,c	;volatile
  3573   0010A6                     
  3574                           ;adc.c: 58:  GO = 1;
  3575   0010A6  82C2               	bsf	4034,1,c	;volatile
  3576   0010A8                     l147:
  3577   0010A8  B2C2               	btfsc	4034,1,c	;volatile
  3578   0010AA  EF59  F008         	goto	u771
  3579   0010AE  EF5B  F008         	goto	u770
  3580   0010B2                     u771:
  3581   0010B2  EF54  F008         	goto	l147
  3582   0010B6                     u770:
  3583   0010B6                     
  3584                           ;adc.c: 60:  reg_val = (ADRESH << 8) | ADRESL;
  3585   0010B6  50C3               	movf	195,w,c	;volatile
  3586   0010B8  CFC4 F003          	movff	4036,??_read_adc	;volatile
  3587   0010BC  6A04               	clrf	(??_read_adc+1)^0,c
  3588   0010BE  C003  F004         	movff	??_read_adc,??_read_adc+1
  3589   0010C2  6A03               	clrf	??_read_adc^0,c
  3590   0010C4  1003               	iorwf	??_read_adc^0,w,c
  3591   0010C6  6E05               	movwf	read_adc@reg_val^0,c
  3592   0010C8  5004               	movf	(??_read_adc+1)^0,w,c
  3593   0010CA  6E06               	movwf	(read_adc@reg_val+1)^0,c
  3594   0010CC                     
  3595                           ;adc.c: 62:  return reg_val;
  3596   0010CC  C005  F001         	movff	read_adc@reg_val,?_read_adc
  3597   0010D0  C006  F002         	movff	read_adc@reg_val+1,?_read_adc+1
  3598   0010D4  0012               	return		;funcret
  3599   0010D6                     __end_of_read_adc:
  3600                           	callstack 0
  3601                           
  3602 ;; *************** function ___xxtofl *****************
  3603 ;; Defined at:
  3604 ;;		line 10 in file "C:\Program Files\Microchip\xc8\v3.10\pic\sources\c99\common\xxtofl.c"
  3605 ;; Parameters:    Size  Location     Type
  3606 ;;  sign            1    wreg     unsigned char 
  3607 ;;  val             4    0[COMRAM] long 
  3608 ;; Auto vars:     Size  Location     Type
  3609 ;;  sign            1    8[COMRAM] unsigned char 
  3610 ;;  arg             4   10[COMRAM] unsigned long 
  3611 ;;  exp             1    9[COMRAM] unsigned char 
  3612 ;; Return value:  Size  Location     Type
  3613 ;;                  4    0[COMRAM] unsigned char 
  3614 ;; Registers used:
  3615 ;;		wreg, status,2, status,0
  3616 ;; Tracked objects:
  3617 ;;		On entry : 0/0
  3618 ;;		On exit  : 0/0
  3619 ;;		Unchanged: 0/0
  3620 ;; Data sizes:     COMRAM   BANK0   BANK1   BANK2   BANK3   BANK4   BANK5
  3621 ;;      Params:         4       0       0       0       0       0       0
  3622 ;;      Locals:         6       0       0       0       0       0       0
  3623 ;;      Temps:          4       0       0       0       0       0       0
  3624 ;;      Totals:        14       0       0       0       0       0       0
  3625 ;;Total ram usage:       14 bytes
  3626 ;; Hardware stack levels used: 1
  3627 ;; This function calls:
  3628 ;;		Nothing
  3629 ;; This function is called by:
  3630 ;;		_get_speed
  3631 ;; This function uses a non-reentrant model
  3632 ;;
  3633                           
  3634                           	psect	text7
  3635   000990                     __ptext7:
  3636                           	callstack 0
  3637   000990                     ___xxtofl:
  3638                           	callstack 29
  3639                           
  3640                           ;incstack = 0
  3641                           ;___xxtofl@sign stored from wreg
  3642   000990  6E09               	movwf	___xxtofl@sign^0,c
  3643   000992  5009               	movf	___xxtofl@sign^0,w,c
  3644   000994  B4D8               	btfsc	status,2,c
  3645   000996  EFCF  F004         	goto	u1131
  3646   00099A  EFD1  F004         	goto	u1130
  3647   00099E                     u1131:
  3648   00099E  EFF3  F004         	goto	l1021
  3649   0009A2                     u1130:
  3650   0009A2  BE04               	btfsc	(___xxtofl@val+3)^0,7,c
  3651   0009A4  EFD8  F004         	goto	u1140
  3652   0009A8  EFD6  F004         	goto	u1141
  3653   0009AC                     u1141:
  3654   0009AC  EFF3  F004         	goto	l1021
  3655   0009B0                     u1140:
  3656   0009B0  C001  F005         	movff	___xxtofl@val,??___xxtofl
  3657   0009B4  C002  F006         	movff	___xxtofl@val+1,??___xxtofl+1
  3658   0009B8  C003  F007         	movff	___xxtofl@val+2,??___xxtofl+2
  3659   0009BC  C004  F008         	movff	___xxtofl@val+3,??___xxtofl+3
  3660   0009C0  1E05               	comf	??___xxtofl^0,f,c
  3661   0009C2  1E06               	comf	(??___xxtofl+1)^0,f,c
  3662   0009C4  1E07               	comf	(??___xxtofl+2)^0,f,c
  3663   0009C6  1E08               	comf	(??___xxtofl+3)^0,f,c
  3664   0009C8  2A05               	incf	??___xxtofl^0,f,c
  3665   0009CA  0E00               	movlw	0
  3666   0009CC  2206               	addwfc	(??___xxtofl+1)^0,f,c
  3667   0009CE  2207               	addwfc	(??___xxtofl+2)^0,f,c
  3668   0009D0  2208               	addwfc	(??___xxtofl+3)^0,f,c
  3669   0009D2  C005  F00B         	movff	??___xxtofl,___xxtofl@arg
  3670   0009D6  C006  F00C         	movff	??___xxtofl+1,___xxtofl@arg+1
  3671   0009DA  C007  F00D         	movff	??___xxtofl+2,___xxtofl@arg+2
  3672   0009DE  C008  F00E         	movff	??___xxtofl+3,___xxtofl@arg+3
  3673   0009E2  EFFB  F004         	goto	l1793
  3674   0009E6                     l1021:
  3675   0009E6  C001  F00B         	movff	___xxtofl@val,___xxtofl@arg
  3676   0009EA  C002  F00C         	movff	___xxtofl@val+1,___xxtofl@arg+1
  3677   0009EE  C003  F00D         	movff	___xxtofl@val+2,___xxtofl@arg+2
  3678   0009F2  C004  F00E         	movff	___xxtofl@val+3,___xxtofl@arg+3
  3679   0009F6                     l1793:
  3680   0009F6  5001               	movf	___xxtofl@val^0,w,c
  3681   0009F8  1002               	iorwf	(___xxtofl@val+1)^0,w,c
  3682   0009FA  1003               	iorwf	(___xxtofl@val+2)^0,w,c
  3683   0009FC  1004               	iorwf	(___xxtofl@val+3)^0,w,c
  3684   0009FE  A4D8               	btfss	status,2,c
  3685   000A00  EF04  F005         	goto	u1151
  3686   000A04  EF06  F005         	goto	u1150
  3687   000A08                     u1151:
  3688   000A08  EF10  F005         	goto	l1799
  3689   000A0C                     u1150:
  3690   000A0C  0E00               	movlw	0
  3691   000A0E  6E01               	movwf	?___xxtofl^0,c
  3692   000A10  0E00               	movlw	0
  3693   000A12  6E02               	movwf	(?___xxtofl+1)^0,c
  3694   000A14  0E00               	movlw	0
  3695   000A16  6E03               	movwf	(?___xxtofl+2)^0,c
  3696   000A18  0E00               	movlw	0
  3697   000A1A  6E04               	movwf	(?___xxtofl+3)^0,c
  3698   000A1C  EFA1  F005         	goto	l1024
  3699   000A20                     l1799:
  3700   000A20  0E96               	movlw	150
  3701   000A22  6E0A               	movwf	___xxtofl@exp^0,c
  3702   000A24  EF1A  F005         	goto	l1803
  3703   000A28                     l1801:
  3704   000A28  2A0A               	incf	___xxtofl@exp^0,f,c
  3705   000A2A  90D8               	bcf	status,0,c
  3706   000A2C  320E               	rrcf	(___xxtofl@arg+3)^0,f,c
  3707   000A2E  320D               	rrcf	(___xxtofl@arg+2)^0,f,c
  3708   000A30  320C               	rrcf	(___xxtofl@arg+1)^0,f,c
  3709   000A32  320B               	rrcf	___xxtofl@arg^0,f,c
  3710   000A34                     l1803:
  3711   000A34  0E00               	movlw	0
  3712   000A36  140B               	andwf	___xxtofl@arg^0,w,c
  3713   000A38  6E05               	movwf	??___xxtofl^0,c
  3714   000A3A  0E00               	movlw	0
  3715   000A3C  140C               	andwf	(___xxtofl@arg+1)^0,w,c
  3716   000A3E  6E06               	movwf	(??___xxtofl+1)^0,c
  3717   000A40  0E00               	movlw	0
  3718   000A42  140D               	andwf	(___xxtofl@arg+2)^0,w,c
  3719   000A44  6E07               	movwf	(??___xxtofl+2)^0,c
  3720   000A46  0EFE               	movlw	254
  3721   000A48  140E               	andwf	(___xxtofl@arg+3)^0,w,c
  3722   000A4A  6E08               	movwf	(??___xxtofl+3)^0,c
  3723   000A4C  5005               	movf	??___xxtofl^0,w,c
  3724   000A4E  1006               	iorwf	(??___xxtofl+1)^0,w,c
  3725   000A50  1007               	iorwf	(??___xxtofl+2)^0,w,c
  3726   000A52  1008               	iorwf	(??___xxtofl+3)^0,w,c
  3727   000A54  A4D8               	btfss	status,2,c
  3728   000A56  EF2F  F005         	goto	u1161
  3729   000A5A  EF31  F005         	goto	u1160
  3730   000A5E                     u1161:
  3731   000A5E  EF14  F005         	goto	l1801
  3732   000A62                     u1160:
  3733   000A62  EF3F  F005         	goto	l1028
  3734   000A66                     l1805:
  3735   000A66  2A0A               	incf	___xxtofl@exp^0,f,c
  3736   000A68  0E01               	movlw	1
  3737   000A6A  260B               	addwf	___xxtofl@arg^0,f,c
  3738   000A6C  0E00               	movlw	0
  3739   000A6E  220C               	addwfc	(___xxtofl@arg+1)^0,f,c
  3740   000A70  220D               	addwfc	(___xxtofl@arg+2)^0,f,c
  3741   000A72  220E               	addwfc	(___xxtofl@arg+3)^0,f,c
  3742   000A74  90D8               	bcf	status,0,c
  3743   000A76  320E               	rrcf	(___xxtofl@arg+3)^0,f,c
  3744   000A78  320D               	rrcf	(___xxtofl@arg+2)^0,f,c
  3745   000A7A  320C               	rrcf	(___xxtofl@arg+1)^0,f,c
  3746   000A7C  320B               	rrcf	___xxtofl@arg^0,f,c
  3747   000A7E                     l1028:
  3748   000A7E  0E00               	movlw	0
  3749   000A80  140B               	andwf	___xxtofl@arg^0,w,c
  3750   000A82  6E05               	movwf	??___xxtofl^0,c
  3751   000A84  0E00               	movlw	0
  3752   000A86  140C               	andwf	(___xxtofl@arg+1)^0,w,c
  3753   000A88  6E06               	movwf	(??___xxtofl+1)^0,c
  3754   000A8A  0E00               	movlw	0
  3755   000A8C  140D               	andwf	(___xxtofl@arg+2)^0,w,c
  3756   000A8E  6E07               	movwf	(??___xxtofl+2)^0,c
  3757   000A90  0EFF               	movlw	255
  3758   000A92  140E               	andwf	(___xxtofl@arg+3)^0,w,c
  3759   000A94  6E08               	movwf	(??___xxtofl+3)^0,c
  3760   000A96  5005               	movf	??___xxtofl^0,w,c
  3761   000A98  1006               	iorwf	(??___xxtofl+1)^0,w,c
  3762   000A9A  1007               	iorwf	(??___xxtofl+2)^0,w,c
  3763   000A9C  1008               	iorwf	(??___xxtofl+3)^0,w,c
  3764   000A9E  A4D8               	btfss	status,2,c
  3765   000AA0  EF54  F005         	goto	u1171
  3766   000AA4  EF56  F005         	goto	u1170
  3767   000AA8                     u1171:
  3768   000AA8  EF33  F005         	goto	l1805
  3769   000AAC                     u1170:
  3770   000AAC  EF5E  F005         	goto	l1813
  3771   000AB0                     l1811:
  3772   000AB0  060A               	decf	___xxtofl@exp^0,f,c
  3773   000AB2  90D8               	bcf	status,0,c
  3774   000AB4  360B               	rlcf	___xxtofl@arg^0,f,c
  3775   000AB6  360C               	rlcf	(___xxtofl@arg+1)^0,f,c
  3776   000AB8  360D               	rlcf	(___xxtofl@arg+2)^0,f,c
  3777   000ABA  360E               	rlcf	(___xxtofl@arg+3)^0,f,c
  3778   000ABC                     l1813:
  3779   000ABC  BE0D               	btfsc	(___xxtofl@arg+2)^0,7,c
  3780   000ABE  EF63  F005         	goto	u1181
  3781   000AC2  EF65  F005         	goto	u1180
  3782   000AC6                     u1181:
  3783   000AC6  EF6D  F005         	goto	l1035
  3784   000ACA                     u1180:
  3785   000ACA  0E02               	movlw	2
  3786   000ACC  600A               	cpfslt	___xxtofl@exp^0,c
  3787   000ACE  EF6B  F005         	goto	u1191
  3788   000AD2  EF6D  F005         	goto	u1190
  3789   000AD6                     u1191:
  3790   000AD6  EF58  F005         	goto	l1811
  3791   000ADA                     u1190:
  3792   000ADA                     l1035:
  3793   000ADA  B00A               	btfsc	___xxtofl@exp^0,0,c
  3794   000ADC  EF72  F005         	goto	u1201
  3795   000AE0  EF74  F005         	goto	u1200
  3796   000AE4                     u1201:
  3797   000AE4  EF75  F005         	goto	l1819
  3798   000AE8                     u1200:
  3799   000AE8  9E0D               	bcf	(___xxtofl@arg+2)^0,7,c
  3800   000AEA                     l1819:
  3801   000AEA  90D8               	bcf	status,0,c
  3802   000AEC  320A               	rrcf	___xxtofl@exp^0,f,c
  3803   000AEE  C00A  F005         	movff	___xxtofl@exp,??___xxtofl
  3804   000AF2  6A06               	clrf	(??___xxtofl+1)^0,c
  3805   000AF4  6A07               	clrf	(??___xxtofl+2)^0,c
  3806   000AF6  6A08               	clrf	(??___xxtofl+3)^0,c
  3807   000AF8  C005  F008         	movff	??___xxtofl,??___xxtofl+3
  3808   000AFC  6A07               	clrf	(??___xxtofl+2)^0,c
  3809   000AFE  6A06               	clrf	(??___xxtofl+1)^0,c
  3810   000B00  6A05               	clrf	??___xxtofl^0,c
  3811   000B02  5005               	movf	??___xxtofl^0,w,c
  3812   000B04  120B               	iorwf	___xxtofl@arg^0,f,c
  3813   000B06  5006               	movf	(??___xxtofl+1)^0,w,c
  3814   000B08  120C               	iorwf	(___xxtofl@arg+1)^0,f,c
  3815   000B0A  5007               	movf	(??___xxtofl+2)^0,w,c
  3816   000B0C  120D               	iorwf	(___xxtofl@arg+2)^0,f,c
  3817   000B0E  5008               	movf	(??___xxtofl+3)^0,w,c
  3818   000B10  120E               	iorwf	(___xxtofl@arg+3)^0,f,c
  3819   000B12  5009               	movf	___xxtofl@sign^0,w,c
  3820   000B14  B4D8               	btfsc	status,2,c
  3821   000B16  EF8F  F005         	goto	u1211
  3822   000B1A  EF91  F005         	goto	u1210
  3823   000B1E                     u1211:
  3824   000B1E  EF99  F005         	goto	l1829
  3825   000B22                     u1210:
  3826   000B22  BE04               	btfsc	(___xxtofl@val+3)^0,7,c
  3827   000B24  EF98  F005         	goto	u1220
  3828   000B28  EF96  F005         	goto	u1221
  3829   000B2C                     u1221:
  3830   000B2C  EF99  F005         	goto	l1829
  3831   000B30                     u1220:
  3832   000B30  8E0E               	bsf	(___xxtofl@arg+3)^0,7,c
  3833   000B32                     l1829:
  3834   000B32  C00B  F001         	movff	___xxtofl@arg,?___xxtofl
  3835   000B36  C00C  F002         	movff	___xxtofl@arg+1,?___xxtofl+1
  3836   000B3A  C00D  F003         	movff	___xxtofl@arg+2,?___xxtofl+2
  3837   000B3E  C00E  F004         	movff	___xxtofl@arg+3,?___xxtofl+3
  3838   000B42                     l1024:
  3839   000B42  0012               	return		;funcret
  3840   000B44                     __end_of___xxtofl:
  3841                           	callstack 0
  3842                           
  3843 ;; *************** function ___fltol *****************
  3844 ;; Defined at:
  3845 ;;		line 43 in file "C:\Program Files\Microchip\xc8\v3.10\pic\sources\c99\common\fltol.c"
  3846 ;; Parameters:    Size  Location     Type
  3847 ;;  f1              4   39[COMRAM] unsigned char 
  3848 ;; Auto vars:     Size  Location     Type
  3849 ;;  exp1            1   48[COMRAM] unsigned char 
  3850 ;;  sign1           1   47[COMRAM] unsigned char 
  3851 ;; Return value:  Size  Location     Type
  3852 ;;                  4   39[COMRAM] long 
  3853 ;; Registers used:
  3854 ;;		wreg, status,2, status,0
  3855 ;; Tracked objects:
  3856 ;;		On entry : 0/0
  3857 ;;		On exit  : 0/0
  3858 ;;		Unchanged: 0/0
  3859 ;; Data sizes:     COMRAM   BANK0   BANK1   BANK2   BANK3   BANK4   BANK5
  3860 ;;      Params:         4       0       0       0       0       0       0
  3861 ;;      Locals:         2       0       0       0       0       0       0
  3862 ;;      Temps:          4       0       0       0       0       0       0
  3863 ;;      Totals:        10       0       0       0       0       0       0
  3864 ;;Total ram usage:       10 bytes
  3865 ;; Hardware stack levels used: 1
  3866 ;; This function calls:
  3867 ;;		Nothing
  3868 ;; This function is called by:
  3869 ;;		_get_speed
  3870 ;; This function uses a non-reentrant model
  3871 ;;
  3872                           
  3873                           	psect	text8
  3874   000B44                     __ptext8:
  3875                           	callstack 0
  3876   000B44                     ___fltol:
  3877                           	callstack 29
  3878   000B44  342A               	rlcf	(___fltol@f1+2)^0,w,c
  3879   000B46  342B               	rlcf	(___fltol@f1+3)^0,w,c
  3880   000B48  6E31               	movwf	___fltol@exp1^0,c
  3881   000B4A  5031               	movf	___fltol@exp1^0,w,c
  3882   000B4C  A4D8               	btfss	status,2,c
  3883   000B4E  EFAB  F005         	goto	u1061
  3884   000B52  EFAD  F005         	goto	u1060
  3885   000B56                     u1061:
  3886   000B56  EFB7  F005         	goto	l1749
  3887   000B5A                     u1060:
  3888   000B5A                     l1745:
  3889   000B5A  0E00               	movlw	0
  3890   000B5C  6E28               	movwf	?___fltol^0,c
  3891   000B5E  0E00               	movlw	0
  3892   000B60  6E29               	movwf	(?___fltol+1)^0,c
  3893   000B62  0E00               	movlw	0
  3894   000B64  6E2A               	movwf	(?___fltol+2)^0,c
  3895   000B66  0E00               	movlw	0
  3896   000B68  6E2B               	movwf	(?___fltol+3)^0,c
  3897   000B6A  EF24  F006         	goto	l663
  3898   000B6E                     l1749:
  3899   000B6E  C028  F02C         	movff	___fltol@f1,??___fltol
  3900   000B72  C029  F02D         	movff	___fltol@f1+1,??___fltol+1
  3901   000B76  C02A  F02E         	movff	___fltol@f1+2,??___fltol+2
  3902   000B7A  C02B  F02F         	movff	___fltol@f1+3,??___fltol+3
  3903   000B7E  0E20               	movlw	32
  3904   000B80  EFC7  F005         	goto	u1070
  3905   000B84                     u1075:
  3906   000B84  90D8               	bcf	status,0,c
  3907   000B86  322F               	rrcf	(??___fltol+3)^0,f,c
  3908   000B88  322E               	rrcf	(??___fltol+2)^0,f,c
  3909   000B8A  322D               	rrcf	(??___fltol+1)^0,f,c
  3910   000B8C  322C               	rrcf	??___fltol^0,f,c
  3911   000B8E                     u1070:
  3912   000B8E  2EE8               	decfsz	wreg,f,c
  3913   000B90  EFC2  F005         	goto	u1075
  3914   000B94  502C               	movf	??___fltol^0,w,c
  3915   000B96  6E30               	movwf	___fltol@sign1^0,c
  3916   000B98  8E2A               	bsf	(___fltol@f1+2)^0,7,c
  3917   000B9A  0EFF               	movlw	255
  3918   000B9C  1628               	andwf	___fltol@f1^0,f,c
  3919   000B9E  0EFF               	movlw	255
  3920   000BA0  1629               	andwf	(___fltol@f1+1)^0,f,c
  3921   000BA2  0EFF               	movlw	255
  3922   000BA4  162A               	andwf	(___fltol@f1+2)^0,f,c
  3923   000BA6  0E00               	movlw	0
  3924   000BA8  162B               	andwf	(___fltol@f1+3)^0,f,c
  3925   000BAA  0E96               	movlw	150
  3926   000BAC  5E31               	subwf	___fltol@exp1^0,f,c
  3927   000BAE  BE31               	btfsc	___fltol@exp1^0,7,c
  3928   000BB0  EFDE  F005         	goto	u1080
  3929   000BB4  EFDC  F005         	goto	u1081
  3930   000BB8                     u1081:
  3931   000BB8  EFF4  F005         	goto	l1769
  3932   000BBC                     u1080:
  3933   000BBC  5031               	movf	___fltol@exp1^0,w,c
  3934   000BBE  0A80               	xorlw	128
  3935   000BC0  0F97               	addlw	151
  3936   000BC2  B0D8               	btfsc	status,0,c
  3937   000BC4  EFE6  F005         	goto	u1091
  3938   000BC8  EFE8  F005         	goto	u1090
  3939   000BCC                     u1091:
  3940   000BCC  EFEA  F005         	goto	l1765
  3941   000BD0                     u1090:
  3942   000BD0  EFAD  F005         	goto	l1745
  3943   000BD4                     l1765:
  3944   000BD4  90D8               	bcf	status,0,c
  3945   000BD6  322B               	rrcf	(___fltol@f1+3)^0,f,c
  3946   000BD8  322A               	rrcf	(___fltol@f1+2)^0,f,c
  3947   000BDA  3229               	rrcf	(___fltol@f1+1)^0,f,c
  3948   000BDC  3228               	rrcf	___fltol@f1^0,f,c
  3949   000BDE  3E31               	incfsz	___fltol@exp1^0,f,c
  3950   000BE0  EFEA  F005         	goto	l1765
  3951   000BE4  EF0C  F006         	goto	l1779
  3952   000BE8                     l1769:
  3953   000BE8  0E1F               	movlw	31
  3954   000BEA  6431               	cpfsgt	___fltol@exp1^0,c
  3955   000BEC  EFFA  F005         	goto	u1101
  3956   000BF0  EFFC  F005         	goto	u1100
  3957   000BF4                     u1101:
  3958   000BF4  EF04  F006         	goto	l1777
  3959   000BF8                     u1100:
  3960   000BF8  EFAD  F005         	goto	l1745
  3961   000BFC                     l1775:
  3962   000BFC  90D8               	bcf	status,0,c
  3963   000BFE  3628               	rlcf	___fltol@f1^0,f,c
  3964   000C00  3629               	rlcf	(___fltol@f1+1)^0,f,c
  3965   000C02  362A               	rlcf	(___fltol@f1+2)^0,f,c
  3966   000C04  362B               	rlcf	(___fltol@f1+3)^0,f,c
  3967   000C06  0631               	decf	___fltol@exp1^0,f,c
  3968   000C08                     l1777:
  3969   000C08  5031               	movf	___fltol@exp1^0,w,c
  3970   000C0A  A4D8               	btfss	status,2,c
  3971   000C0C  EF0A  F006         	goto	u1111
  3972   000C10  EF0C  F006         	goto	u1110
  3973   000C14                     u1111:
  3974   000C14  EFFE  F005         	goto	l1775
  3975   000C18                     u1110:
  3976   000C18                     l1779:
  3977   000C18  5030               	movf	___fltol@sign1^0,w,c
  3978   000C1A  B4D8               	btfsc	status,2,c
  3979   000C1C  EF12  F006         	goto	u1121
  3980   000C20  EF14  F006         	goto	u1120
  3981   000C24                     u1121:
  3982   000C24  EF1C  F006         	goto	l1783
  3983   000C28                     u1120:
  3984   000C28  1E2B               	comf	(___fltol@f1+3)^0,f,c
  3985   000C2A  1E2A               	comf	(___fltol@f1+2)^0,f,c
  3986   000C2C  1E29               	comf	(___fltol@f1+1)^0,f,c
  3987   000C2E  6C28               	negf	___fltol@f1^0,c
  3988   000C30  0E00               	movlw	0
  3989   000C32  2229               	addwfc	(___fltol@f1+1)^0,f,c
  3990   000C34  222A               	addwfc	(___fltol@f1+2)^0,f,c
  3991   000C36  222B               	addwfc	(___fltol@f1+3)^0,f,c
  3992   000C38                     l1783:
  3993   000C38  C028  F028         	movff	___fltol@f1,?___fltol
  3994   000C3C  C029  F029         	movff	___fltol@f1+1,?___fltol+1
  3995   000C40  C02A  F02A         	movff	___fltol@f1+2,?___fltol+2
  3996   000C44  C02B  F02B         	movff	___fltol@f1+3,?___fltol+3
  3997   000C48                     l663:
  3998   000C48  0012               	return		;funcret
  3999   000C4A                     __end_of___fltol:
  4000                           	callstack 0
  4001                           
  4002 ;; *************** function ___fldiv *****************
  4003 ;; Defined at:
  4004 ;;		line 11 in file "C:\Program Files\Microchip\xc8\v3.10\pic\sources\c99\common\sprcdiv.c"
  4005 ;; Parameters:    Size  Location     Type
  4006 ;;  b               4   14[COMRAM] long 
  4007 ;;  a               4   18[COMRAM] long 
  4008 ;; Auto vars:     Size  Location     Type
  4009 ;;  grs             4   33[COMRAM] unsigned long 
  4010 ;;  rem             4   26[COMRAM] unsigned long 
  4011 ;;  new_exp         2   31[COMRAM] short 
  4012 ;;  aexp            1   38[COMRAM] unsigned char 
  4013 ;;  bexp            1   37[COMRAM] unsigned char 
  4014 ;;  sign            1   30[COMRAM] unsigned char 
  4015 ;; Return value:  Size  Location     Type
  4016 ;;                  4   14[COMRAM] unsigned char 
  4017 ;; Registers used:
  4018 ;;		wreg, status,2, status,0
  4019 ;; Tracked objects:
  4020 ;;		On entry : 0/0
  4021 ;;		On exit  : 0/0
  4022 ;;		Unchanged: 0/0
  4023 ;; Data sizes:     COMRAM   BANK0   BANK1   BANK2   BANK3   BANK4   BANK5
  4024 ;;      Params:         8       0       0       0       0       0       0
  4025 ;;      Locals:        13       0       0       0       0       0       0
  4026 ;;      Temps:          4       0       0       0       0       0       0
  4027 ;;      Totals:        25       0       0       0       0       0       0
  4028 ;;Total ram usage:       25 bytes
  4029 ;; Hardware stack levels used: 1
  4030 ;; This function calls:
  4031 ;;		Nothing
  4032 ;; This function is called by:
  4033 ;;		_get_speed
  4034 ;; This function uses a non-reentrant model
  4035 ;;
  4036                           
  4037                           	psect	text9
  4038   000602                     __ptext9:
  4039                           	callstack 0
  4040   000602                     ___fldiv:
  4041                           	callstack 29
  4042   000602  5012               	movf	(___fldiv@b+3)^0,w,c
  4043   000604  0B80               	andlw	128
  4044   000606  6E1F               	movwf	___fldiv@sign^0,c
  4045   000608  5012               	movf	(___fldiv@b+3)^0,w,c
  4046   00060A  2412               	addwf	(___fldiv@b+3)^0,w,c
  4047   00060C  6E26               	movwf	___fldiv@bexp^0,c
  4048   00060E  AE11               	btfss	(___fldiv@b+2)^0,7,c
  4049   000610  EF0C  F003         	goto	u831
  4050   000614  EF0E  F003         	goto	u830
  4051   000618                     u831:
  4052   000618  EF0F  F003         	goto	l1613
  4053   00061C                     u830:
  4054   00061C  8026               	bsf	___fldiv@bexp^0,0,c
  4055   00061E                     l1613:
  4056   00061E  5026               	movf	___fldiv@bexp^0,w,c
  4057   000620  B4D8               	btfsc	status,2,c
  4058   000622  EF15  F003         	goto	u841
  4059   000626  EF17  F003         	goto	u840
  4060   00062A                     u841:
  4061   00062A  EF2B  F003         	goto	l1623
  4062   00062E                     u840:
  4063   00062E  2826               	incf	___fldiv@bexp^0,w,c
  4064   000630  A4D8               	btfss	status,2,c
  4065   000632  EF1D  F003         	goto	u851
  4066   000636  EF1F  F003         	goto	u850
  4067   00063A                     u851:
  4068   00063A  EF27  F003         	goto	l1619
  4069   00063E                     u850:
  4070   00063E  0E00               	movlw	0
  4071   000640  6E0F               	movwf	___fldiv@b^0,c
  4072   000642  0E00               	movlw	0
  4073   000644  6E10               	movwf	(___fldiv@b+1)^0,c
  4074   000646  0E00               	movlw	0
  4075   000648  6E11               	movwf	(___fldiv@b+2)^0,c
  4076   00064A  0E00               	movlw	0
  4077   00064C  6E12               	movwf	(___fldiv@b+3)^0,c
  4078   00064E                     l1619:
  4079   00064E  8E11               	bsf	(___fldiv@b+2)^0,7,c
  4080   000650  6A12               	clrf	(___fldiv@b+3)^0,c
  4081   000652  EF33  F003         	goto	l1625
  4082   000656                     l1623:
  4083   000656  0E00               	movlw	0
  4084   000658  6E0F               	movwf	___fldiv@b^0,c
  4085   00065A  0E00               	movlw	0
  4086   00065C  6E10               	movwf	(___fldiv@b+1)^0,c
  4087   00065E  0E00               	movlw	0
  4088   000660  6E11               	movwf	(___fldiv@b+2)^0,c
  4089   000662  0E00               	movlw	0
  4090   000664  6E12               	movwf	(___fldiv@b+3)^0,c
  4091   000666                     l1625:
  4092   000666  5016               	movf	(___fldiv@a+3)^0,w,c
  4093   000668  0B80               	andlw	128
  4094   00066A  1A1F               	xorwf	___fldiv@sign^0,f,c
  4095   00066C  5016               	movf	(___fldiv@a+3)^0,w,c
  4096   00066E  2416               	addwf	(___fldiv@a+3)^0,w,c
  4097   000670  6E27               	movwf	___fldiv@aexp^0,c
  4098   000672  AE15               	btfss	(___fldiv@a+2)^0,7,c
  4099   000674  EF3E  F003         	goto	u861
  4100   000678  EF40  F003         	goto	u860
  4101   00067C                     u861:
  4102   00067C  EF41  F003         	goto	l1633
  4103   000680                     u860:
  4104   000680  8027               	bsf	___fldiv@aexp^0,0,c
  4105   000682                     l1633:
  4106   000682  5027               	movf	___fldiv@aexp^0,w,c
  4107   000684  B4D8               	btfsc	status,2,c
  4108   000686  EF47  F003         	goto	u871
  4109   00068A  EF49  F003         	goto	u870
  4110   00068E                     u871:
  4111   00068E  EF5D  F003         	goto	l1643
  4112   000692                     u870:
  4113   000692  2827               	incf	___fldiv@aexp^0,w,c
  4114   000694  A4D8               	btfss	status,2,c
  4115   000696  EF4F  F003         	goto	u881
  4116   00069A  EF51  F003         	goto	u880
  4117   00069E                     u881:
  4118   00069E  EF59  F003         	goto	l1639
  4119   0006A2                     u880:
  4120   0006A2  0E00               	movlw	0
  4121   0006A4  6E13               	movwf	___fldiv@a^0,c
  4122   0006A6  0E00               	movlw	0
  4123   0006A8  6E14               	movwf	(___fldiv@a+1)^0,c
  4124   0006AA  0E00               	movlw	0
  4125   0006AC  6E15               	movwf	(___fldiv@a+2)^0,c
  4126   0006AE  0E00               	movlw	0
  4127   0006B0  6E16               	movwf	(___fldiv@a+3)^0,c
  4128   0006B2                     l1639:
  4129   0006B2  8E15               	bsf	(___fldiv@a+2)^0,7,c
  4130   0006B4  6A16               	clrf	(___fldiv@a+3)^0,c
  4131   0006B6  EF65  F003         	goto	l1645
  4132   0006BA                     l1643:
  4133   0006BA  0E00               	movlw	0
  4134   0006BC  6E13               	movwf	___fldiv@a^0,c
  4135   0006BE  0E00               	movlw	0
  4136   0006C0  6E14               	movwf	(___fldiv@a+1)^0,c
  4137   0006C2  0E00               	movlw	0
  4138   0006C4  6E15               	movwf	(___fldiv@a+2)^0,c
  4139   0006C6  0E00               	movlw	0
  4140   0006C8  6E16               	movwf	(___fldiv@a+3)^0,c
  4141   0006CA                     l1645:
  4142   0006CA  5013               	movf	___fldiv@a^0,w,c
  4143   0006CC  1014               	iorwf	(___fldiv@a+1)^0,w,c
  4144   0006CE  1015               	iorwf	(___fldiv@a+2)^0,w,c
  4145   0006D0  1016               	iorwf	(___fldiv@a+3)^0,w,c
  4146   0006D2  A4D8               	btfss	status,2,c
  4147   0006D4  EF6E  F003         	goto	u891
  4148   0006D8  EF70  F003         	goto	u890
  4149   0006DC                     u891:
  4150   0006DC  EF88  F003         	goto	l1657
  4151   0006E0                     u890:
  4152   0006E0  0E00               	movlw	0
  4153   0006E2  6E0F               	movwf	___fldiv@b^0,c
  4154   0006E4  0E00               	movlw	0
  4155   0006E6  6E10               	movwf	(___fldiv@b+1)^0,c
  4156   0006E8  0E00               	movlw	0
  4157   0006EA  6E11               	movwf	(___fldiv@b+2)^0,c
  4158   0006EC  0E00               	movlw	0
  4159   0006EE  6E12               	movwf	(___fldiv@b+3)^0,c
  4160   0006F0  0E80               	movlw	128
  4161   0006F2  1211               	iorwf	(___fldiv@b+2)^0,f,c
  4162   0006F4  0E7F               	movlw	127
  4163   0006F6  1212               	iorwf	(___fldiv@b+3)^0,f,c
  4164   0006F8                     l1651:
  4165   0006F8  501F               	movf	___fldiv@sign^0,w,c
  4166   0006FA  1212               	iorwf	(___fldiv@b+3)^0,f,c
  4167   0006FC  C00F  F00F         	movff	___fldiv@b,?___fldiv
  4168   000700  C010  F010         	movff	___fldiv@b+1,?___fldiv+1
  4169   000704  C011  F011         	movff	___fldiv@b+2,?___fldiv+2
  4170   000708  C012  F012         	movff	___fldiv@b+3,?___fldiv+3
  4171   00070C  EFC7  F004         	goto	l948
  4172   000710                     l1657:
  4173   000710  5026               	movf	___fldiv@bexp^0,w,c
  4174   000712  A4D8               	btfss	status,2,c
  4175   000714  EF8E  F003         	goto	u901
  4176   000718  EF90  F003         	goto	u900
  4177   00071C                     u901:
  4178   00071C  EF9A  F003         	goto	l1665
  4179   000720                     u900:
  4180   000720  0E00               	movlw	0
  4181   000722  6E0F               	movwf	?___fldiv^0,c
  4182   000724  0E00               	movlw	0
  4183   000726  6E10               	movwf	(?___fldiv+1)^0,c
  4184   000728  0E00               	movlw	0
  4185   00072A  6E11               	movwf	(?___fldiv+2)^0,c
  4186   00072C  0E00               	movlw	0
  4187   00072E  6E12               	movwf	(?___fldiv+3)^0,c
  4188   000730  EFC7  F004         	goto	l948
  4189   000734                     l1665:
  4190   000734  5027               	movf	___fldiv@aexp^0,w,c
  4191   000736  C026  F017         	movff	___fldiv@bexp,??___fldiv
  4192   00073A  6A18               	clrf	(??___fldiv+1)^0,c
  4193   00073C  5E17               	subwf	??___fldiv^0,f,c
  4194   00073E  0E00               	movlw	0
  4195   000740  5A18               	subwfb	(??___fldiv+1)^0,f,c
  4196   000742  0E7F               	movlw	127
  4197   000744  2417               	addwf	??___fldiv^0,w,c
  4198   000746  6E20               	movwf	___fldiv@new_exp^0,c
  4199   000748  0E00               	movlw	0
  4200   00074A  2018               	addwfc	(??___fldiv+1)^0,w,c
  4201   00074C  6E21               	movwf	(___fldiv@new_exp+1)^0,c
  4202   00074E  C00F  F01B         	movff	___fldiv@b,___fldiv@rem
  4203   000752  C010  F01C         	movff	___fldiv@b+1,___fldiv@rem+1
  4204   000756  C011  F01D         	movff	___fldiv@b+2,___fldiv@rem+2
  4205   00075A  C012  F01E         	movff	___fldiv@b+3,___fldiv@rem+3
  4206   00075E  0E00               	movlw	0
  4207   000760  6E0F               	movwf	___fldiv@b^0,c
  4208   000762  0E00               	movlw	0
  4209   000764  6E10               	movwf	(___fldiv@b+1)^0,c
  4210   000766  0E00               	movlw	0
  4211   000768  6E11               	movwf	(___fldiv@b+2)^0,c
  4212   00076A  0E00               	movlw	0
  4213   00076C  6E12               	movwf	(___fldiv@b+3)^0,c
  4214   00076E  0E00               	movlw	0
  4215   000770  6E22               	movwf	___fldiv@grs^0,c
  4216   000772  0E00               	movlw	0
  4217   000774  6E23               	movwf	(___fldiv@grs+1)^0,c
  4218   000776  0E00               	movlw	0
  4219   000778  6E24               	movwf	(___fldiv@grs+2)^0,c
  4220   00077A  0E00               	movlw	0
  4221   00077C  6E25               	movwf	(___fldiv@grs+3)^0,c
  4222   00077E  6A27               	clrf	___fldiv@aexp^0,c
  4223   000780  EFFA  F003         	goto	l950
  4224   000784                     l1675:
  4225   000784  5027               	movf	___fldiv@aexp^0,w,c
  4226   000786  B4D8               	btfsc	status,2,c
  4227   000788  EFC8  F003         	goto	u911
  4228   00078C  EFCA  F003         	goto	u910
  4229   000790                     u911:
  4230   000790  EFE1  F003         	goto	l1683
  4231   000794                     u910:
  4232   000794  90D8               	bcf	status,0,c
  4233   000796  361B               	rlcf	___fldiv@rem^0,f,c
  4234   000798  361C               	rlcf	(___fldiv@rem+1)^0,f,c
  4235   00079A  361D               	rlcf	(___fldiv@rem+2)^0,f,c
  4236   00079C  361E               	rlcf	(___fldiv@rem+3)^0,f,c
  4237   00079E  90D8               	bcf	status,0,c
  4238   0007A0  360F               	rlcf	___fldiv@b^0,f,c
  4239   0007A2  3610               	rlcf	(___fldiv@b+1)^0,f,c
  4240   0007A4  3611               	rlcf	(___fldiv@b+2)^0,f,c
  4241   0007A6  3612               	rlcf	(___fldiv@b+3)^0,f,c
  4242   0007A8  AE25               	btfss	(___fldiv@grs+3)^0,7,c
  4243   0007AA  EFD9  F003         	goto	u921
  4244   0007AE  EFDB  F003         	goto	u920
  4245   0007B2                     u921:
  4246   0007B2  EFDC  F003         	goto	l953
  4247   0007B6                     u920:
  4248   0007B6  800F               	bsf	___fldiv@b^0,0,c
  4249   0007B8                     l953:
  4250   0007B8  90D8               	bcf	status,0,c
  4251   0007BA  3622               	rlcf	___fldiv@grs^0,f,c
  4252   0007BC  3623               	rlcf	(___fldiv@grs+1)^0,f,c
  4253   0007BE  3624               	rlcf	(___fldiv@grs+2)^0,f,c
  4254   0007C0  3625               	rlcf	(___fldiv@grs+3)^0,f,c
  4255   0007C2                     l1683:
  4256   0007C2  5013               	movf	___fldiv@a^0,w,c
  4257   0007C4  5C1B               	subwf	___fldiv@rem^0,w,c
  4258   0007C6  5014               	movf	(___fldiv@a+1)^0,w,c
  4259   0007C8  581C               	subwfb	(___fldiv@rem+1)^0,w,c
  4260   0007CA  5015               	movf	(___fldiv@a+2)^0,w,c
  4261   0007CC  581D               	subwfb	(___fldiv@rem+2)^0,w,c
  4262   0007CE  5016               	movf	(___fldiv@a+3)^0,w,c
  4263   0007D0  581E               	subwfb	(___fldiv@rem+3)^0,w,c
  4264   0007D2  A0D8               	btfss	status,0,c
  4265   0007D4  EFEE  F003         	goto	u931
  4266   0007D8  EFF0  F003         	goto	u930
  4267   0007DC                     u931:
  4268   0007DC  EFF9  F003         	goto	l1689
  4269   0007E0                     u930:
  4270   0007E0  8C25               	bsf	(___fldiv@grs+3)^0,6,c
  4271   0007E2  5013               	movf	___fldiv@a^0,w,c
  4272   0007E4  5E1B               	subwf	___fldiv@rem^0,f,c
  4273   0007E6  5014               	movf	(___fldiv@a+1)^0,w,c
  4274   0007E8  5A1C               	subwfb	(___fldiv@rem+1)^0,f,c
  4275   0007EA  5015               	movf	(___fldiv@a+2)^0,w,c
  4276   0007EC  5A1D               	subwfb	(___fldiv@rem+2)^0,f,c
  4277   0007EE  5016               	movf	(___fldiv@a+3)^0,w,c
  4278   0007F0  5A1E               	subwfb	(___fldiv@rem+3)^0,f,c
  4279   0007F2                     l1689:
  4280   0007F2  2A27               	incf	___fldiv@aexp^0,f,c
  4281   0007F4                     l950:
  4282   0007F4  0E19               	movlw	25
  4283   0007F6  6427               	cpfsgt	___fldiv@aexp^0,c
  4284   0007F8  EF00  F004         	goto	u941
  4285   0007FC  EF02  F004         	goto	u940
  4286   000800                     u941:
  4287   000800  EFC2  F003         	goto	l1675
  4288   000804                     u940:
  4289   000804  501B               	movf	___fldiv@rem^0,w,c
  4290   000806  101C               	iorwf	(___fldiv@rem+1)^0,w,c
  4291   000808  101D               	iorwf	(___fldiv@rem+2)^0,w,c
  4292   00080A  101E               	iorwf	(___fldiv@rem+3)^0,w,c
  4293   00080C  B4D8               	btfsc	status,2,c
  4294   00080E  EF0B  F004         	goto	u951
  4295   000812  EF0D  F004         	goto	u950
  4296   000816                     u951:
  4297   000816  EF25  F004         	goto	l1701
  4298   00081A                     u950:
  4299   00081A  8022               	bsf	___fldiv@grs^0,0,c
  4300   00081C  EF25  F004         	goto	l1701
  4301   000820                     l1695:
  4302   000820  90D8               	bcf	status,0,c
  4303   000822  360F               	rlcf	___fldiv@b^0,f,c
  4304   000824  3610               	rlcf	(___fldiv@b+1)^0,f,c
  4305   000826  3611               	rlcf	(___fldiv@b+2)^0,f,c
  4306   000828  3612               	rlcf	(___fldiv@b+3)^0,f,c
  4307   00082A  AE25               	btfss	(___fldiv@grs+3)^0,7,c
  4308   00082C  EF1A  F004         	goto	u961
  4309   000830  EF1C  F004         	goto	u960
  4310   000834                     u961:
  4311   000834  EF1D  F004         	goto	l959
  4312   000838                     u960:
  4313   000838  800F               	bsf	___fldiv@b^0,0,c
  4314   00083A                     l959:
  4315   00083A  90D8               	bcf	status,0,c
  4316   00083C  3622               	rlcf	___fldiv@grs^0,f,c
  4317   00083E  3623               	rlcf	(___fldiv@grs+1)^0,f,c
  4318   000840  3624               	rlcf	(___fldiv@grs+2)^0,f,c
  4319   000842  3625               	rlcf	(___fldiv@grs+3)^0,f,c
  4320   000844  0620               	decf	___fldiv@new_exp^0,f,c
  4321   000846  A0D8               	btfss	status,0,c
  4322   000848  0621               	decf	(___fldiv@new_exp+1)^0,f,c
  4323   00084A                     l1701:
  4324   00084A  AE11               	btfss	(___fldiv@b+2)^0,7,c
  4325   00084C  EF2A  F004         	goto	u971
  4326   000850  EF2C  F004         	goto	u970
  4327   000854                     u971:
  4328   000854  EF10  F004         	goto	l1695
  4329   000858                     u970:
  4330   000858  6A27               	clrf	___fldiv@aexp^0,c
  4331   00085A  AE25               	btfss	(___fldiv@grs+3)^0,7,c
  4332   00085C  EF32  F004         	goto	u981
  4333   000860  EF34  F004         	goto	u980
  4334   000864                     u981:
  4335   000864  EF58  F004         	goto	l961
  4336   000868                     u980:
  4337   000868  0EFF               	movlw	255
  4338   00086A  1422               	andwf	___fldiv@grs^0,w,c
  4339   00086C  6E17               	movwf	??___fldiv^0,c
  4340   00086E  0EFF               	movlw	255
  4341   000870  1423               	andwf	(___fldiv@grs+1)^0,w,c
  4342   000872  6E18               	movwf	(??___fldiv+1)^0,c
  4343   000874  0EFF               	movlw	255
  4344   000876  1424               	andwf	(___fldiv@grs+2)^0,w,c
  4345   000878  6E19               	movwf	(??___fldiv+2)^0,c
  4346   00087A  0E7F               	movlw	127
  4347   00087C  1425               	andwf	(___fldiv@grs+3)^0,w,c
  4348   00087E  6E1A               	movwf	(??___fldiv+3)^0,c
  4349   000880  5017               	movf	??___fldiv^0,w,c
  4350   000882  1018               	iorwf	(??___fldiv+1)^0,w,c
  4351   000884  1019               	iorwf	(??___fldiv+2)^0,w,c
  4352   000886  101A               	iorwf	(??___fldiv+3)^0,w,c
  4353   000888  B4D8               	btfsc	status,2,c
  4354   00088A  EF49  F004         	goto	u991
  4355   00088E  EF4B  F004         	goto	u990
  4356   000892                     u991:
  4357   000892  EF4F  F004         	goto	l962
  4358   000896                     u990:
  4359   000896                     l1705:
  4360   000896  0E01               	movlw	1
  4361   000898  6E27               	movwf	___fldiv@aexp^0,c
  4362   00089A  EF58  F004         	goto	l961
  4363   00089E                     l962:
  4364   00089E  A00F               	btfss	___fldiv@b^0,0,c
  4365   0008A0  EF54  F004         	goto	u1001
  4366   0008A4  EF56  F004         	goto	u1000
  4367   0008A8                     u1001:
  4368   0008A8  EF58  F004         	goto	l961
  4369   0008AC                     u1000:
  4370   0008AC  EF4B  F004         	goto	l1705
  4371   0008B0                     l961:
  4372   0008B0  5027               	movf	___fldiv@aexp^0,w,c
  4373   0008B2  B4D8               	btfsc	status,2,c
  4374   0008B4  EF5E  F004         	goto	u1011
  4375   0008B8  EF60  F004         	goto	u1010
  4376   0008BC                     u1011:
  4377   0008BC  EF84  F004         	goto	l1717
  4378   0008C0                     u1010:
  4379   0008C0  0E01               	movlw	1
  4380   0008C2  260F               	addwf	___fldiv@b^0,f,c
  4381   0008C4  0E00               	movlw	0
  4382   0008C6  2210               	addwfc	(___fldiv@b+1)^0,f,c
  4383   0008C8  2211               	addwfc	(___fldiv@b+2)^0,f,c
  4384   0008CA  2212               	addwfc	(___fldiv@b+3)^0,f,c
  4385   0008CC  A012               	btfss	(___fldiv@b+3)^0,0,c
  4386   0008CE  EF6B  F004         	goto	u1021
  4387   0008D2  EF6D  F004         	goto	u1020
  4388   0008D6                     u1021:
  4389   0008D6  EF84  F004         	goto	l1717
  4390   0008DA                     u1020:
  4391   0008DA  C00F  F017         	movff	___fldiv@b,??___fldiv
  4392   0008DE  C010  F018         	movff	___fldiv@b+1,??___fldiv+1
  4393   0008E2  C011  F019         	movff	___fldiv@b+2,??___fldiv+2
  4394   0008E6  C012  F01A         	movff	___fldiv@b+3,??___fldiv+3
  4395   0008EA  341A               	rlcf	(??___fldiv+3)^0,w,c
  4396   0008EC  321A               	rrcf	(??___fldiv+3)^0,f,c
  4397   0008EE  3219               	rrcf	(??___fldiv+2)^0,f,c
  4398   0008F0  3218               	rrcf	(??___fldiv+1)^0,f,c
  4399   0008F2  3217               	rrcf	??___fldiv^0,f,c
  4400   0008F4  C017  F00F         	movff	??___fldiv,___fldiv@b
  4401   0008F8  C018  F010         	movff	??___fldiv+1,___fldiv@b+1
  4402   0008FC  C019  F011         	movff	??___fldiv+2,___fldiv@b+2
  4403   000900  C01A  F012         	movff	??___fldiv+3,___fldiv@b+3
  4404   000904  4A20               	infsnz	___fldiv@new_exp^0,f,c
  4405   000906  2A21               	incf	(___fldiv@new_exp+1)^0,f,c
  4406   000908                     l1717:
  4407   000908  BE21               	btfsc	(___fldiv@new_exp+1)^0,7,c
  4408   00090A  EF8F  F004         	goto	u1031
  4409   00090E  5021               	movf	(___fldiv@new_exp+1)^0,w,c
  4410   000910  E108               	bnz	u1030
  4411   000912  2820               	incf	___fldiv@new_exp^0,w,c
  4412   000914  A0D8               	btfss	status,0,c
  4413   000916  EF8F  F004         	goto	u1031
  4414   00091A  EF91  F004         	goto	u1030
  4415   00091E                     u1031:
  4416   00091E  EF9C  F004         	goto	l1721
  4417   000922                     u1030:
  4418   000922  0E00               	movlw	0
  4419   000924  6E21               	movwf	(___fldiv@new_exp+1)^0,c
  4420   000926  6820               	setf	___fldiv@new_exp^0,c
  4421   000928  0E00               	movlw	0
  4422   00092A  6E0F               	movwf	___fldiv@b^0,c
  4423   00092C  0E00               	movlw	0
  4424   00092E  6E10               	movwf	(___fldiv@b+1)^0,c
  4425   000930  0E00               	movlw	0
  4426   000932  6E11               	movwf	(___fldiv@b+2)^0,c
  4427   000934  0E00               	movlw	0
  4428   000936  6E12               	movwf	(___fldiv@b+3)^0,c
  4429   000938                     l1721:
  4430   000938  BE21               	btfsc	(___fldiv@new_exp+1)^0,7,c
  4431   00093A  EFA9  F004         	goto	u1040
  4432   00093E  5021               	movf	(___fldiv@new_exp+1)^0,w,c
  4433   000940  E106               	bnz	u1041
  4434   000942  0420               	decf	___fldiv@new_exp^0,w,c
  4435   000944  B0D8               	btfsc	status,0,c
  4436   000946  EFA7  F004         	goto	u1041
  4437   00094A  EFA9  F004         	goto	u1040
  4438   00094E                     u1041:
  4439   00094E  EFB5  F004         	goto	l1727
  4440   000952                     u1040:
  4441   000952  6A21               	clrf	(___fldiv@new_exp+1)^0,c
  4442   000954  0E00               	movlw	0
  4443   000956  6E20               	movwf	___fldiv@new_exp^0,c
  4444   000958  0E00               	movlw	0
  4445   00095A  6E0F               	movwf	___fldiv@b^0,c
  4446   00095C  0E00               	movlw	0
  4447   00095E  6E10               	movwf	(___fldiv@b+1)^0,c
  4448   000960  0E00               	movlw	0
  4449   000962  6E11               	movwf	(___fldiv@b+2)^0,c
  4450   000964  0E00               	movlw	0
  4451   000966  6E12               	movwf	(___fldiv@b+3)^0,c
  4452   000968  6A1F               	clrf	___fldiv@sign^0,c
  4453   00096A                     l1727:
  4454   00096A  C020  F026         	movff	___fldiv@new_exp,___fldiv@bexp
  4455   00096E  A026               	btfss	___fldiv@bexp^0,0,c
  4456   000970  EFBC  F004         	goto	u1051
  4457   000974  EFBE  F004         	goto	u1050
  4458   000978                     u1051:
  4459   000978  EFC1  F004         	goto	l1733
  4460   00097C                     u1050:
  4461   00097C  8E11               	bsf	(___fldiv@b+2)^0,7,c
  4462   00097E  EFC2  F004         	goto	l1735
  4463   000982                     l1733:
  4464   000982  9E11               	bcf	(___fldiv@b+2)^0,7,c
  4465   000984                     l1735:
  4466   000984  90D8               	bcf	status,0,c
  4467   000986  3026               	rrcf	___fldiv@bexp^0,w,c
  4468   000988  6E12               	movwf	(___fldiv@b+3)^0,c
  4469   00098A  EF7C  F003         	goto	l1651
  4470   00098E                     l948:
  4471   00098E  0012               	return		;funcret
  4472   000990                     __end_of___fldiv:
  4473                           	callstack 0
  4474                           
  4475 ;; *************** function _get_gear_pos *****************
  4476 ;; Defined at:
  4477 ;;		line 33 in file "ecu1_sensor.c"
  4478 ;; Parameters:    Size  Location     Type
  4479 ;;		None
  4480 ;; Auto vars:     Size  Location     Type
  4481 ;;		None
  4482 ;; Return value:  Size  Location     Type
  4483 ;;                  1    wreg      unsigned char 
  4484 ;; Registers used:
  4485 ;;		wreg, status,2, status,0, cstack
  4486 ;; Tracked objects:
  4487 ;;		On entry : 0/0
  4488 ;;		On exit  : 0/0
  4489 ;;		Unchanged: 0/0
  4490 ;; Data sizes:     COMRAM   BANK0   BANK1   BANK2   BANK3   BANK4   BANK5
  4491 ;;      Params:         0       0       0       0       0       0       0
  4492 ;;      Locals:         0       0       0       0       0       0       0
  4493 ;;      Temps:          0       0       0       0       0       0       0
  4494 ;;      Totals:         0       0       0       0       0       0       0
  4495 ;;Total ram usage:        0 bytes
  4496 ;; Hardware stack levels used: 1
  4497 ;; Hardware stack levels required when called: 1
  4498 ;; This function calls:
  4499 ;;		_read_digital_keypad
  4500 ;; This function is called by:
  4501 ;;		_main
  4502 ;; This function uses a non-reentrant model
  4503 ;;
  4504                           
  4505                           	psect	text10
  4506   000EF6                     __ptext10:
  4507                           	callstack 0
  4508   000EF6                     _get_gear_pos:
  4509                           	callstack 29
  4510   000EF6                     
  4511                           ;ecu1_sensor.c: 35:     key = read_digital_keypad(1);
  4512   000EF6  0E01               	movlw	1
  4513   000EF8  EC41  F007         	call	_read_digital_keypad
  4514   000EFC  6E5B               	movwf	_key^0,c
  4515   000EFE                     
  4516                           ;ecu1_sensor.c: 37:         if(key == 0x0E)
  4517   000EFE  0E0E               	movlw	14
  4518   000F00  185B               	xorwf	_key^0,w,c
  4519   000F02  A4D8               	btfss	status,2,c
  4520   000F04  EF86  F007         	goto	u1241
  4521   000F08  EF88  F007         	goto	u1240
  4522   000F0C                     u1241:
  4523   000F0C  EF93  F007         	goto	l1869
  4524   000F10                     u1240:
  4525   000F10                     
  4526                           ;ecu1_sensor.c: 38:         {;ecu1_sensor.c: 39:             if(gear_index <6)
  4527   000F10  0E06               	movlw	6
  4528   000F12  605C               	cpfslt	_gear_index^0,c
  4529   000F14  EF8E  F007         	goto	u1251
  4530   000F18  EF90  F007         	goto	u1250
  4531   000F1C                     u1251:
  4532   000F1C  EFB2  F007         	goto	l248
  4533   000F20                     u1250:
  4534   000F20                     
  4535                           ;ecu1_sensor.c: 40:             {;ecu1_sensor.c: 41:                 gear_index++;
  4536   000F20  2A5C               	incf	_gear_index^0,f,c
  4537   000F22  EFB2  F007         	goto	l248
  4538   000F26                     l1869:
  4539   000F26  0E0D               	movlw	13
  4540   000F28  185B               	xorwf	_key^0,w,c
  4541   000F2A  A4D8               	btfss	status,2,c
  4542   000F2C  EF9A  F007         	goto	u1261
  4543   000F30  EF9C  F007         	goto	u1260
  4544   000F34                     u1261:
  4545   000F34  EFA7  F007         	goto	l1875
  4546   000F38                     u1260:
  4547   000F38                     
  4548                           ;ecu1_sensor.c: 45:         {;ecu1_sensor.c: 46:             if(gear_index > 0)
  4549   000F38  505C               	movf	_gear_index^0,w,c
  4550   000F3A  B4D8               	btfsc	status,2,c
  4551   000F3C  EFA2  F007         	goto	u1271
  4552   000F40  EFA4  F007         	goto	u1270
  4553   000F44                     u1271:
  4554   000F44  EFB2  F007         	goto	l248
  4555   000F48                     u1270:
  4556   000F48                     
  4557                           ;ecu1_sensor.c: 47:             {;ecu1_sensor.c: 48:               gear_index--;
  4558   000F48  065C               	decf	_gear_index^0,f,c
  4559   000F4A  EFB2  F007         	goto	l248
  4560   000F4E                     l1875:
  4561   000F4E  0E0B               	movlw	11
  4562   000F50  185B               	xorwf	_key^0,w,c
  4563   000F52  A4D8               	btfss	status,2,c
  4564   000F54  EFAE  F007         	goto	u1281
  4565   000F58  EFB0  F007         	goto	u1280
  4566   000F5C                     u1281:
  4567   000F5C  EFB2  F007         	goto	l248
  4568   000F60                     u1280:
  4569   000F60                     
  4570                           ;ecu1_sensor.c: 52:         {;ecu1_sensor.c: 53:             gear_index = 7;
  4571   000F60  0E07               	movlw	7
  4572   000F62  6E5C               	movwf	_gear_index^0,c
  4573   000F64                     l248:
  4574                           
  4575                           ;ecu1_sensor.c: 56:     return gear_index;
  4576   000F64  505C               	movf	_gear_index^0,w,c
  4577   000F66  0012               	return		;funcret
  4578   000F68                     __end_of_get_gear_pos:
  4579                           	callstack 0
  4580                           
  4581 ;; *************** function _read_digital_keypad *****************
  4582 ;; Defined at:
  4583 ;;		line 16 in file "digital_keypad.c"
  4584 ;; Parameters:    Size  Location     Type
  4585 ;;  detection_ty    1    wreg     unsigned char 
  4586 ;; Auto vars:     Size  Location     Type
  4587 ;;  detection_ty    1    0[COMRAM] unsigned char 
  4588 ;; Return value:  Size  Location     Type
  4589 ;;                  1    wreg      unsigned char 
  4590 ;; Registers used:
  4591 ;;		wreg, status,2, status,0
  4592 ;; Tracked objects:
  4593 ;;		On entry : 0/0
  4594 ;;		On exit  : 0/0
  4595 ;;		Unchanged: 0/0
  4596 ;; Data sizes:     COMRAM   BANK0   BANK1   BANK2   BANK3   BANK4   BANK5
  4597 ;;      Params:         0       0       0       0       0       0       0
  4598 ;;      Locals:         1       0       0       0       0       0       0
  4599 ;;      Temps:          0       0       0       0       0       0       0
  4600 ;;      Totals:         1       0       0       0       0       0       0
  4601 ;;Total ram usage:        1 bytes
  4602 ;; Hardware stack levels used: 1
  4603 ;; This function calls:
  4604 ;;		Nothing
  4605 ;; This function is called by:
  4606 ;;		_get_gear_pos
  4607 ;; This function uses a non-reentrant model
  4608 ;;
  4609                           
  4610                           	psect	text11
  4611   000E82                     __ptext11:
  4612                           	callstack 0
  4613   000E82                     _read_digital_keypad:
  4614                           	callstack 29
  4615                           
  4616                           ;incstack = 0
  4617                           ;read_digital_keypad@detection_type stored from wreg
  4618   000E82  6E01               	movwf	read_digital_keypad@detection_type^0,c
  4619   000E84                     
  4620                           ;digital_keypad.c: 16: unsigned char read_digital_keypad(unsigned char detection_type);d
      +                          igital_keypad.c: 17: {;digital_keypad.c: 18:  static unsigned char once = 1;;digital_key
      +                          pad.c: 20:  if (detection_type == 1)
  4621   000E84  0401               	decf	read_digital_keypad@detection_type^0,w,c
  4622   000E86  A4D8               	btfss	status,2,c
  4623   000E88  EF48  F007         	goto	u781
  4624   000E8C  EF4A  F007         	goto	u780
  4625   000E90                     u781:
  4626   000E90  EF6F  F007         	goto	l1597
  4627   000E94                     u780:
  4628   000E94                     
  4629                           ;digital_keypad.c: 21:  {;digital_keypad.c: 22:   if (((PORTC & 0x0F) != 0x0F) && once)
  4630   000E94  5082               	movf	130,w,c	;volatile
  4631   000E96  0B0F               	andlw	15
  4632   000E98  0A0F               	xorlw	15
  4633   000E9A  B4D8               	btfsc	status,2,c
  4634   000E9C  EF52  F007         	goto	u791
  4635   000EA0  EF54  F007         	goto	u790
  4636   000EA4                     u791:
  4637   000EA4  EF61  F007         	goto	l1593
  4638   000EA8                     u790:
  4639   000EA8  505E               	movf	read_digital_keypad@once^0,w,c
  4640   000EAA  B4D8               	btfsc	status,2,c
  4641   000EAC  EF5A  F007         	goto	u801
  4642   000EB0  EF5C  F007         	goto	u800
  4643   000EB4                     u801:
  4644   000EB4  EF61  F007         	goto	l1593
  4645   000EB8                     u800:
  4646   000EB8                     
  4647                           ;digital_keypad.c: 23:   {;digital_keypad.c: 24:    once = 0;
  4648   000EB8  6A5E               	clrf	read_digital_keypad@once^0,c
  4649   000EBA                     l1587:
  4650                           
  4651                           ;digital_keypad.c: 26:    return (PORTC & 0x0F);
  4652   000EBA  5082               	movf	130,w,c	;volatile
  4653   000EBC  0B0F               	andlw	15
  4654   000EBE  EF7A  F007         	goto	l220
  4655   000EC2                     l1593:
  4656   000EC2  5082               	movf	130,w,c	;volatile
  4657   000EC4  0B0F               	andlw	15
  4658   000EC6  0A0F               	xorlw	15
  4659   000EC8  A4D8               	btfss	status,2,c
  4660   000ECA  EF69  F007         	goto	u811
  4661   000ECE  EF6B  F007         	goto	u810
  4662   000ED2                     u811:
  4663   000ED2  EF79  F007         	goto	l1603
  4664   000ED6                     u810:
  4665   000ED6                     
  4666                           ;digital_keypad.c: 29:   {;digital_keypad.c: 30:    once = 1;
  4667   000ED6  0E01               	movlw	1
  4668   000ED8  6E5E               	movwf	read_digital_keypad@once^0,c
  4669   000EDA  EF79  F007         	goto	l1603
  4670   000EDE                     l1597:
  4671   000EDE  5001               	movf	read_digital_keypad@detection_type^0,w,c
  4672   000EE0  A4D8               	btfss	status,2,c
  4673   000EE2  EF75  F007         	goto	u821
  4674   000EE6  EF77  F007         	goto	u820
  4675   000EEA                     u821:
  4676   000EEA  EF79  F007         	goto	l1603
  4677   000EEE                     u820:
  4678   000EEE  EF5D  F007         	goto	l1587
  4679   000EF2                     l1603:
  4680                           
  4681                           ;digital_keypad.c: 38:  return 0xFF;
  4682   000EF2  0EFF               	movlw	255
  4683   000EF4                     l220:
  4684   000EF4  0012               	return		;funcret
  4685   000EF6                     __end_of_read_digital_keypad:
  4686                           	callstack 0
  4687                           
  4688 ;; *************** function _can_transmit *****************
  4689 ;; Defined at:
  4690 ;;		line 72 in file "can.c"
  4691 ;; Parameters:    Size  Location     Type
  4692 ;;  msg_id          2    4[COMRAM] unsigned short 
  4693 ;;  data            1    6[COMRAM] PTR const unsigned char 
  4694 ;;		 -> main@gear(1), main@buff(2), 
  4695 ;;  len             1    7[COMRAM] unsigned char 
  4696 ;; Auto vars:     Size  Location     Type
  4697 ;;  i               2   13[COMRAM] int 
  4698 ;;  ptr             2   11[COMRAM] PTR unsigned char 
  4699 ;;		 -> TXB0D0(1), 
  4700 ;; Return value:  Size  Location     Type
  4701 ;;                  1    wreg      void 
  4702 ;; Registers used:
  4703 ;;		wreg, fsr1l, fsr1h, fsr2l, fsr2h, status,2, status,0, cstack
  4704 ;; Tracked objects:
  4705 ;;		On entry : 0/0
  4706 ;;		On exit  : 0/0
  4707 ;;		Unchanged: 0/0
  4708 ;; Data sizes:     COMRAM   BANK0   BANK1   BANK2   BANK3   BANK4   BANK5
  4709 ;;      Params:         4       0       0       0       0       0       0
  4710 ;;      Locals:         4       0       0       0       0       0       0
  4711 ;;      Temps:          3       0       0       0       0       0       0
  4712 ;;      Totals:        11       0       0       0       0       0       0
  4713 ;;Total ram usage:       11 bytes
  4714 ;; Hardware stack levels used: 1
  4715 ;; Hardware stack levels required when called: 1
  4716 ;; This function calls:
  4717 ;;		_set_msg_id_std
  4718 ;; This function is called by:
  4719 ;;		_main
  4720 ;; This function uses a non-reentrant model
  4721 ;;
  4722                           
  4723                           	psect	text12
  4724   000F68                     __ptext12:
  4725                           	callstack 0
  4726   000F68                     _can_transmit:
  4727                           	callstack 29
  4728   000F68                     
  4729                           ;can.c: 73:     uint8_t *ptr;;can.c: 74:     TXB0EIDH = 0x00;
  4730   000F68  010F               	movlb	15	; () banked
  4731   000F6A  6B43               	clrf	67,b	;volatile
  4732                           
  4733                           ;can.c: 75:     TXB0EIDL = 0x00;
  4734   000F6C  6B44               	clrf	68,b	;volatile
  4735   000F6E                     
  4736                           ; BSR set to: 15
  4737                           ;can.c: 78:     set_msg_id_std(msg_id);
  4738   000F6E  C005  F001         	movff	can_transmit@msg_id,set_msg_id_std@id
  4739   000F72  C006  F002         	movff	can_transmit@msg_id+1,set_msg_id_std@id+1
  4740   000F76  EC89  F008         	call	_set_msg_id_std	;wreg free
  4741   000F7A                     
  4742                           ;can.c: 81:     TXB0DLC = len;
  4743   000F7A  C008  FF45         	movff	can_transmit@len,3909	;volatile
  4744   000F7E                     
  4745                           ;can.c: 86:     ptr = (uint8_t *) & TXB0D0;
  4746   000F7E  0E46               	movlw	70
  4747   000F80  6E0C               	movwf	can_transmit@ptr^0,c
  4748   000F82  0E0F               	movlw	15
  4749   000F84  6E0D               	movwf	(can_transmit@ptr+1)^0,c
  4750   000F86                     
  4751                           ;can.c: 87:     for (int i = 0; i < len; i++) {
  4752   000F86  6A0F               	clrf	(can_transmit@i+1)^0,c
  4753   000F88  0E00               	movlw	0
  4754   000F8A  6E0E               	movwf	can_transmit@i^0,c
  4755   000F8C  EFD6  F007         	goto	l1859
  4756   000F90                     l1855:
  4757                           
  4758                           ;can.c: 88:         ptr[i] = data[i];
  4759   000F90  5007               	movf	can_transmit@data^0,w,c
  4760   000F92  240E               	addwf	can_transmit@i^0,w,c
  4761   000F94  6ED9               	movwf	fsr2l,c
  4762   000F96  6ADA               	clrf	fsr2h,c
  4763   000F98  500E               	movf	can_transmit@i^0,w,c
  4764   000F9A  240C               	addwf	can_transmit@ptr^0,w,c
  4765   000F9C  6EE1               	movwf	fsr1l,c
  4766   000F9E  500F               	movf	(can_transmit@i+1)^0,w,c
  4767   000FA0  200D               	addwfc	(can_transmit@ptr+1)^0,w,c
  4768   000FA2  6EE2               	movwf	fsr1h,c
  4769   000FA4  CFDF FFE7          	movff	indf2,indf1
  4770   000FA8                     
  4771                           ;can.c: 89:     }
  4772   000FA8  4A0E               	infsnz	can_transmit@i^0,f,c
  4773   000FAA  2A0F               	incf	(can_transmit@i+1)^0,f,c
  4774   000FAC                     l1859:
  4775   000FAC  5008               	movf	can_transmit@len^0,w,c
  4776   000FAE  6E09               	movwf	??_can_transmit^0,c
  4777   000FB0  6A0A               	clrf	(??_can_transmit+1)^0,c
  4778   000FB2  5009               	movf	??_can_transmit^0,w,c
  4779   000FB4  5C0E               	subwf	can_transmit@i^0,w,c
  4780   000FB6  500F               	movf	(can_transmit@i+1)^0,w,c
  4781   000FB8  0A80               	xorlw	128
  4782   000FBA  6E0B               	movwf	(??_can_transmit+2)^0,c
  4783   000FBC  500A               	movf	(??_can_transmit+1)^0,w,c
  4784   000FBE  0A80               	xorlw	128
  4785   000FC0  580B               	subwfb	(??_can_transmit+2)^0,w,c
  4786   000FC2  A0D8               	btfss	status,0,c
  4787   000FC4  EFE6  F007         	goto	u1231
  4788   000FC8  EFE8  F007         	goto	u1230
  4789   000FCC                     u1231:
  4790   000FCC  EFC8  F007         	goto	l1855
  4791   000FD0                     u1230:
  4792   000FD0                     
  4793                           ;can.c: 90:     TXB0REQ = 1;
  4794   000FD0  010F               	movlb	15	; () banked
  4795   000FD2  8740               	bsf	64,3,b	;volatile
  4796   000FD4                     
  4797                           ; BSR set to: 15
  4798   000FD4  0012               	return		;funcret
  4799   000FD6                     __end_of_can_transmit:
  4800                           	callstack 0
  4801                           
  4802 ;; *************** function _set_msg_id_std *****************
  4803 ;; Defined at:
  4804 ;;		line 65 in file "can.c"
  4805 ;; Parameters:    Size  Location     Type
  4806 ;;  id              2    0[COMRAM] unsigned int 
  4807 ;; Auto vars:     Size  Location     Type
  4808 ;;		None
  4809 ;; Return value:  Size  Location     Type
  4810 ;;                  1    wreg      void 
  4811 ;; Registers used:
  4812 ;;		wreg, status,2, status,0
  4813 ;; Tracked objects:
  4814 ;;		On entry : 0/0
  4815 ;;		On exit  : 0/0
  4816 ;;		Unchanged: 0/0
  4817 ;; Data sizes:     COMRAM   BANK0   BANK1   BANK2   BANK3   BANK4   BANK5
  4818 ;;      Params:         2       0       0       0       0       0       0
  4819 ;;      Locals:         0       0       0       0       0       0       0
  4820 ;;      Temps:          2       0       0       0       0       0       0
  4821 ;;      Totals:         4       0       0       0       0       0       0
  4822 ;;Total ram usage:        4 bytes
  4823 ;; Hardware stack levels used: 1
  4824 ;; This function calls:
  4825 ;;		Nothing
  4826 ;; This function is called by:
  4827 ;;		_can_transmit
  4828 ;; This function uses a non-reentrant model
  4829 ;;
  4830                           
  4831                           	psect	text13
  4832   001112                     __ptext13:
  4833                           	callstack 0
  4834   001112                     _set_msg_id_std:
  4835                           	callstack 29
  4836   001112                     
  4837                           ;can.c: 66:     TXB0SIDL = (id & 0x7) << 5;
  4838   001112  C001  F003         	movff	set_msg_id_std@id,??_set_msg_id_std
  4839   001116  0E07               	movlw	7
  4840   001118  1603               	andwf	??_set_msg_id_std^0,f,c
  4841   00111A  0E05               	movlw	5
  4842   00111C  6E04               	movwf	(??_set_msg_id_std+1)^0,c
  4843   00111E                     u765:
  4844   00111E  90D8               	bcf	status,0,c
  4845   001120  3603               	rlcf	??_set_msg_id_std^0,f,c
  4846   001122  2E04               	decfsz	(??_set_msg_id_std+1)^0,f,c
  4847   001124  EF8F  F008         	goto	u765
  4848   001128  5003               	movf	??_set_msg_id_std^0,w,c
  4849   00112A  010F               	movlb	15	; () banked
  4850   00112C  6F42               	movwf	66,b	;volatile
  4851                           
  4852                           ;can.c: 67:     TXB0SIDH = (id >> 3);
  4853   00112E  C001  F003         	movff	set_msg_id_std@id,??_set_msg_id_std
  4854   001132  C002  F004         	movff	set_msg_id_std@id+1,??_set_msg_id_std+1
  4855   001136  90D8               	bcf	status,0,c
  4856   001138  3204               	rrcf	(??_set_msg_id_std+1)^0,f,c
  4857   00113A  3203               	rrcf	??_set_msg_id_std^0,f,c
  4858   00113C  90D8               	bcf	status,0,c
  4859   00113E  3204               	rrcf	(??_set_msg_id_std+1)^0,f,c
  4860   001140  3203               	rrcf	??_set_msg_id_std^0,f,c
  4861   001142  90D8               	bcf	status,0,c
  4862   001144  3204               	rrcf	(??_set_msg_id_std+1)^0,f,c
  4863   001146  3203               	rrcf	??_set_msg_id_std^0,f,c
  4864   001148  5003               	movf	??_set_msg_id_std^0,w,c
  4865   00114A  6F41               	movwf	65,b	;volatile
  4866   00114C                     
  4867                           ; BSR set to: 15
  4868   00114C  0012               	return		;funcret
  4869   00114E                     __end_of_set_msg_id_std:
  4870                           	callstack 0
  4871                           
  4872 ;; *************** function ___awmod *****************
  4873 ;; Defined at:
  4874 ;;		line 7 in file "C:\Program Files\Microchip\xc8\v3.10\pic\sources\c99\common\awmod.c"
  4875 ;; Parameters:    Size  Location     Type
  4876 ;;  dividend        2    0[COMRAM] int 
  4877 ;;  divisor         2    2[COMRAM] int 
  4878 ;; Auto vars:     Size  Location     Type
  4879 ;;  sign            1    5[COMRAM] unsigned char 
  4880 ;;  counter         1    4[COMRAM] unsigned char 
  4881 ;; Return value:  Size  Location     Type
  4882 ;;                  2    0[COMRAM] int 
  4883 ;; Registers used:
  4884 ;;		wreg, status,2, status,0
  4885 ;; Tracked objects:
  4886 ;;		On entry : 0/0
  4887 ;;		On exit  : 0/0
  4888 ;;		Unchanged: 0/0
  4889 ;; Data sizes:     COMRAM   BANK0   BANK1   BANK2   BANK3   BANK4   BANK5
  4890 ;;      Params:         4       0       0       0       0       0       0
  4891 ;;      Locals:         2       0       0       0       0       0       0
  4892 ;;      Temps:          0       0       0       0       0       0       0
  4893 ;;      Totals:         6       0       0       0       0       0       0
  4894 ;;Total ram usage:        6 bytes
  4895 ;; Hardware stack levels used: 1
  4896 ;; This function calls:
  4897 ;;		Nothing
  4898 ;; This function is called by:
  4899 ;;		_main
  4900 ;; This function uses a non-reentrant model
  4901 ;;
  4902                           
  4903                           	psect	text14
  4904   000DD4                     __ptext14:
  4905                           	callstack 0
  4906   000DD4                     ___awmod:
  4907                           	callstack 30
  4908   000DD4  6A06               	clrf	___awmod@sign^0,c
  4909   000DD6  BE02               	btfsc	(___awmod@dividend+1)^0,7,c
  4910   000DD8  EFF2  F006         	goto	u1350
  4911   000DDC  EFF0  F006         	goto	u1351
  4912   000DE0                     u1351:
  4913   000DE0  EFF8  F006         	goto	l1933
  4914   000DE4                     u1350:
  4915   000DE4  6C01               	negf	___awmod@dividend^0,c
  4916   000DE6  1E02               	comf	(___awmod@dividend+1)^0,f,c
  4917   000DE8  B0D8               	btfsc	status,0,c
  4918   000DEA  2A02               	incf	(___awmod@dividend+1)^0,f,c
  4919   000DEC  0E01               	movlw	1
  4920   000DEE  6E06               	movwf	___awmod@sign^0,c
  4921   000DF0                     l1933:
  4922   000DF0  BE04               	btfsc	(___awmod@divisor+1)^0,7,c
  4923   000DF2  EFFF  F006         	goto	u1360
  4924   000DF6  EFFD  F006         	goto	u1361
  4925   000DFA                     u1361:
  4926   000DFA  EF03  F007         	goto	l1937
  4927   000DFE                     u1360:
  4928   000DFE  6C03               	negf	___awmod@divisor^0,c
  4929   000E00  1E04               	comf	(___awmod@divisor+1)^0,f,c
  4930   000E02  B0D8               	btfsc	status,0,c
  4931   000E04  2A04               	incf	(___awmod@divisor+1)^0,f,c
  4932   000E06                     l1937:
  4933   000E06  5003               	movf	___awmod@divisor^0,w,c
  4934   000E08  1004               	iorwf	(___awmod@divisor+1)^0,w,c
  4935   000E0A  B4D8               	btfsc	status,2,c
  4936   000E0C  EF0A  F007         	goto	u1371
  4937   000E10  EF0C  F007         	goto	u1370
  4938   000E14                     u1371:
  4939   000E14  EF30  F007         	goto	l1953
  4940   000E18                     u1370:
  4941   000E18  0E01               	movlw	1
  4942   000E1A  6E05               	movwf	___awmod@counter^0,c
  4943   000E1C  EF14  F007         	goto	l1943
  4944   000E20                     l1941:
  4945   000E20  90D8               	bcf	status,0,c
  4946   000E22  3603               	rlcf	___awmod@divisor^0,f,c
  4947   000E24  3604               	rlcf	(___awmod@divisor+1)^0,f,c
  4948   000E26  2A05               	incf	___awmod@counter^0,f,c
  4949   000E28                     l1943:
  4950   000E28  AE04               	btfss	(___awmod@divisor+1)^0,7,c
  4951   000E2A  EF19  F007         	goto	u1381
  4952   000E2E  EF1B  F007         	goto	u1380
  4953   000E32                     u1381:
  4954   000E32  EF10  F007         	goto	l1941
  4955   000E36                     u1380:
  4956   000E36                     l1945:
  4957   000E36  5003               	movf	___awmod@divisor^0,w,c
  4958   000E38  5C01               	subwf	___awmod@dividend^0,w,c
  4959   000E3A  5004               	movf	(___awmod@divisor+1)^0,w,c
  4960   000E3C  5802               	subwfb	(___awmod@dividend+1)^0,w,c
  4961   000E3E  A0D8               	btfss	status,0,c
  4962   000E40  EF24  F007         	goto	u1391
  4963   000E44  EF26  F007         	goto	u1390
  4964   000E48                     u1391:
  4965   000E48  EF2A  F007         	goto	l1949
  4966   000E4C                     u1390:
  4967   000E4C  5003               	movf	___awmod@divisor^0,w,c
  4968   000E4E  5E01               	subwf	___awmod@dividend^0,f,c
  4969   000E50  5004               	movf	(___awmod@divisor+1)^0,w,c
  4970   000E52  5A02               	subwfb	(___awmod@dividend+1)^0,f,c
  4971   000E54                     l1949:
  4972   000E54  90D8               	bcf	status,0,c
  4973   000E56  3204               	rrcf	(___awmod@divisor+1)^0,f,c
  4974   000E58  3203               	rrcf	___awmod@divisor^0,f,c
  4975   000E5A  2E05               	decfsz	___awmod@counter^0,f,c
  4976   000E5C  EF1B  F007         	goto	l1945
  4977   000E60                     l1953:
  4978   000E60  5006               	movf	___awmod@sign^0,w,c
  4979   000E62  B4D8               	btfsc	status,2,c
  4980   000E64  EF36  F007         	goto	u1401
  4981   000E68  EF38  F007         	goto	u1400
  4982   000E6C                     u1401:
  4983   000E6C  EF3C  F007         	goto	l1957
  4984   000E70                     u1400:
  4985   000E70  6C01               	negf	___awmod@dividend^0,c
  4986   000E72  1E02               	comf	(___awmod@dividend+1)^0,f,c
  4987   000E74  B0D8               	btfsc	status,0,c
  4988   000E76  2A02               	incf	(___awmod@dividend+1)^0,f,c
  4989   000E78                     l1957:
  4990   000E78  C001  F001         	movff	___awmod@dividend,?___awmod
  4991   000E7C  C002  F002         	movff	___awmod@dividend+1,?___awmod+1
  4992   000E80  0012               	return		;funcret
  4993   000E82                     __end_of___awmod:
  4994                           	callstack 0
  4995                           
  4996 ;; *************** function ___awdiv *****************
  4997 ;; Defined at:
  4998 ;;		line 7 in file "C:\Program Files\Microchip\xc8\v3.10\pic\sources\c99\common\awdiv.c"
  4999 ;; Parameters:    Size  Location     Type
  5000 ;;  dividend        2    0[COMRAM] int 
  5001 ;;  divisor         2    2[COMRAM] int 
  5002 ;; Auto vars:     Size  Location     Type
  5003 ;;  quotient        2    6[COMRAM] int 
  5004 ;;  sign            1    5[COMRAM] unsigned char 
  5005 ;;  counter         1    4[COMRAM] unsigned char 
  5006 ;; Return value:  Size  Location     Type
  5007 ;;                  2    0[COMRAM] int 
  5008 ;; Registers used:
  5009 ;;		wreg, status,2, status,0
  5010 ;; Tracked objects:
  5011 ;;		On entry : 0/0
  5012 ;;		On exit  : 0/0
  5013 ;;		Unchanged: 0/0
  5014 ;; Data sizes:     COMRAM   BANK0   BANK1   BANK2   BANK3   BANK4   BANK5
  5015 ;;      Params:         4       0       0       0       0       0       0
  5016 ;;      Locals:         4       0       0       0       0       0       0
  5017 ;;      Temps:          0       0       0       0       0       0       0
  5018 ;;      Totals:         8       0       0       0       0       0       0
  5019 ;;Total ram usage:        8 bytes
  5020 ;; Hardware stack levels used: 1
  5021 ;; This function calls:
  5022 ;;		Nothing
  5023 ;; This function is called by:
  5024 ;;		_main
  5025 ;; This function uses a non-reentrant model
  5026 ;;
  5027                           
  5028                           	psect	text15
  5029   000D14                     __ptext15:
  5030                           	callstack 0
  5031   000D14                     ___awdiv:
  5032                           	callstack 30
  5033   000D14  6A06               	clrf	___awdiv@sign^0,c
  5034   000D16  BE04               	btfsc	(___awdiv@divisor+1)^0,7,c
  5035   000D18  EF92  F006         	goto	u1290
  5036   000D1C  EF90  F006         	goto	u1291
  5037   000D20                     u1291:
  5038   000D20  EF98  F006         	goto	l1889
  5039   000D24                     u1290:
  5040   000D24  6C03               	negf	___awdiv@divisor^0,c
  5041   000D26  1E04               	comf	(___awdiv@divisor+1)^0,f,c
  5042   000D28  B0D8               	btfsc	status,0,c
  5043   000D2A  2A04               	incf	(___awdiv@divisor+1)^0,f,c
  5044   000D2C  0E01               	movlw	1
  5045   000D2E  6E06               	movwf	___awdiv@sign^0,c
  5046   000D30                     l1889:
  5047   000D30  BE02               	btfsc	(___awdiv@dividend+1)^0,7,c
  5048   000D32  EF9F  F006         	goto	u1300
  5049   000D36  EF9D  F006         	goto	u1301
  5050   000D3A                     u1301:
  5051   000D3A  EFA5  F006         	goto	l1895
  5052   000D3E                     u1300:
  5053   000D3E  6C01               	negf	___awdiv@dividend^0,c
  5054   000D40  1E02               	comf	(___awdiv@dividend+1)^0,f,c
  5055   000D42  B0D8               	btfsc	status,0,c
  5056   000D44  2A02               	incf	(___awdiv@dividend+1)^0,f,c
  5057   000D46  0E01               	movlw	1
  5058   000D48  1A06               	xorwf	___awdiv@sign^0,f,c
  5059   000D4A                     l1895:
  5060   000D4A  6A08               	clrf	(___awdiv@quotient+1)^0,c
  5061   000D4C  0E00               	movlw	0
  5062   000D4E  6E07               	movwf	___awdiv@quotient^0,c
  5063   000D50  5003               	movf	___awdiv@divisor^0,w,c
  5064   000D52  1004               	iorwf	(___awdiv@divisor+1)^0,w,c
  5065   000D54  B4D8               	btfsc	status,2,c
  5066   000D56  EFAF  F006         	goto	u1311
  5067   000D5A  EFB1  F006         	goto	u1310
  5068   000D5E                     u1311:
  5069   000D5E  EFD9  F006         	goto	l1917
  5070   000D62                     u1310:
  5071   000D62  0E01               	movlw	1
  5072   000D64  6E05               	movwf	___awdiv@counter^0,c
  5073   000D66  EFB9  F006         	goto	l1903
  5074   000D6A                     l1901:
  5075   000D6A  90D8               	bcf	status,0,c
  5076   000D6C  3603               	rlcf	___awdiv@divisor^0,f,c
  5077   000D6E  3604               	rlcf	(___awdiv@divisor+1)^0,f,c
  5078   000D70  2A05               	incf	___awdiv@counter^0,f,c
  5079   000D72                     l1903:
  5080   000D72  AE04               	btfss	(___awdiv@divisor+1)^0,7,c
  5081   000D74  EFBE  F006         	goto	u1321
  5082   000D78  EFC0  F006         	goto	u1320
  5083   000D7C                     u1321:
  5084   000D7C  EFB5  F006         	goto	l1901
  5085   000D80                     u1320:
  5086   000D80                     l1905:
  5087   000D80  90D8               	bcf	status,0,c
  5088   000D82  3607               	rlcf	___awdiv@quotient^0,f,c
  5089   000D84  3608               	rlcf	(___awdiv@quotient+1)^0,f,c
  5090   000D86  5003               	movf	___awdiv@divisor^0,w,c
  5091   000D88  5C01               	subwf	___awdiv@dividend^0,w,c
  5092   000D8A  5004               	movf	(___awdiv@divisor+1)^0,w,c
  5093   000D8C  5802               	subwfb	(___awdiv@dividend+1)^0,w,c
  5094   000D8E  A0D8               	btfss	status,0,c
  5095   000D90  EFCC  F006         	goto	u1331
  5096   000D94  EFCE  F006         	goto	u1330
  5097   000D98                     u1331:
  5098   000D98  EFD3  F006         	goto	l1913
  5099   000D9C                     u1330:
  5100   000D9C  5003               	movf	___awdiv@divisor^0,w,c
  5101   000D9E  5E01               	subwf	___awdiv@dividend^0,f,c
  5102   000DA0  5004               	movf	(___awdiv@divisor+1)^0,w,c
  5103   000DA2  5A02               	subwfb	(___awdiv@dividend+1)^0,f,c
  5104   000DA4  8007               	bsf	___awdiv@quotient^0,0,c
  5105   000DA6                     l1913:
  5106   000DA6  90D8               	bcf	status,0,c
  5107   000DA8  3204               	rrcf	(___awdiv@divisor+1)^0,f,c
  5108   000DAA  3203               	rrcf	___awdiv@divisor^0,f,c
  5109   000DAC  2E05               	decfsz	___awdiv@counter^0,f,c
  5110   000DAE  EFC0  F006         	goto	l1905
  5111   000DB2                     l1917:
  5112   000DB2  5006               	movf	___awdiv@sign^0,w,c
  5113   000DB4  B4D8               	btfsc	status,2,c
  5114   000DB6  EFDF  F006         	goto	u1341
  5115   000DBA  EFE1  F006         	goto	u1340
  5116   000DBE                     u1341:
  5117   000DBE  EFE5  F006         	goto	l1921
  5118   000DC2                     u1340:
  5119   000DC2  6C07               	negf	___awdiv@quotient^0,c
  5120   000DC4  1E08               	comf	(___awdiv@quotient+1)^0,f,c
  5121   000DC6  B0D8               	btfsc	status,0,c
  5122   000DC8  2A08               	incf	(___awdiv@quotient+1)^0,f,c
  5123   000DCA                     l1921:
  5124   000DCA  C007  F001         	movff	___awdiv@quotient,?___awdiv
  5125   000DCE  C008  F002         	movff	___awdiv@quotient+1,?___awdiv+1
  5126   000DD2  0012               	return		;funcret
  5127   000DD4                     __end_of___awdiv:
  5128                           	callstack 0
  5129                           
  5130                           	psect	smallconst
  5131   000600                     __psmallconst:
  5132                           	callstack 0
  5133   000600  00                 	db	0
  5134   000601  00                 	db	0	; dummy byte at the end
  5135   000600                     __smallconst    set	__psmallconst
  5136   000600                     __mediumconst   set	__psmallconst
  5137   000000                     __activetblptr  equ	0
  5138                           
  5139                           	psect	rparam
  5140   000001                     ___rparam_used  equ	1
  5141   000000                     ___param_bank   equ	0
  5142   000000                     __Lparam        equ	__Lrparam
  5143   000000                     __Hparam        equ	__Hrparam
  5144                           
  5145                           	psect	idloc
  5146                           
  5147                           ;Config register IDLOC0 @ 0x200000
  5148                           ;	unspecified, using default values
  5149   200000                     	org	2097152
  5150   200000  FF                 	db	255
  5151                           
  5152                           ;Config register IDLOC1 @ 0x200001
  5153                           ;	unspecified, using default values
  5154   200001                     	org	2097153
  5155   200001  FF                 	db	255
  5156                           
  5157                           ;Config register IDLOC2 @ 0x200002
  5158                           ;	unspecified, using default values
  5159   200002                     	org	2097154
  5160   200002  FF                 	db	255
  5161                           
  5162                           ;Config register IDLOC3 @ 0x200003
  5163                           ;	unspecified, using default values
  5164   200003                     	org	2097155
  5165   200003  FF                 	db	255
  5166                           
  5167                           ;Config register IDLOC4 @ 0x200004
  5168                           ;	unspecified, using default values
  5169   200004                     	org	2097156
  5170   200004  FF                 	db	255
  5171                           
  5172                           ;Config register IDLOC5 @ 0x200005
  5173                           ;	unspecified, using default values
  5174   200005                     	org	2097157
  5175   200005  FF                 	db	255
  5176                           
  5177                           ;Config register IDLOC6 @ 0x200006
  5178                           ;	unspecified, using default values
  5179   200006                     	org	2097158
  5180   200006  FF                 	db	255
  5181                           
  5182                           ;Config register IDLOC7 @ 0x200007
  5183                           ;	unspecified, using default values
  5184   200007                     	org	2097159
  5185   200007  FF                 	db	255
  5186                           
  5187                           	psect	config
  5188                           
  5189                           ; Padding undefined space
  5190   300000                     	org	3145728
  5191   300000  FF                 	db	255
  5192                           
  5193                           ;Config register CONFIG1H @ 0x300001
  5194                           ;	unspecified, using default values
  5195                           ;	Oscillator Selection bits
  5196                           ;	OSC = 0x7, unprogrammed default
  5197                           ;	Fail-Safe Clock Monitor Enable bit
  5198                           ;	FCMEN = 0x0, unprogrammed default
  5199                           ;	Internal/External Oscillator Switchover bit
  5200                           ;	IESO = 0x0, unprogrammed default
  5201   300001                     	org	3145729
  5202   300001  07                 	db	7
  5203                           
  5204                           ;Config register CONFIG2L @ 0x300002
  5205                           ;	unspecified, using default values
  5206                           ;	Power-up Timer Enable bit
  5207                           ;	PWRT = 0x1, unprogrammed default
  5208                           ;	Brown-out Reset Enable bits
  5209                           ;	BOREN = 0x3, unprogrammed default
  5210                           ;	Brown-out Reset Voltage bits
  5211                           ;	BORV = 0x3, unprogrammed default
  5212   300002                     	org	3145730
  5213   300002  1F                 	db	31
  5214                           
  5215                           ;Config register CONFIG2H @ 0x300003
  5216                           ;	unspecified, using default values
  5217                           ;	Watchdog Timer Enable bit
  5218                           ;	WDT = 0x1, unprogrammed default
  5219                           ;	Watchdog Timer Postscale Select bits
  5220                           ;	WDTPS = 0xF, unprogrammed default
  5221   300003                     	org	3145731
  5222   300003  1F                 	db	31
  5223                           
  5224                           ; Padding undefined space
  5225   300004                     	org	3145732
  5226   300004  FF                 	db	255
  5227                           
  5228                           ;Config register CONFIG3H @ 0x300005
  5229                           ;	unspecified, using default values
  5230                           ;	PORTB A/D Enable bit
  5231                           ;	PBADEN = 0x1, unprogrammed default
  5232                           ;	Low-Power Timer 1 Oscillator Enable bit
  5233                           ;	LPT1OSC = 0x0, unprogrammed default
  5234                           ;	MCLR Pin Enable bit
  5235                           ;	MCLRE = 0x1, unprogrammed default
  5236   300005                     	org	3145733
  5237   300005  82                 	db	130
  5238                           
  5239                           ;Config register CONFIG4L @ 0x300006
  5240                           ;	unspecified, using default values
  5241                           ;	Stack Full/Underflow Reset Enable bit
  5242                           ;	STVREN = 0x1, unprogrammed default
  5243                           ;	Single-Supply ICSP Enable bit
  5244                           ;	LVP = 0x1, unprogrammed default
  5245                           ;	Boot Block Size Select bit
  5246                           ;	BBSIZ = 0x0, unprogrammed default
  5247                           ;	Extended Instruction Set Enable bit
  5248                           ;	XINST = 0x0, unprogrammed default
  5249                           ;	Background Debugger Enable bit
  5250                           ;	DEBUG = 0x1, unprogrammed default
  5251   300006                     	org	3145734
  5252   300006  85                 	db	133
  5253                           
  5254                           ; Padding undefined space
  5255   300007                     	org	3145735
  5256   300007  FF                 	db	255
  5257                           
  5258                           ;Config register CONFIG5L @ 0x300008
  5259                           ;	unspecified, using default values
  5260                           ;	Code Protection bit
  5261                           ;	CP0 = 0x1, unprogrammed default
  5262                           ;	Code Protection bit
  5263                           ;	CP1 = 0x1, unprogrammed default
  5264                           ;	Code Protection bit
  5265                           ;	CP2 = 0x1, unprogrammed default
  5266                           ;	Code Protection bit
  5267                           ;	CP3 = 0x1, unprogrammed default
  5268   300008                     	org	3145736
  5269   300008  0F                 	db	15
  5270                           
  5271                           ;Config register CONFIG5H @ 0x300009
  5272                           ;	unspecified, using default values
  5273                           ;	Boot Block Code Protection bit
  5274                           ;	CPB = 0x1, unprogrammed default
  5275                           ;	Data EEPROM Code Protection bit
  5276                           ;	CPD = 0x1, unprogrammed default
  5277   300009                     	org	3145737
  5278   300009  C0                 	db	192
  5279                           
  5280                           ;Config register CONFIG6L @ 0x30000A
  5281                           ;	unspecified, using default values
  5282                           ;	Write Protection bit
  5283                           ;	WRT0 = 0x1, unprogrammed default
  5284                           ;	Write Protection bit
  5285                           ;	WRT1 = 0x1, unprogrammed default
  5286                           ;	Write Protection bit
  5287                           ;	WRT2 = 0x1, unprogrammed default
  5288                           ;	Write Protection bit
  5289                           ;	WRT3 = 0x1, unprogrammed default
  5290   30000A                     	org	3145738
  5291   30000A  0F                 	db	15
  5292                           
  5293                           ;Config register CONFIG6H @ 0x30000B
  5294                           ;	unspecified, using default values
  5295                           ;	Configuration Register Write Protection bit
  5296                           ;	WRTC = 0x1, unprogrammed default
  5297                           ;	Boot Block Write Protection bit
  5298                           ;	WRTB = 0x1, unprogrammed default
  5299                           ;	Data EEPROM Write Protection bit
  5300                           ;	WRTD = 0x1, unprogrammed default
  5301   30000B                     	org	3145739
  5302   30000B  E0                 	db	224
  5303                           
  5304                           ;Config register CONFIG7L @ 0x30000C
  5305                           ;	unspecified, using default values
  5306                           ;	Table Read Protection bit
  5307                           ;	EBTR0 = 0x1, unprogrammed default
  5308                           ;	Table Read Protection bit
  5309                           ;	EBTR1 = 0x1, unprogrammed default
  5310                           ;	Table Read Protection bit
  5311                           ;	EBTR2 = 0x1, unprogrammed default
  5312                           ;	Table Read Protection bit
  5313                           ;	EBTR3 = 0x1, unprogrammed default
  5314   30000C                     	org	3145740
  5315   30000C  0F                 	db	15
  5316                           
  5317                           ;Config register CONFIG7H @ 0x30000D
  5318                           ;	unspecified, using default values
  5319                           ;	Boot Block Table Read Protection bit
  5320                           ;	EBTRB = 0x1, unprogrammed default
  5321   30000D                     	org	3145741
  5322   30000D  40                 	db	64
  5323                           tosu	equ	0xFFF
  5324                           tosh	equ	0xFFE
  5325                           tosl	equ	0xFFD
  5326                           stkptr	equ	0xFFC
  5327                           pclatu	equ	0xFFB
  5328                           pclath	equ	0xFFA
  5329                           pcl	equ	0xFF9
  5330                           tblptru	equ	0xFF8
  5331                           tblptrh	equ	0xFF7
  5332                           tblptrl	equ	0xFF6
  5333                           tablat	equ	0xFF5
  5334                           prodh	equ	0xFF4
  5335                           prodl	equ	0xFF3
  5336                           indf0	equ	0xFEF
  5337                           postinc0	equ	0xFEE
  5338                           postdec0	equ	0xFED
  5339                           preinc0	equ	0xFEC
  5340                           plusw0	equ	0xFEB
  5341                           fsr0h	equ	0xFEA
  5342                           fsr0l	equ	0xFE9
  5343                           wreg	equ	0xFE8
  5344                           indf1	equ	0xFE7
  5345                           postinc1	equ	0xFE6
  5346                           postdec1	equ	0xFE5
  5347                           preinc1	equ	0xFE4
  5348                           plusw1	equ	0xFE3
  5349                           fsr1h	equ	0xFE2
  5350                           fsr1l	equ	0xFE1
  5351                           bsr	equ	0xFE0
  5352                           indf2	equ	0xFDF
  5353                           postinc2	equ	0xFDE
  5354                           postdec2	equ	0xFDD
  5355                           preinc2	equ	0xFDC
  5356                           plusw2	equ	0xFDB
  5357                           fsr2h	equ	0xFDA
  5358                           fsr2l	equ	0xFD9
  5359                           status	equ	0xFD8

Data Sizes:
    Strings     0
    Constant    0
    Data        49
    BSS         20
    Persistent  0
    Stack       0

Auto Spaces:
    Space          Size  Autos    Used
    COMRAM           95     84      94
    BANK0           160      0      59
    BANK1           256      0       0
    BANK2           256      0       0
    BANK3           256      0       0
    BANK4           256      0       0
    BANK5           256      0       0

Pointer List with Targets:

    can_transmit@data	PTR const unsigned char  size(1) Largest target is 2
		 -> main@buff(COMRAM[2]), main@gear(COMRAM[1]), 

    can_transmit@ptr	PTR unsigned char  size(2) Largest target is 1
		 -> TXB0D0(SFR_2[1]), 


Critical Paths under _main in COMRAM

    _main->_get_speed
    _get_speed->___fltol
    ___fltol->___fldiv
    ___fldiv->___xxtofl
    _get_gear_pos->_read_digital_keypad
    _can_transmit->_set_msg_id_std

Critical Paths under _main in BANK0

    None.

Critical Paths under _main in BANK1

    None.

Critical Paths under _main in BANK2

    None.

Critical Paths under _main in BANK3

    None.

Critical Paths under _main in BANK4

    None.

Critical Paths under _main in BANK5

    None.

Call Graph Tables:

 ---------------------------------------------------------------------------------
 (Depth) Function   	        Calls       Base Space   Used Autos Params    Refs
 ---------------------------------------------------------------------------------
 (0) _main                                                33    33      0    2818
                                             51 COMRAM    33    33      0
                            ___awdiv
                            ___awmod
                       _can_transmit
                       _get_gear_pos
                          _get_speed
                        _init_config
 ---------------------------------------------------------------------------------
 (1) _init_config                                          0     0      0       0
                           _init_adc
                           _init_can
                _init_digital_keypad
 ---------------------------------------------------------------------------------
 (2) _init_digital_keypad                                  0     0      0       0
 ---------------------------------------------------------------------------------
 (2) _init_can                                             0     0      0       0
 ---------------------------------------------------------------------------------
 (2) _init_adc                                             0     0      0       0
 ---------------------------------------------------------------------------------
 (1) _get_speed                                            2     0      2    1742
                                             49 COMRAM     2     0      2
                            ___fldiv
                            ___fltol
                           ___xxtofl
                           _read_adc
 ---------------------------------------------------------------------------------
 (2) _read_adc                                             7     5      2      52
                                              0 COMRAM     7     5      2
 ---------------------------------------------------------------------------------
 (2) ___xxtofl                                            14    10      4     337
                                              0 COMRAM    14    10      4
 ---------------------------------------------------------------------------------
 (2) ___fltol                                             10     6      4     230
                                             39 COMRAM    10     6      4
                            ___fldiv (ARG)
                           ___xxtofl (ARG)
 ---------------------------------------------------------------------------------
 (2) ___fldiv                                             25    17      8    1123
                                             14 COMRAM    25    17      8
                           ___xxtofl (ARG)
 ---------------------------------------------------------------------------------
 (1) _get_gear_pos                                         0     0      0      58
                _read_digital_keypad
 ---------------------------------------------------------------------------------
 (2) _read_digital_keypad                                  1     1      0      58
                                              0 COMRAM     1     1      0
 ---------------------------------------------------------------------------------
 (1) _can_transmit                                        11     7      4     230
                                              4 COMRAM    11     7      4
                     _set_msg_id_std
 ---------------------------------------------------------------------------------
 (2) _set_msg_id_std                                       4     2      2      45
                                              0 COMRAM     4     2      2
 ---------------------------------------------------------------------------------
 (1) ___awmod                                              6     2      4     298
                                              0 COMRAM     6     2      4
 ---------------------------------------------------------------------------------
 (1) ___awdiv                                              8     4      4     302
                                              0 COMRAM     8     4      4
 ---------------------------------------------------------------------------------
 Estimated maximum stack depth 2
 ---------------------------------------------------------------------------------

 Call Graph Graphs:

 _main (ROOT)
   ___awdiv
   ___awmod
   _can_transmit
     _set_msg_id_std
   _get_gear_pos
     _read_digital_keypad
   _get_speed
     ___fldiv
       ___xxtofl (ARG)
     ___fltol
       ___fldiv (ARG)
       ___xxtofl (ARG)
     ___xxtofl
     _read_adc
   _init_config
     _init_adc
     _init_can
     _init_digital_keypad

Address spaces:
Name               Size   Autos  Total    Usage
BIGRAM            1535      0       0      0.0%
BITBIGSFRllh       410      0       0      0.0%
BITBANK5           256      0       0      0.0%
BANK5              256      0       0      0.0%
BITBANK4           256      0       0      0.0%
BANK4              256      0       0      0.0%
BITBANK3           256      0       0      0.0%
BANK3              256      0       0      0.0%
BITBANK2           256      0       0      0.0%
BANK2              256      0       0      0.0%
BITBANK1           256      0       0      0.0%
BANK1              256      0       0      0.0%
BITBIGSFRlll       212      0       0      0.0%
BITBANK0           160      0       0      0.0%
BANK0              160      0      59     36.9%
BITCOMRAM           95      0       0      0.0%
COMRAM              95     84      94     98.9%
BITBIGSFRh          82      0       0      0.0%
BITBIGSFRlh         61      0       0      0.0%
STACK                0      0       0      0.0%
DATA                 0      0     153      0.0%


Microchip Technology PIC18 Macro Assembler V3.10 build 20250813170317 
Symbol Table                                                                                   Sun Apr 19 12:46:21 2026

                     ___fldiv@aexp 0027                       ___fldiv@bexp 0026  
                     ___fldiv@sign 001F                                 l15 11A6  
                               l90 10F2                                 l91 1110  
                               l97 114C                                 _GO 7E11  
                     ___awdiv@sign 0006                                l102 0FD0  
                              l103 0FD4                                l220 0EF4  
                              l213 11AE                                l150 10D4  
                              l144 1198                                l147 10A8  
                              l243 103E                                l253 0F66  
                              l248 0F64                                l610 0E80  
                              l663 0C48                                l597 0DD2  
                              l950 07F4                                l960 0858  
                              l961 08B0                                l953 07B8  
                              l962 089E                                l948 098E  
                              l959 083A                                u800 0EB8  
                              u801 0EB4                                u810 0ED6  
                              u811 0ED2                                u820 0EEE  
                              u900 0720                                u821 0EEA  
                              u901 071C                                u910 0794  
                              u830 061C                                u750 10F2  
                              u911 0790                                u831 0618  
                              u751 10EE                                u920 07B6  
                              u840 062E                                u921 07B2  
                              u841 062A                                u930 07E0  
                              u850 063E                                u770 10B6  
                              u931 07DC                                u851 063A  
                              u771 10B2                                u780 0E94  
                              u940 0804                                u860 0680  
                              u765 111E                                u781 0E90  
                              u941 0800                                u861 067C  
                              u790 0EA8                                u950 081A  
                              u870 0692                                u791 0EA4  
                              u951 0816                                u871 068E  
                              u960 0838                                u880 06A2  
                              u961 0834                                u881 069E  
                              _RX9 7D5E                                u970 0858  
                              u890 06E0                                u971 0854  
                              u891 06DC                                u980 0868  
                              u981 0864                                u990 0896  
                              u991 0892                                _TX9 7D66  
                              _arr 0060                                _len 005D  
                              _key 005B                       ___awmod@sign 0006  
                              wreg 0FE8                     ??_get_gear_pos 0002  
                     ___fltol@exp1 0031                               l1021 09E6  
                             l1024 0B42                               l1035 0ADA  
                             l1028 0A7E              ??_read_digital_keypad 0001  
                             l1603 0EF2                               l1611 061C  
                             l1701 084A                               l1621 0650  
                             l1613 061E                               l1541 117E  
                             l1711 08CC                               l1703 0868  
                             l1631 0680                               l1615 062E  
                             l1623 0656                               l1607 0602  
                             l1551 10E0                               l1543 11A8  
                             l1721 0938                               l1713 08DA  
                             l1705 0896                               l1641 06B4  
                             l1633 0682                               l1625 0666  
                             l1617 063E                               l1609 060E  
                             l1801 0A28                               l1561 110A  
                             l1553 10F4                               l1545 10D6  
                             l1731 097C                               l1723 0952  
                             l1715 0904                               l1651 06F8  
                             l1635 0692                               l1643 06BA  
                             l1627 066C                               l1619 064E  
                             l1811 0AB0                               l1803 0A34  
                             l1571 10A6                               l1563 110C  
                             l1555 1100                               l1547 10DA  
                             l1901 0D6A                               l1581 0E94  
                             l1733 0982                               l1725 0968  
                             l1709 08C0                               l1717 0908  
                             l1661 0720                               l1653 06FC  
                             l1645 06CA                               l1637 06A2  
                             l1629 0672                               l1821 0AEE  
                             l1813 0ABC                               l1805 0A66  
                             l1573 10B6                               l1565 110E  
                             l1557 1104                               l1549 10DE  
                             l1911 0DA4                               l1903 0D72  
                             l1567 1112                               l1583 0EA8  
                             l1735 0984                               l1727 096A  
                             l1719 0922                               l1671 076E  
                             l1647 06E0                               l1639 06B2  
                             l1751 0B98                               l1743 0B44  
                             l1823 0B12                               l1815 0ACA  
                             l1807 0A68                               l1575 10CC  
                             l1559 1108                               l1921 0DCA  
                             l1913 0DA6                               l1905 0D80  
                             l1585 0EB8                               l1593 0EC2  
                             l1729 096E                               l1681 07B6  
                             l1673 077E                               l1665 0734  
                             l1649 06F0                               l1657 0710  
                             l1753 0B9A                               l1745 0B5A  
                             l1825 0B22                               l1817 0AE8  
                             l1809 0A74                               l1569 1092  
                             l1841 1036                               l1833 119A  
                             l1915 0DAC                               l1907 0D86  
                             l1931 0DEC                               l1851 0F7E  
                             l1595 0ED6                               l1587 0EBA  
                             l1579 0E84                               l1691 0804  
                             l1683 07C2                               l1675 0784  
                             l1667 074E                               l1659 0720  
                             l1755 0BAA                               l1827 0B30  
                             l1819 0AEA                               l1835 119E  
                             l1909 0D9C                               l1917 0DB2  
                             l1941 0E20                               l1933 0DF0  
                             l1925 0DD4                               l1853 0F86  
                             l1845 0F68                               l1597 0EDE  
                             l1861 0EF6                               l1693 081A  
                             l1685 07E0                               l1677 0794  
                             l1669 075E                               l1781 0C28  
                             l1765 0BD4                               l1757 0BAE  
                             l1749 0B6E                               l1829 0B32  
                             l1837 11A2                               l1919 0DC2  
                             l1951 0E5A                               l1943 0E28  
                             l1935 0DFE                               l1927 0DD6  
                             l1855 0F90                               l1847 0F6E  
                             l1871 0F38                               l1863 0EFE  
                             l1695 0820                               l1687 07E2  
                             l1679 07A8                               l1783 0C38  
                             l1775 0BFC                               l1767 0BDE  
                             l1759 0BBC                               l1791 09B0  
                             l1839 0FD6                               l1881 0D14  
                             l1945 0E36                               l1953 0E60  
                             l1937 0E06                               l1929 0DE4  
                             l1857 0FA8                               l1849 0F7A  
                             l1873 0F48                               l1865 0F10  
                             l1697 082A                               l1689 07F2  
                             l1777 0C08                               l1769 0BE8  
                             l1793 09F6                               l1961 0C4A  
                             l1891 0D3E                               l1883 0D16  
                             l1955 0E70                               l1947 0E4C  
                             l1939 0E18                               l1859 0FAC  
                             l1875 0F4E                               l1867 0F20  
                             l1699 0838                               l1779 0C18  
                             l1795 0A0C                               l1787 0992  
                             l1971 0C9C                               l1963 0C5C  
                             l1893 0D46                               l1885 0D24  
                             l1957 0E78                               l1949 0E54  
                             l1877 0F60                               l1869 0F26  
                             l1789 09A2                               l1981 0CD8  
                             l1973 0C9E                               l1965 0C60  
                             l1895 0D4A                               l1887 0D2C  
                             l1799 0A20                               l1983 0CEA  
                             l1975 0CB0                               l1967 0C6C  
                             l1897 0D50                               l1889 0D30  
                             l1985 0CF2                               l1977 0CB8  
                             l1969 0C84                               l1899 0D62  
                             l1979 0CD2                               _ADFM 7E07  
                             _ADON 7E10                               _BRGH 7D62  
                             u1000 08AC                               _CREN 7D5C  
                             u1001 08A8                               u1010 08C0  
                             u1011 08BC                               u1020 08DA  
                             u1100 0BF8                               u1021 08D6  
                             u1101 0BF4                               u1030 0922  
                             u1110 0C18                               u1031 091E  
                             u1111 0C14                               u1040 0952  
                             u1120 0C28                               u1200 0AE8  
                             u1041 094E                               u1121 0C24  
                             u1201 0AE4                               u1050 097C  
                             u1210 0B22                               u1130 09A2  
                             u1051 0978                               u1211 0B1E  
                             u1131 099E                               u1300 0D3E  
                             u1060 0B5A                               u1220 0B30  
                             u1140 09B0                               u1301 0D3A  
                             u1061 0B56                               u1221 0B2C  
                             u1141 09AC                               u1310 0D62  
                             u1230 0FD0                               u1070 0B8E  
                             u1150 0A0C                               u1311 0D5E  
                             u1231 0FCC                               u1151 0A08  
                             u1320 0D80                               u1400 0E70  
                             u1240 0F10                               u1080 0BBC  
                             u1160 0A62                               u1321 0D7C  
                             u1401 0E6C                               u1241 0F0C  
                             u1081 0BB8                               u1161 0A5E  
                             u1330 0D9C                               u1250 0F20  
                             u1090 0BD0                               u1170 0AAC  
                             u1331 0D98                               u1251 0F1C  
                             u1091 0BCC                               u1075 0B84  
                             u1171 0AA8                               u1411 0C54  
                             u1340 0DC2                               u1260 0F38  
                             u1180 0ACA                               u1420 0CD2  
                             u1341 0DBE                               u1261 0F34  
                             u1181 0AC6                               u1421 0CCE  
                             u1350 0DE4                               u1270 0F48  
                             u1190 0ADA                               u1430 0D0C  
                             u1351 0DE0                               u1271 0F44  
                             u1191 0AD6                               u1431 0D08  
                             u1360 0DFE                               u1280 0F60  
                             u1361 0DFA                               u1281 0F5C  
                             u1290 0D24                               u1370 0E18  
                             u1291 0D20                               u1371 0E14  
                             u1380 0E36                               u1381 0E32  
                             u1390 0E4C                               u1391 0E48  
                             _RCIF 7CF5                               _SPEN 7D5F  
                             _TXEN 7D65                               _TXIF 7CF4  
                             _SYNC 7D64                               _data 0090  
                             _buff 0098                        main@wait_69 004E  
                             _main 0C4A                               fsr2h 0FDA  
                             indf1 0FE7                               indf2 0FDF  
                             fsr1l 0FE1                               fsr2l 0FD9  
                             start 2FFC                    ___fldiv@new_exp 0020  
                     ___param_bank 0000                      ___fltol@sign1 0030  
                            _ADCS0 7E00                              _ADCS1 7E01  
                            _ADCS2 7E02                              ?_main 0001  
                  __end_of___fldiv 0990                              _ACQT0 7E03  
                            _ACQT1 7E04                              _ACQT2 7E05  
                  __end_of___awdiv 0DD4                              _BRG16 7DC3  
                  __end_of___awmod 0E82                    __end_of___fltol 0C4A  
                  ___awdiv@divisor 0003                       ?_init_config 0001  
                  ___awdiv@counter 0005                              _VCFG0 7E0C  
                            _VCFG1 7E0D                              _RCREG 0FAE  
                            _SENDB 7D63                              _SPBRG 0FAF  
                            _PORTC 0F82                              _TRISC 0F94  
                            _TXREG 0FAD                              _speed 0055  
                            tablat 0FF5                              plusw1 0FE3  
                            plusw2 0FDB                              status 0FD8  
                  __initialization 1040                       __end_of_main 0D14  
                           ??_main 0034                      __activetblptr 0000  
                           _ADCON0 0FC2                             _CANCON 0F6F  
                           _ADRESH 0FC4                             _ADRESL 0FC3  
                 ___awdiv@dividend 0001                             _GODONE 7E11  
                           _RXB0D0 0F66                             _RXB0IF 7D20  
                           _TXB0D0 0F46                             _TRISB2 7C9A  
                           _TRISB3 7C9B                             _TRISC6 7CA6  
                           _TRISC7 7CA7                   __end_of___xxtofl 0B44  
      __end_of_init_digital_keypad 11B0                          ??___fldiv 0017  
                        ??___awdiv 0005                          ??___awmod 0005  
                        ??___fltol 002C                      can_transmit@i 000E  
             __end_of_get_gear_pos 0F68                   __end_of_init_adc 119A  
                 __end_of_init_can 1112                   __end_of_read_adc 10D6  
                           clear_0 1078                             clear_1 1084  
                           _msg_id 0059                   ___awdiv@quotient 0007  
                  ___awmod@divisor 0003                             isa$std 0001  
                  ___awmod@counter 0005                       __pdataCOMRAM 005E  
                     __mediumconst 0600                             tblptrh 0FF7  
                           tblptrl 0FF6                             tblptru 0FF8  
                     _can_transmit 0F68                       ___xxtofl@arg 000B  
                     ___xxtofl@exp 000A                       ___xxtofl@val 0001  
                       __accesstop 0060            __end_of__initialization 108A  
                    ___rparam_used 0001                         ___fltol@f1 0028  
                   __pcstackCOMRAM 0001                       __pidataBANK0 114E  
                 set_msg_id_std@id 0001                         __pbssBANK0 0090  
                       _gear_index 005C                            _ECANCON 0F77  
                          _CANSTAT 0F6E                            _BRGCON1 0F70  
                          _BRGCON2 0F71                            _BRGCON3 0F72  
      __end_of_read_digital_keypad 0EF6                          ?___xxtofl 0001  
                          _RXB0DLC 0F65                            _RXB0CON 0F60  
                          _RXB0FUL 7B07                            _TXB0DLC 0F45  
                          _TXB0REQ 7A03                            _RXFCON0 0DD4  
                        ?_init_adc 0001                          ?_init_can 0001  
                        ?_read_adc 0001                            __Hparam 0000  
                          __Lparam 0000                  __end_of_get_speed 1040  
                          ___fldiv 0602                            ___awdiv 0D14  
                          ___awmod 0DD4                            ___fltol 0B44  
                     __psmallconst 0600                            __pcinit 1040  
                          __ramtop 0600                            __ptext0 0C4A  
                          __ptext1 119A                            __ptext2 11A8  
                          __ptext3 10D6                            __ptext4 117E  
                          __ptext5 0FD6                            __ptext6 1090  
                          __ptext7 0990                            __ptext8 0B44  
                          __ptext9 0602                         ??___xxtofl 0005  
                 ___awmod@dividend 0001                            main@arr 0034  
             end_of_initialization 108A                       _get_gear_pos 0EF6  
                       ??_init_adc 0001                         ??_init_can 0001  
                       ??_read_adc 0003                            postdec1 0FE5  
                          postinc0 0FEE                         main@F10511 0078  
                  read_adc@channel 0007                      ___xxtofl@sign 0009  
                  read_adc@reg_val 0005                        ___fldiv@grs 0022  
                      ___fldiv@rem 001B                     _set_msg_id_std 1112  
                    __pidataCOMRAM 3000                start_initialization 1040  
           __end_of_set_msg_id_std 114E                        __pdataBANK0 0060  
                    ??_init_config 0001                          ___fldiv@a 0013  
                        ___fldiv@b 000F                        __pbssCOMRAM 0055  
                        _adc_value 0057                    ?_set_msg_id_std 0001  
                         ?___fldiv 000F                           ?___awdiv 0001  
                         ?___awmod 0001                   can_transmit@data 0007  
                         ?___fltol 0028                          _get_speed 0FD6  
                      __smallconst 0600                 can_transmit@msg_id 0005  
              __end_of_init_config 11A8                           _RXB0SIDH 0F61  
                         _RXB0SIDL 0F62                           _TXB0EIDH 0F43  
                         _TXB0EIDL 0F44                           _TXB0SIDH 0F41  
                         _TXB0SIDL 0F42                         ?_get_speed 0032  
read_digital_keypad@detection_type 0001                          main@speed 0051  
                    ?_can_transmit 0005                          copy_data0 1054  
              _init_digital_keypad 11A8                           __Hrparam 0000  
                         __Lrparam 0000               ?_init_digital_keypad 0001  
                      _init_config 119A                           ___xxtofl 0990  
                   ??_can_transmit 0009                           __ptext10 0EF6  
                         __ptext11 0E82                           __ptext12 0F68  
                         __ptext13 1112                           __ptext14 0DD4  
                         __ptext15 0D14                    can_transmit@len 0008  
                  can_transmit@ptr 000C                           _init_adc 117E  
                         _init_can 10D6                           _read_adc 1090  
          read_digital_keypad@once 005E                           isa$xinst 0000  
            ??_init_digital_keypad 0001                           main@gear 0050  
                         main@buff 0053                           main@wait 004C  
                      ??_get_speed 0034                        _RXB0CONbits 0F60  
                 ??_set_msg_id_std 0003                _read_digital_keypad 0E82  
                    ?_get_gear_pos 0001               ?_read_digital_keypad 0001  
             __end_of_can_transmit 0FD6  
